Name,Date,Rating,Total Reviews,Category,Address,Phone,Website,Plus Code,Hours,Status,Offer,Bad Website,email,website_content
Petiquette Boutique and Spa,2026-09-22,4.4,4.4 stars,Pet groomer,"501 Congress St, Boston, MA 02210, United States",+1 857-305-3925,http://www.petiquetteboutiqueandspa.com/,"8XX5+94 Boston, Massachusetts, USA",,added,False,False,jennifer@petiquettesouthboston.com,"Skip to content

Petiquette Pooch Concierge 
Petiquette Boutique & Spa

(857) 305-3925

0

Search
Close
 BOOK NOW
Home Boutique & Spa Dog Walking, Cat Care, and More About Us Client Testimonials Resources Contact Bookings
×
Home
Boutique & Spa
Dog Walking, Cat Care, and More
About Us
Client Testimonials
Resources
Contact
Bookings

Petiquette

Boston’s No.1 Concierge

Pet Service Provider

Let us cater to all your furry friends' needs, including grooming, group walks, individual walks, play sessions, overnight stays, cat visits, cat care, and much more.

 SCHEDULE AN APPOINTMENT

Mon - Fri: 10:00 AM - 6:00 PM | Business Hours Are for Our Store Located at 501 Congress Street ONLY.

501 Congress St.
Boston, Massachusetts 02110

Join Our Pack!

Looking for pet care while you're away or wanting to treat your furry friend to a luxury spa bath or a fresh haircut? Look no further!

Pooch Concierge & Petiquette Boutique & Spa is your top destination for comprehensive pet services in Boston, Massachusetts.

Serving pet owners and their beloved pets in Boston since 2010, we understand the demands of modern life. Reach out to us and leave the rest to us.

Book Our Services
Deluxe Bath
SELECT OPTIONS
Full Groom
SELECT OPTIONS
Cat Bath and Brush-Out
SELECT OPTIONS
What We Offer

We offer a comprehensive array of services all under one roof to provide you with a safe, convenient, and hassle-free pet care experience. We are a full service concierge service that offers walking services, pet boarding, pet grooming, medication administration and other services that will meet your everyday pet care requirements.

From standard dog walking to full grooming, ear cleaning, and more, our professionally trained pet care staff is here to attend to your fur babies. Transportation for exsisting Petiquette Pooch Confierge clients is included at no charge. Outside of the Seaport, there will be a minimal charge for transportation.

Why Choose Us

We're here to rescue your time and give you the zen to kick back and enjoy life's adventures. Your furry pals are our VIPs, getting the royal treatment and top-notch care.

With our straightforward pricing and all-inclusive services, we keep things simple. Only the finest for your pets—all products are made in the USA.

 LEARN MORE
Mailing List
 SUBSCRIBE!

Petiquette Pooch Concierge
Petiquette Boutique & Spa

501 Congress St.
Boston, Massachusetts 02110

(857) 305-3925

jennifer@petiquettesouthboston.com

Mon - Fri: 10:00 AM - 6:00 PM
Business Hours Are for Our Store Located at
501 Congress Street ONLY.

Home
Boutique & Spa
Dog Walking, Cat Care, and More
About Us
Client Testimonials
Resources
Contact
Bookings
Terms of Service

Book Now

Call

eMail

© 2026, Petiquette Pooch Concierge & Petiquette Boutique & Spa. All Rights Reserved.

×
Home
Boutique & Spa
Dog Walking, Cat Care, and More
About Us
Client Testimonials
Resources
Contact
Bookings"
ONYVA,2026-09-22,4.4,4.4 stars,Pet groomer,"171 Newbury St, Boston, MA 02116, United States",+1 617-236-4772,https://onyvadogspa.com/,"9W2C+78 Boston, Massachusetts, USA",,added,False,False,,"Join the Onyva Team — We’re Hiring! Explore exciting opportunities at our Boston and Tampa locations. Discover what it’s like to be part of a growing team that’s passionate about pets.

Boston Openings:

Dog Stylist/Groomer

Tampa Openings:

Dog Stylist
About
Locations
Careers
Contact
Login
Register
Franchise Opportunities
Delightfully Different
Dog Grooming

Book Now 

Schedule an appointment to visit your Onyva today.

Boston, MA

Visit our flagship store on Newbury Street in Back Bay, Boston.

Tampa, FL

Now open in South Tampa!

Want to run your own franchise?

At Onyva, we offer elevated, efficient, ethical dog grooming for pets and their people. Our pet professionals will make getting your dog groomed the most delightful part of your day.

While you wait, there are treats for humans: coffee, tea, wifi, a curated selection of natural products for you and your pet, and a rotating exhibit of local art. Come, sit, stay!

Onyva Services
The Onyva Bath

A deluxe bath using exclusive products designed for your dog’s unique skin and coat. In addition to bath and blow dry, this service includes trimming nails, paws, eye and sanitary area*, and cleaning teeth and ears.

Add-ons

Full Head Trim
Profile Trip
De-matting
Undercoat Removal
Book Appointment
Book With Full-Body Clip / Trim
The Delightful Bath

A complete bath and blow-dry using exclusive products designed for your dog’s unique skin and coat.

Add-ons

Ear Cleaning
Dental Cleaning
Eye Area Cleanup
Nail Trim/Grinding
Sanitary Trim
De-matting
Undercoat Removal
Book Appointment
Book With Full-Body Clip / Trim
Brush & Go

An enjoyable complete brush and designer dry shampoo designed for weekly or bi-weekly maintenance.

Add-ons

Ear Cleaning
Dental Cleaning
Eye Area Cleanup
Nail Trim/Grinding
Sanitary Trim
De-matting
Undercoat Removal
Book Appointment

*Sanitary trims are done according to breed standards. Double and triple coated breeds receive minimal trimming unless there is a sanitary problem or a specific request.
*For full-body trims, we use tools and techniques based on specific breed.

Custom Care Plans
Explore the benefits that come with being part of our community.

Tier 1

Onyva Essentials

From teeth to tail, everything your pup needs to maintain a healthy skin & coat for one convenient low monthly price.  Everything!

Sign Up

Tier 2

Onyva Enhanced

For the pet parent who wants just a little bit more.  More baths, more clipping, more brushing…  All for one convenient low monthly price.  Everything plus more!

Sign Up
A Dog Grooming Experience Like No Other.
@onyvaclean

Here’s to the women who bring strength, kindness,...

 10  0
Open post by onyvaclean with ID 17965015901853070

Here’s to the women who bring strength, kindness, ...

 10  0

Just like us, a dog`s skin is its largest organ! ...

 8  0
Open post by onyvaclean with ID 18033437735290876

Just like us, a dog`s skin is its largest organ!  ...

 8  0

Does your dog love Onyva as much as Zuko does? ...

 21  3
Open post by onyvaclean with ID 18048384881256813

Does your dog love Onyva as much as Zuko does?  ...

 21  3

Happy Valentine`s Day from the Onyva team. May...

 16  2
Open post by onyvaclean with ID 18033062822620920

Happy Valentine`s Day from the Onyva team. May ...

 16  2

For this upcoming Valentine’s Day, treat your pup...

 16  4
Open post by onyvaclean with ID 18055650680477296

For this upcoming Valentine’s Day, treat your pup ...

 16  4

There’s something truly special about dog...

 10  0
Open post by onyvaclean with ID 18075293134671198

There’s something truly special about dog ...

 10  0

Turning Luna into her delightfully different self...

 18  1
Open post by onyvaclean with ID 18070337857815012

Turning Luna into her delightfully different self ...

 18  1

Don’t forget to book regular, breed-appropriate...

 6  1
Open post by onyvaclean with ID 17864141577328918

Don’t forget to book regular, breed-appropriate ...

 6  1
About
Locations
Careers
Contact
Franchise Opportunities
Policies
Newsletter Signup
Submit"
D'Tails Pet Boutique,2026-09-22,4.6,4.6 stars,Pet groomer,"73 Berkeley St, Boston, MA 02116, United States",+1 857-263-7921,http://www.dtailspetboutique.com/#welcome,"8WWH+PP Boston, Massachusetts, USA",,added,False,False,dtailspetboutique@gmail.com,"HOME SERVICES FRIENDS OF D'TAILS





WELCOME TO D'TAILS!

Welcome to Boston's South End's premier pet store! We opened our doors in July of 2011 and have loved serving South End pets and their owners ever since. Voted Best of Boston in July of 2024, our store and staff are friendly and inviting. Pets are family, and at D'Tails we consider you and your pet part of our family. 

Berkeley Street

VOTED BEST OF BOSTON 2024

@DTAILSPETBOUTIQUE
View fullsize
View fullsize
View fullsize
View fullsize
View fullsize
View fullsize
View fullsize
View fullsize
View fullsize
View fullsize
STORE HOURS

Monday-Friday: 7:00am - 7:00pm
Saturday: CLOSED
Sunday: CLOSED

Located in the heart of Boston’s historic South End, you can count on D’Tails Pet Boutique to be your pup’s home away from home! With top-quality Dog Grooming and Daycare, our team ensures every pup is cared for, loved, and having fun. Whether they’re being pampered with a groom or spending the day playing with friends in daycare, you can count on a safe, positive, and tail-wagging experience. We’re a dedicated, local crew who truly love what we do, and every dog that visits receives not only exceptional care but also a complimentary treat!

View fullsize
BERKELEY STREET

73 Berkeley Street, Boston MA
(857) 263-7921

Keyboard shortcuts
Map data ©2026 Google
Terms
TOP
CONTACT US

call us! 857-263-7921

text us! 857-847-3647

email: dtailspetboutique@gmail.com

instagram: @dtailspetboutique

Monday - Friday: 7 am - 7 pm

Saturday & Sunday: closed

© D'Tails Pet Boutique

73 Berkeley Street, Boston MA - (857) 263-7921

Website by Salty Anchor Design"
Red Dog Pet Resort & Spa Boston,2026-09-22,4.6,4.6 stars,Dog day care center,"274 Southampton St, Boston, MA 02118, United States",+1 617-427-2220,https://reddogpetresort.com/boston/,"8WJP+GG Boston, Massachusetts, USA",,added,False,False,blueash@reddogpetresort.com,"BOOK WITH OUR FREE CONCIERGE  |  (617) 830-8558
 
SERVICES
LOCATIONS
WHY RED DOG
CURRENT OFFERS
BOOK NOW
BOSTON
BOOK NOWOUR RATES

YOUR PREMIER PET CARE PROVIDER THROUGHOUT THE BOSTON, MASSACHUSETTS AREA.

Red Dog Boston is a five-star pet resort, conveniently located off of 93 South near South Boston & Dorchester. With our trusted on-site veterinary partners, Boston Animal Hospital, just steps away, you can feel confident your pup is safe, happy, and well cared for. Boston offers spacious Overnight Accommodations, Doggie Daycare, full-service Salon & Spa, and a state-of-the-art Aquatics Center. Our Care Team is here 24/7, so your pet receives our high-quality care around the clock.


OVERNIGHT ACCOMMODATIONS

DAYCARE

DAY STAY

PUPPY PLAYCARE

GROOMING

AQUATICS
BOOK NOW
DOGGIE DAYCARE AS LOW AS $26/DAY WITH OUR DOGGIE DAYCARE MONTHLY MEMBERSHIPS!

See details below

phone: 617-427-2220
email: boston@reddogpetresort.com

12 + 12 = 

SUBMIT
HOURS OF OPERATION

Monday-Friday: 7am-7pm
Saturday: 8am-4pm
Sunday: 1pm-4pm

Please note that our lobby is closed on major holidays and we are not able to do check-ins or check-outs on these days (New Year’s Day, Easter, Memorial Day, Independence Day, Labor Day, Thanksgiving Day and Christmas Day).

Currently offered Monday – Friday at our Boston location on Southampton Street

RED DOG’S PUPPY PLAYCARE PROGRAM
Red Dog’s Puppy Playcare is designed for puppies 12 weeks to 5 months old who aren’t quite ready for daycare but are ready to explore the world around them. This fun, enriching program supports safe socialization during a critical stage of physical and mental development. Our Puppy Specialists provide positive interactions, introduce everyday experiences, reinforce potty and crate habits, and guide group socialization.
Please note: Puppy Playcare is not a training program. Puppies showing behavioral challenges will be referred to a certified trainer.

Click Here To Learn More about our Puppy Playcare Program

NEW PUPPY QUESTIONNAIRE

Full-Day Half Day: $65

Half Day (5 hours of less): $52

ADDITIONAL PEAK DETAILS
PEAK OVERNIGHT RATE PERIODS

Traveling for the holidays can be stressful, which is why at Red Dog we want to make leaving your furry family member with us worry free! We make sure that our pet guests get to celebrate in style while staying with all of their friends. This includes special holiday treat options to make their holiday stay the best one yet.

 

2026 PEAK OVERNIGHT RATE PERIODS:

January 1 – 5
February 13 – 23
April 17 – 27
May 22 – September 8
October 9 – 12
November 21 – 30
December 18 – 31

2027:

January 1-4

INTRODUCING OUR BRAND-NEW
DOGGIE DAYCARE MONTHLY MEMBERSHIPS!

Perfect for pups who love to visit Red Dog on a regular schedule.
Four unique membership packages will surely make your dog’s tail wag.

SILVER PAW
4 Full-Days of Daycare Included per Month
$
196($49 / day)
GOLD PAW
8 Full-Days of Daycare Included per Month
$
368($46 / day)
PLATINUM PAW
12 Full-Days of Daycare Included per Month*
$
492($41 / day)
UNLIMITED PAW
30 Full-Days of Daycare Included per Month*
$
780(as low as $26 / day)

*Platinum Paw: 5% savings on Overnight Stays (applies to room rate only)

*Unlimited Paw: 10% savings on Overnight Stays (applies to room rate only) + 10% savings on all Grooming Services

LEARN MORE
CLICK BELOW TO TOUR BOSTON!
LOCAL PARTNERS
MEET THE BOSTON MANAGERS

At Red Dog Pet Resort & Spa, exceptional care begins with a personal touch. Our managers are actively involved with pets throughout the day, forming meaningful connections and understanding their unique needs. By guiding and supporting our pet care team, they ensure every pet’s stay is safe, comfortable, and truly enjoyable.

ALYSSA
DIRECTOR OF OPERATIONS
ALEXIA
OPERATIONS TRAINING COORDINATOR
BOBBY
RESORT OPERATIONS ASSISTANT MANAGER
LOCATIONS

BOSTON

NORTHSHORE

NORTH STATION

CINCINNATI

MASON

SPRINGDALE

BLUE ASH

ABOUT US

WHY RED DOG

EVENTS CALENDAR

FAQS

PEAK OVERNIGHT POLICIES

OUR FAMILY

EMPLOYMENT OPPORTUNITIES

PAWFFICE ASSISTANTS

2026
Close this module
Additional 10% off
your first booked service.

Join the Red Dog Pack for deals, events, and emails worth wagging about. Your dog would want you to.

Email
Enter your email address
FETCH THE DEAL"
Red Dog Pet Resort & Spa Boston,2026-09-22,4.6,4.6 stars,Dog day care center,"274 Southampton St, Boston, MA 02118, United States",+1 617-427-2220,https://reddogpetresort.com/boston/,"8WJP+GG Boston, Massachusetts, USA",,added,False,False,boston@reddogpetresort.com,"BOOK WITH OUR FREE CONCIERGE  |  (617) 830-8558
 
SERVICES
LOCATIONS
WHY RED DOG
CURRENT OFFERS
BOOK NOW
BOSTON
BOOK NOWOUR RATES

YOUR PREMIER PET CARE PROVIDER THROUGHOUT THE BOSTON, MASSACHUSETTS AREA.

Red Dog Boston is a five-star pet resort, conveniently located off of 93 South near South Boston & Dorchester. With our trusted on-site veterinary partners, Boston Animal Hospital, just steps away, you can feel confident your pup is safe, happy, and well cared for. Boston offers spacious Overnight Accommodations, Doggie Daycare, full-service Salon & Spa, and a state-of-the-art Aquatics Center. Our Care Team is here 24/7, so your pet receives our high-quality care around the clock.


OVERNIGHT ACCOMMODATIONS

DAYCARE

DAY STAY

PUPPY PLAYCARE

GROOMING

AQUATICS
BOOK NOW
DOGGIE DAYCARE AS LOW AS $26/DAY WITH OUR DOGGIE DAYCARE MONTHLY MEMBERSHIPS!

See details below

phone: 617-427-2220
email: boston@reddogpetresort.com

12 + 12 = 

SUBMIT
HOURS OF OPERATION

Monday-Friday: 7am-7pm
Saturday: 8am-4pm
Sunday: 1pm-4pm

Please note that our lobby is closed on major holidays and we are not able to do check-ins or check-outs on these days (New Year’s Day, Easter, Memorial Day, Independence Day, Labor Day, Thanksgiving Day and Christmas Day).

Currently offered Monday – Friday at our Boston location on Southampton Street

RED DOG’S PUPPY PLAYCARE PROGRAM
Red Dog’s Puppy Playcare is designed for puppies 12 weeks to 5 months old who aren’t quite ready for daycare but are ready to explore the world around them. This fun, enriching program supports safe socialization during a critical stage of physical and mental development. Our Puppy Specialists provide positive interactions, introduce everyday experiences, reinforce potty and crate habits, and guide group socialization.
Please note: Puppy Playcare is not a training program. Puppies showing behavioral challenges will be referred to a certified trainer.

Click Here To Learn More about our Puppy Playcare Program

NEW PUPPY QUESTIONNAIRE

Full-Day Half Day: $65

Half Day (5 hours of less): $52

ADDITIONAL PEAK DETAILS
PEAK OVERNIGHT RATE PERIODS

Traveling for the holidays can be stressful, which is why at Red Dog we want to make leaving your furry family member with us worry free! We make sure that our pet guests get to celebrate in style while staying with all of their friends. This includes special holiday treat options to make their holiday stay the best one yet.

 

2026 PEAK OVERNIGHT RATE PERIODS:

January 1 – 5
February 13 – 23
April 17 – 27
May 22 – September 8
October 9 – 12
November 21 – 30
December 18 – 31

2027:

January 1-4

INTRODUCING OUR BRAND-NEW
DOGGIE DAYCARE MONTHLY MEMBERSHIPS!

Perfect for pups who love to visit Red Dog on a regular schedule.
Four unique membership packages will surely make your dog’s tail wag.

SILVER PAW
4 Full-Days of Daycare Included per Month
$
196($49 / day)
GOLD PAW
8 Full-Days of Daycare Included per Month
$
368($46 / day)
PLATINUM PAW
12 Full-Days of Daycare Included per Month*
$
492($41 / day)
UNLIMITED PAW
30 Full-Days of Daycare Included per Month*
$
780(as low as $26 / day)

*Platinum Paw: 5% savings on Overnight Stays (applies to room rate only)

*Unlimited Paw: 10% savings on Overnight Stays (applies to room rate only) + 10% savings on all Grooming Services

LEARN MORE
CLICK BELOW TO TOUR BOSTON!
LOCAL PARTNERS
MEET THE BOSTON MANAGERS

At Red Dog Pet Resort & Spa, exceptional care begins with a personal touch. Our managers are actively involved with pets throughout the day, forming meaningful connections and understanding their unique needs. By guiding and supporting our pet care team, they ensure every pet’s stay is safe, comfortable, and truly enjoyable.

ALYSSA
DIRECTOR OF OPERATIONS
ALEXIA
OPERATIONS TRAINING COORDINATOR
BOBBY
RESORT OPERATIONS ASSISTANT MANAGER
LOCATIONS

BOSTON

NORTHSHORE

NORTH STATION

CINCINNATI

MASON

SPRINGDALE

BLUE ASH

ABOUT US

WHY RED DOG

EVENTS CALENDAR

FAQS

PEAK OVERNIGHT POLICIES

OUR FAMILY

EMPLOYMENT OPPORTUNITIES

PAWFFICE ASSISTANTS

2026
Close this module
Additional 10% off
your first booked service.

Join the Red Dog Pack for deals, events, and emails worth wagging about. Your dog would want you to.

Email
Enter your email address
FETCH THE DEAL"
Red Dog Pet Resort & Spa Boston,2026-09-22,4.6,4.6 stars,Dog day care center,"274 Southampton St, Boston, MA 02118, United States",+1 617-427-2220,https://reddogpetresort.com/boston/,"8WJP+GG Boston, Massachusetts, USA",,added,False,False,cincinnati@reddogpetresort.com,"BOOK WITH OUR FREE CONCIERGE  |  (617) 830-8558
 
SERVICES
LOCATIONS
WHY RED DOG
CURRENT OFFERS
BOOK NOW
BOSTON
BOOK NOWOUR RATES

YOUR PREMIER PET CARE PROVIDER THROUGHOUT THE BOSTON, MASSACHUSETTS AREA.

Red Dog Boston is a five-star pet resort, conveniently located off of 93 South near South Boston & Dorchester. With our trusted on-site veterinary partners, Boston Animal Hospital, just steps away, you can feel confident your pup is safe, happy, and well cared for. Boston offers spacious Overnight Accommodations, Doggie Daycare, full-service Salon & Spa, and a state-of-the-art Aquatics Center. Our Care Team is here 24/7, so your pet receives our high-quality care around the clock.


OVERNIGHT ACCOMMODATIONS

DAYCARE

DAY STAY

PUPPY PLAYCARE

GROOMING

AQUATICS
BOOK NOW
DOGGIE DAYCARE AS LOW AS $26/DAY WITH OUR DOGGIE DAYCARE MONTHLY MEMBERSHIPS!

See details below

phone: 617-427-2220
email: boston@reddogpetresort.com

12 + 12 = 

SUBMIT
HOURS OF OPERATION

Monday-Friday: 7am-7pm
Saturday: 8am-4pm
Sunday: 1pm-4pm

Please note that our lobby is closed on major holidays and we are not able to do check-ins or check-outs on these days (New Year’s Day, Easter, Memorial Day, Independence Day, Labor Day, Thanksgiving Day and Christmas Day).

Currently offered Monday – Friday at our Boston location on Southampton Street

RED DOG’S PUPPY PLAYCARE PROGRAM
Red Dog’s Puppy Playcare is designed for puppies 12 weeks to 5 months old who aren’t quite ready for daycare but are ready to explore the world around them. This fun, enriching program supports safe socialization during a critical stage of physical and mental development. Our Puppy Specialists provide positive interactions, introduce everyday experiences, reinforce potty and crate habits, and guide group socialization.
Please note: Puppy Playcare is not a training program. Puppies showing behavioral challenges will be referred to a certified trainer.

Click Here To Learn More about our Puppy Playcare Program

NEW PUPPY QUESTIONNAIRE

Full-Day Half Day: $65

Half Day (5 hours of less): $52

ADDITIONAL PEAK DETAILS
PEAK OVERNIGHT RATE PERIODS

Traveling for the holidays can be stressful, which is why at Red Dog we want to make leaving your furry family member with us worry free! We make sure that our pet guests get to celebrate in style while staying with all of their friends. This includes special holiday treat options to make their holiday stay the best one yet.

 

2026 PEAK OVERNIGHT RATE PERIODS:

January 1 – 5
February 13 – 23
April 17 – 27
May 22 – September 8
October 9 – 12
November 21 – 30
December 18 – 31

2027:

January 1-4

INTRODUCING OUR BRAND-NEW
DOGGIE DAYCARE MONTHLY MEMBERSHIPS!

Perfect for pups who love to visit Red Dog on a regular schedule.
Four unique membership packages will surely make your dog’s tail wag.

SILVER PAW
4 Full-Days of Daycare Included per Month
$
196($49 / day)
GOLD PAW
8 Full-Days of Daycare Included per Month
$
368($46 / day)
PLATINUM PAW
12 Full-Days of Daycare Included per Month*
$
492($41 / day)
UNLIMITED PAW
30 Full-Days of Daycare Included per Month*
$
780(as low as $26 / day)

*Platinum Paw: 5% savings on Overnight Stays (applies to room rate only)

*Unlimited Paw: 10% savings on Overnight Stays (applies to room rate only) + 10% savings on all Grooming Services

LEARN MORE
CLICK BELOW TO TOUR BOSTON!
LOCAL PARTNERS
MEET THE BOSTON MANAGERS

At Red Dog Pet Resort & Spa, exceptional care begins with a personal touch. Our managers are actively involved with pets throughout the day, forming meaningful connections and understanding their unique needs. By guiding and supporting our pet care team, they ensure every pet’s stay is safe, comfortable, and truly enjoyable.

ALYSSA
DIRECTOR OF OPERATIONS
ALEXIA
OPERATIONS TRAINING COORDINATOR
BOBBY
RESORT OPERATIONS ASSISTANT MANAGER
LOCATIONS

BOSTON

NORTHSHORE

NORTH STATION

CINCINNATI

MASON

SPRINGDALE

BLUE ASH

ABOUT US

WHY RED DOG

EVENTS CALENDAR

FAQS

PEAK OVERNIGHT POLICIES

OUR FAMILY

EMPLOYMENT OPPORTUNITIES

PAWFFICE ASSISTANTS

2026
Close this module
Additional 10% off
your first booked service.

Join the Red Dog Pack for deals, events, and emails worth wagging about. Your dog would want you to.

Email
Enter your email address
FETCH THE DEAL"
Red Dog Pet Resort & Spa Boston,2026-09-22,4.6,4.6 stars,Dog day care center,"274 Southampton St, Boston, MA 02118, United States",+1 617-427-2220,https://reddogpetresort.com/boston/,"8WJP+GG Boston, Massachusetts, USA",,added,False,False,mason@reddogpetresort.com,"BOOK WITH OUR FREE CONCIERGE  |  (617) 830-8558
 
SERVICES
LOCATIONS
WHY RED DOG
CURRENT OFFERS
BOOK NOW
BOSTON
BOOK NOWOUR RATES

YOUR PREMIER PET CARE PROVIDER THROUGHOUT THE BOSTON, MASSACHUSETTS AREA.

Red Dog Boston is a five-star pet resort, conveniently located off of 93 South near South Boston & Dorchester. With our trusted on-site veterinary partners, Boston Animal Hospital, just steps away, you can feel confident your pup is safe, happy, and well cared for. Boston offers spacious Overnight Accommodations, Doggie Daycare, full-service Salon & Spa, and a state-of-the-art Aquatics Center. Our Care Team is here 24/7, so your pet receives our high-quality care around the clock.


OVERNIGHT ACCOMMODATIONS

DAYCARE

DAY STAY

PUPPY PLAYCARE

GROOMING

AQUATICS
BOOK NOW
DOGGIE DAYCARE AS LOW AS $26/DAY WITH OUR DOGGIE DAYCARE MONTHLY MEMBERSHIPS!

See details below

phone: 617-427-2220
email: boston@reddogpetresort.com

12 + 12 = 

SUBMIT
HOURS OF OPERATION

Monday-Friday: 7am-7pm
Saturday: 8am-4pm
Sunday: 1pm-4pm

Please note that our lobby is closed on major holidays and we are not able to do check-ins or check-outs on these days (New Year’s Day, Easter, Memorial Day, Independence Day, Labor Day, Thanksgiving Day and Christmas Day).

Currently offered Monday – Friday at our Boston location on Southampton Street

RED DOG’S PUPPY PLAYCARE PROGRAM
Red Dog’s Puppy Playcare is designed for puppies 12 weeks to 5 months old who aren’t quite ready for daycare but are ready to explore the world around them. This fun, enriching program supports safe socialization during a critical stage of physical and mental development. Our Puppy Specialists provide positive interactions, introduce everyday experiences, reinforce potty and crate habits, and guide group socialization.
Please note: Puppy Playcare is not a training program. Puppies showing behavioral challenges will be referred to a certified trainer.

Click Here To Learn More about our Puppy Playcare Program

NEW PUPPY QUESTIONNAIRE

Full-Day Half Day: $65

Half Day (5 hours of less): $52

ADDITIONAL PEAK DETAILS
PEAK OVERNIGHT RATE PERIODS

Traveling for the holidays can be stressful, which is why at Red Dog we want to make leaving your furry family member with us worry free! We make sure that our pet guests get to celebrate in style while staying with all of their friends. This includes special holiday treat options to make their holiday stay the best one yet.

 

2026 PEAK OVERNIGHT RATE PERIODS:

January 1 – 5
February 13 – 23
April 17 – 27
May 22 – September 8
October 9 – 12
November 21 – 30
December 18 – 31

2027:

January 1-4

INTRODUCING OUR BRAND-NEW
DOGGIE DAYCARE MONTHLY MEMBERSHIPS!

Perfect for pups who love to visit Red Dog on a regular schedule.
Four unique membership packages will surely make your dog’s tail wag.

SILVER PAW
4 Full-Days of Daycare Included per Month
$
196($49 / day)
GOLD PAW
8 Full-Days of Daycare Included per Month
$
368($46 / day)
PLATINUM PAW
12 Full-Days of Daycare Included per Month*
$
492($41 / day)
UNLIMITED PAW
30 Full-Days of Daycare Included per Month*
$
780(as low as $26 / day)

*Platinum Paw: 5% savings on Overnight Stays (applies to room rate only)

*Unlimited Paw: 10% savings on Overnight Stays (applies to room rate only) + 10% savings on all Grooming Services

LEARN MORE
CLICK BELOW TO TOUR BOSTON!
LOCAL PARTNERS
MEET THE BOSTON MANAGERS

At Red Dog Pet Resort & Spa, exceptional care begins with a personal touch. Our managers are actively involved with pets throughout the day, forming meaningful connections and understanding their unique needs. By guiding and supporting our pet care team, they ensure every pet’s stay is safe, comfortable, and truly enjoyable.

ALYSSA
DIRECTOR OF OPERATIONS
ALEXIA
OPERATIONS TRAINING COORDINATOR
BOBBY
RESORT OPERATIONS ASSISTANT MANAGER
LOCATIONS

BOSTON

NORTHSHORE

NORTH STATION

CINCINNATI

MASON

SPRINGDALE

BLUE ASH

ABOUT US

WHY RED DOG

EVENTS CALENDAR

FAQS

PEAK OVERNIGHT POLICIES

OUR FAMILY

EMPLOYMENT OPPORTUNITIES

PAWFFICE ASSISTANTS

2026
Close this module
Additional 10% off
your first booked service.

Join the Red Dog Pack for deals, events, and emails worth wagging about. Your dog would want you to.

Email
Enter your email address
FETCH THE DEAL"
Red Dog Pet Resort & Spa Boston,2026-09-22,4.6,4.6 stars,Dog day care center,"274 Southampton St, Boston, MA 02118, United States",+1 617-427-2220,https://reddogpetresort.com/boston/,"8WJP+GG Boston, Massachusetts, USA",,added,False,False,northshore@reddogpetresort.com,"BOOK WITH OUR FREE CONCIERGE  |  (617) 830-8558
 
SERVICES
LOCATIONS
WHY RED DOG
CURRENT OFFERS
BOOK NOW
BOSTON
BOOK NOWOUR RATES

YOUR PREMIER PET CARE PROVIDER THROUGHOUT THE BOSTON, MASSACHUSETTS AREA.

Red Dog Boston is a five-star pet resort, conveniently located off of 93 South near South Boston & Dorchester. With our trusted on-site veterinary partners, Boston Animal Hospital, just steps away, you can feel confident your pup is safe, happy, and well cared for. Boston offers spacious Overnight Accommodations, Doggie Daycare, full-service Salon & Spa, and a state-of-the-art Aquatics Center. Our Care Team is here 24/7, so your pet receives our high-quality care around the clock.


OVERNIGHT ACCOMMODATIONS

DAYCARE

DAY STAY

PUPPY PLAYCARE

GROOMING

AQUATICS
BOOK NOW
DOGGIE DAYCARE AS LOW AS $26/DAY WITH OUR DOGGIE DAYCARE MONTHLY MEMBERSHIPS!

See details below

phone: 617-427-2220
email: boston@reddogpetresort.com

12 + 12 = 

SUBMIT
HOURS OF OPERATION

Monday-Friday: 7am-7pm
Saturday: 8am-4pm
Sunday: 1pm-4pm

Please note that our lobby is closed on major holidays and we are not able to do check-ins or check-outs on these days (New Year’s Day, Easter, Memorial Day, Independence Day, Labor Day, Thanksgiving Day and Christmas Day).

Currently offered Monday – Friday at our Boston location on Southampton Street

RED DOG’S PUPPY PLAYCARE PROGRAM
Red Dog’s Puppy Playcare is designed for puppies 12 weeks to 5 months old who aren’t quite ready for daycare but are ready to explore the world around them. This fun, enriching program supports safe socialization during a critical stage of physical and mental development. Our Puppy Specialists provide positive interactions, introduce everyday experiences, reinforce potty and crate habits, and guide group socialization.
Please note: Puppy Playcare is not a training program. Puppies showing behavioral challenges will be referred to a certified trainer.

Click Here To Learn More about our Puppy Playcare Program

NEW PUPPY QUESTIONNAIRE

Full-Day Half Day: $65

Half Day (5 hours of less): $52

ADDITIONAL PEAK DETAILS
PEAK OVERNIGHT RATE PERIODS

Traveling for the holidays can be stressful, which is why at Red Dog we want to make leaving your furry family member with us worry free! We make sure that our pet guests get to celebrate in style while staying with all of their friends. This includes special holiday treat options to make their holiday stay the best one yet.

 

2026 PEAK OVERNIGHT RATE PERIODS:

January 1 – 5
February 13 – 23
April 17 – 27
May 22 – September 8
October 9 – 12
November 21 – 30
December 18 – 31

2027:

January 1-4

INTRODUCING OUR BRAND-NEW
DOGGIE DAYCARE MONTHLY MEMBERSHIPS!

Perfect for pups who love to visit Red Dog on a regular schedule.
Four unique membership packages will surely make your dog’s tail wag.

SILVER PAW
4 Full-Days of Daycare Included per Month
$
196($49 / day)
GOLD PAW
8 Full-Days of Daycare Included per Month
$
368($46 / day)
PLATINUM PAW
12 Full-Days of Daycare Included per Month*
$
492($41 / day)
UNLIMITED PAW
30 Full-Days of Daycare Included per Month*
$
780(as low as $26 / day)

*Platinum Paw: 5% savings on Overnight Stays (applies to room rate only)

*Unlimited Paw: 10% savings on Overnight Stays (applies to room rate only) + 10% savings on all Grooming Services

LEARN MORE
CLICK BELOW TO TOUR BOSTON!
LOCAL PARTNERS
MEET THE BOSTON MANAGERS

At Red Dog Pet Resort & Spa, exceptional care begins with a personal touch. Our managers are actively involved with pets throughout the day, forming meaningful connections and understanding their unique needs. By guiding and supporting our pet care team, they ensure every pet’s stay is safe, comfortable, and truly enjoyable.

ALYSSA
DIRECTOR OF OPERATIONS
ALEXIA
OPERATIONS TRAINING COORDINATOR
BOBBY
RESORT OPERATIONS ASSISTANT MANAGER
LOCATIONS

BOSTON

NORTHSHORE

NORTH STATION

CINCINNATI

MASON

SPRINGDALE

BLUE ASH

ABOUT US

WHY RED DOG

EVENTS CALENDAR

FAQS

PEAK OVERNIGHT POLICIES

OUR FAMILY

EMPLOYMENT OPPORTUNITIES

PAWFFICE ASSISTANTS

2026
Close this module
Additional 10% off
your first booked service.

Join the Red Dog Pack for deals, events, and emails worth wagging about. Your dog would want you to.

Email
Enter your email address
FETCH THE DEAL"
Red Dog Pet Resort & Spa Boston,2026-09-22,4.6,4.6 stars,Dog day care center,"274 Southampton St, Boston, MA 02118, United States",+1 617-427-2220,https://reddogpetresort.com/boston/,"8WJP+GG Boston, Massachusetts, USA",,added,False,False,northstation@reddogpetresort.com,"BOOK WITH OUR FREE CONCIERGE  |  (617) 830-8558
 
SERVICES
LOCATIONS
WHY RED DOG
CURRENT OFFERS
BOOK NOW
BOSTON
BOOK NOWOUR RATES

YOUR PREMIER PET CARE PROVIDER THROUGHOUT THE BOSTON, MASSACHUSETTS AREA.

Red Dog Boston is a five-star pet resort, conveniently located off of 93 South near South Boston & Dorchester. With our trusted on-site veterinary partners, Boston Animal Hospital, just steps away, you can feel confident your pup is safe, happy, and well cared for. Boston offers spacious Overnight Accommodations, Doggie Daycare, full-service Salon & Spa, and a state-of-the-art Aquatics Center. Our Care Team is here 24/7, so your pet receives our high-quality care around the clock.


OVERNIGHT ACCOMMODATIONS

DAYCARE

DAY STAY

PUPPY PLAYCARE

GROOMING

AQUATICS
BOOK NOW
DOGGIE DAYCARE AS LOW AS $26/DAY WITH OUR DOGGIE DAYCARE MONTHLY MEMBERSHIPS!

See details below

phone: 617-427-2220
email: boston@reddogpetresort.com

12 + 12 = 

SUBMIT
HOURS OF OPERATION

Monday-Friday: 7am-7pm
Saturday: 8am-4pm
Sunday: 1pm-4pm

Please note that our lobby is closed on major holidays and we are not able to do check-ins or check-outs on these days (New Year’s Day, Easter, Memorial Day, Independence Day, Labor Day, Thanksgiving Day and Christmas Day).

Currently offered Monday – Friday at our Boston location on Southampton Street

RED DOG’S PUPPY PLAYCARE PROGRAM
Red Dog’s Puppy Playcare is designed for puppies 12 weeks to 5 months old who aren’t quite ready for daycare but are ready to explore the world around them. This fun, enriching program supports safe socialization during a critical stage of physical and mental development. Our Puppy Specialists provide positive interactions, introduce everyday experiences, reinforce potty and crate habits, and guide group socialization.
Please note: Puppy Playcare is not a training program. Puppies showing behavioral challenges will be referred to a certified trainer.

Click Here To Learn More about our Puppy Playcare Program

NEW PUPPY QUESTIONNAIRE

Full-Day Half Day: $65

Half Day (5 hours of less): $52

ADDITIONAL PEAK DETAILS
PEAK OVERNIGHT RATE PERIODS

Traveling for the holidays can be stressful, which is why at Red Dog we want to make leaving your furry family member with us worry free! We make sure that our pet guests get to celebrate in style while staying with all of their friends. This includes special holiday treat options to make their holiday stay the best one yet.

 

2026 PEAK OVERNIGHT RATE PERIODS:

January 1 – 5
February 13 – 23
April 17 – 27
May 22 – September 8
October 9 – 12
November 21 – 30
December 18 – 31

2027:

January 1-4

INTRODUCING OUR BRAND-NEW
DOGGIE DAYCARE MONTHLY MEMBERSHIPS!

Perfect for pups who love to visit Red Dog on a regular schedule.
Four unique membership packages will surely make your dog’s tail wag.

SILVER PAW
4 Full-Days of Daycare Included per Month
$
196($49 / day)
GOLD PAW
8 Full-Days of Daycare Included per Month
$
368($46 / day)
PLATINUM PAW
12 Full-Days of Daycare Included per Month*
$
492($41 / day)
UNLIMITED PAW
30 Full-Days of Daycare Included per Month*
$
780(as low as $26 / day)

*Platinum Paw: 5% savings on Overnight Stays (applies to room rate only)

*Unlimited Paw: 10% savings on Overnight Stays (applies to room rate only) + 10% savings on all Grooming Services

LEARN MORE
CLICK BELOW TO TOUR BOSTON!
LOCAL PARTNERS
MEET THE BOSTON MANAGERS

At Red Dog Pet Resort & Spa, exceptional care begins with a personal touch. Our managers are actively involved with pets throughout the day, forming meaningful connections and understanding their unique needs. By guiding and supporting our pet care team, they ensure every pet’s stay is safe, comfortable, and truly enjoyable.

ALYSSA
DIRECTOR OF OPERATIONS
ALEXIA
OPERATIONS TRAINING COORDINATOR
BOBBY
RESORT OPERATIONS ASSISTANT MANAGER
LOCATIONS

BOSTON

NORTHSHORE

NORTH STATION

CINCINNATI

MASON

SPRINGDALE

BLUE ASH

ABOUT US

WHY RED DOG

EVENTS CALENDAR

FAQS

PEAK OVERNIGHT POLICIES

OUR FAMILY

EMPLOYMENT OPPORTUNITIES

PAWFFICE ASSISTANTS

2026
Close this module
Additional 10% off
your first booked service.

Join the Red Dog Pack for deals, events, and emails worth wagging about. Your dog would want you to.

Email
Enter your email address
FETCH THE DEAL"
Red Dog Pet Resort & Spa Boston,2026-09-22,4.6,4.6 stars,Dog day care center,"274 Southampton St, Boston, MA 02118, United States",+1 617-427-2220,https://reddogpetresort.com/boston/,"8WJP+GG Boston, Massachusetts, USA",,added,False,False,pet-trainer-illustration-03@2x-480x480.png,"BOOK WITH OUR FREE CONCIERGE  |  (617) 830-8558
 
SERVICES
LOCATIONS
WHY RED DOG
CURRENT OFFERS
BOOK NOW
BOSTON
BOOK NOWOUR RATES

YOUR PREMIER PET CARE PROVIDER THROUGHOUT THE BOSTON, MASSACHUSETTS AREA.

Red Dog Boston is a five-star pet resort, conveniently located off of 93 South near South Boston & Dorchester. With our trusted on-site veterinary partners, Boston Animal Hospital, just steps away, you can feel confident your pup is safe, happy, and well cared for. Boston offers spacious Overnight Accommodations, Doggie Daycare, full-service Salon & Spa, and a state-of-the-art Aquatics Center. Our Care Team is here 24/7, so your pet receives our high-quality care around the clock.


OVERNIGHT ACCOMMODATIONS

DAYCARE

DAY STAY

PUPPY PLAYCARE

GROOMING

AQUATICS
BOOK NOW
DOGGIE DAYCARE AS LOW AS $26/DAY WITH OUR DOGGIE DAYCARE MONTHLY MEMBERSHIPS!

See details below

phone: 617-427-2220
email: boston@reddogpetresort.com

12 + 12 = 

SUBMIT
HOURS OF OPERATION

Monday-Friday: 7am-7pm
Saturday: 8am-4pm
Sunday: 1pm-4pm

Please note that our lobby is closed on major holidays and we are not able to do check-ins or check-outs on these days (New Year’s Day, Easter, Memorial Day, Independence Day, Labor Day, Thanksgiving Day and Christmas Day).

Currently offered Monday – Friday at our Boston location on Southampton Street

RED DOG’S PUPPY PLAYCARE PROGRAM
Red Dog’s Puppy Playcare is designed for puppies 12 weeks to 5 months old who aren’t quite ready for daycare but are ready to explore the world around them. This fun, enriching program supports safe socialization during a critical stage of physical and mental development. Our Puppy Specialists provide positive interactions, introduce everyday experiences, reinforce potty and crate habits, and guide group socialization.
Please note: Puppy Playcare is not a training program. Puppies showing behavioral challenges will be referred to a certified trainer.

Click Here To Learn More about our Puppy Playcare Program

NEW PUPPY QUESTIONNAIRE

Full-Day Half Day: $65

Half Day (5 hours of less): $52

ADDITIONAL PEAK DETAILS
PEAK OVERNIGHT RATE PERIODS

Traveling for the holidays can be stressful, which is why at Red Dog we want to make leaving your furry family member with us worry free! We make sure that our pet guests get to celebrate in style while staying with all of their friends. This includes special holiday treat options to make their holiday stay the best one yet.

 

2026 PEAK OVERNIGHT RATE PERIODS:

January 1 – 5
February 13 – 23
April 17 – 27
May 22 – September 8
October 9 – 12
November 21 – 30
December 18 – 31

2027:

January 1-4

INTRODUCING OUR BRAND-NEW
DOGGIE DAYCARE MONTHLY MEMBERSHIPS!

Perfect for pups who love to visit Red Dog on a regular schedule.
Four unique membership packages will surely make your dog’s tail wag.

SILVER PAW
4 Full-Days of Daycare Included per Month
$
196($49 / day)
GOLD PAW
8 Full-Days of Daycare Included per Month
$
368($46 / day)
PLATINUM PAW
12 Full-Days of Daycare Included per Month*
$
492($41 / day)
UNLIMITED PAW
30 Full-Days of Daycare Included per Month*
$
780(as low as $26 / day)

*Platinum Paw: 5% savings on Overnight Stays (applies to room rate only)

*Unlimited Paw: 10% savings on Overnight Stays (applies to room rate only) + 10% savings on all Grooming Services

LEARN MORE
CLICK BELOW TO TOUR BOSTON!
LOCAL PARTNERS
MEET THE BOSTON MANAGERS

At Red Dog Pet Resort & Spa, exceptional care begins with a personal touch. Our managers are actively involved with pets throughout the day, forming meaningful connections and understanding their unique needs. By guiding and supporting our pet care team, they ensure every pet’s stay is safe, comfortable, and truly enjoyable.

ALYSSA
DIRECTOR OF OPERATIONS
ALEXIA
OPERATIONS TRAINING COORDINATOR
BOBBY
RESORT OPERATIONS ASSISTANT MANAGER
LOCATIONS

BOSTON

NORTHSHORE

NORTH STATION

CINCINNATI

MASON

SPRINGDALE

BLUE ASH

ABOUT US

WHY RED DOG

EVENTS CALENDAR

FAQS

PEAK OVERNIGHT POLICIES

OUR FAMILY

EMPLOYMENT OPPORTUNITIES

PAWFFICE ASSISTANTS

2026
Close this module
Additional 10% off
your first booked service.

Join the Red Dog Pack for deals, events, and emails worth wagging about. Your dog would want you to.

Email
Enter your email address
FETCH THE DEAL"
Red Dog Pet Resort & Spa Boston,2026-09-22,4.6,4.6 stars,Dog day care center,"274 Southampton St, Boston, MA 02118, United States",+1 617-427-2220,https://reddogpetresort.com/boston/,"8WJP+GG Boston, Massachusetts, USA",,added,False,False,pet-trainer-illustration-03@2x-980x980.png,"BOOK WITH OUR FREE CONCIERGE  |  (617) 830-8558
 
SERVICES
LOCATIONS
WHY RED DOG
CURRENT OFFERS
BOOK NOW
BOSTON
BOOK NOWOUR RATES

YOUR PREMIER PET CARE PROVIDER THROUGHOUT THE BOSTON, MASSACHUSETTS AREA.

Red Dog Boston is a five-star pet resort, conveniently located off of 93 South near South Boston & Dorchester. With our trusted on-site veterinary partners, Boston Animal Hospital, just steps away, you can feel confident your pup is safe, happy, and well cared for. Boston offers spacious Overnight Accommodations, Doggie Daycare, full-service Salon & Spa, and a state-of-the-art Aquatics Center. Our Care Team is here 24/7, so your pet receives our high-quality care around the clock.


OVERNIGHT ACCOMMODATIONS

DAYCARE

DAY STAY

PUPPY PLAYCARE

GROOMING

AQUATICS
BOOK NOW
DOGGIE DAYCARE AS LOW AS $26/DAY WITH OUR DOGGIE DAYCARE MONTHLY MEMBERSHIPS!

See details below

phone: 617-427-2220
email: boston@reddogpetresort.com

12 + 12 = 

SUBMIT
HOURS OF OPERATION

Monday-Friday: 7am-7pm
Saturday: 8am-4pm
Sunday: 1pm-4pm

Please note that our lobby is closed on major holidays and we are not able to do check-ins or check-outs on these days (New Year’s Day, Easter, Memorial Day, Independence Day, Labor Day, Thanksgiving Day and Christmas Day).

Currently offered Monday – Friday at our Boston location on Southampton Street

RED DOG’S PUPPY PLAYCARE PROGRAM
Red Dog’s Puppy Playcare is designed for puppies 12 weeks to 5 months old who aren’t quite ready for daycare but are ready to explore the world around them. This fun, enriching program supports safe socialization during a critical stage of physical and mental development. Our Puppy Specialists provide positive interactions, introduce everyday experiences, reinforce potty and crate habits, and guide group socialization.
Please note: Puppy Playcare is not a training program. Puppies showing behavioral challenges will be referred to a certified trainer.

Click Here To Learn More about our Puppy Playcare Program

NEW PUPPY QUESTIONNAIRE

Full-Day Half Day: $65

Half Day (5 hours of less): $52

ADDITIONAL PEAK DETAILS
PEAK OVERNIGHT RATE PERIODS

Traveling for the holidays can be stressful, which is why at Red Dog we want to make leaving your furry family member with us worry free! We make sure that our pet guests get to celebrate in style while staying with all of their friends. This includes special holiday treat options to make their holiday stay the best one yet.

 

2026 PEAK OVERNIGHT RATE PERIODS:

January 1 – 5
February 13 – 23
April 17 – 27
May 22 – September 8
October 9 – 12
November 21 – 30
December 18 – 31

2027:

January 1-4

INTRODUCING OUR BRAND-NEW
DOGGIE DAYCARE MONTHLY MEMBERSHIPS!

Perfect for pups who love to visit Red Dog on a regular schedule.
Four unique membership packages will surely make your dog’s tail wag.

SILVER PAW
4 Full-Days of Daycare Included per Month
$
196($49 / day)
GOLD PAW
8 Full-Days of Daycare Included per Month
$
368($46 / day)
PLATINUM PAW
12 Full-Days of Daycare Included per Month*
$
492($41 / day)
UNLIMITED PAW
30 Full-Days of Daycare Included per Month*
$
780(as low as $26 / day)

*Platinum Paw: 5% savings on Overnight Stays (applies to room rate only)

*Unlimited Paw: 10% savings on Overnight Stays (applies to room rate only) + 10% savings on all Grooming Services

LEARN MORE
CLICK BELOW TO TOUR BOSTON!
LOCAL PARTNERS
MEET THE BOSTON MANAGERS

At Red Dog Pet Resort & Spa, exceptional care begins with a personal touch. Our managers are actively involved with pets throughout the day, forming meaningful connections and understanding their unique needs. By guiding and supporting our pet care team, they ensure every pet’s stay is safe, comfortable, and truly enjoyable.

ALYSSA
DIRECTOR OF OPERATIONS
ALEXIA
OPERATIONS TRAINING COORDINATOR
BOBBY
RESORT OPERATIONS ASSISTANT MANAGER
LOCATIONS

BOSTON

NORTHSHORE

NORTH STATION

CINCINNATI

MASON

SPRINGDALE

BLUE ASH

ABOUT US

WHY RED DOG

EVENTS CALENDAR

FAQS

PEAK OVERNIGHT POLICIES

OUR FAMILY

EMPLOYMENT OPPORTUNITIES

PAWFFICE ASSISTANTS

2026
Close this module
Additional 10% off
your first booked service.

Join the Red Dog Pack for deals, events, and emails worth wagging about. Your dog would want you to.

Email
Enter your email address
FETCH THE DEAL"
Red Dog Pet Resort & Spa Boston,2026-09-22,4.6,4.6 stars,Dog day care center,"274 Southampton St, Boston, MA 02118, United States",+1 617-427-2220,https://reddogpetresort.com/boston/,"8WJP+GG Boston, Massachusetts, USA",,added,False,False,pet-trainer-illustration-04@2x-480x480.png,"BOOK WITH OUR FREE CONCIERGE  |  (617) 830-8558
 
SERVICES
LOCATIONS
WHY RED DOG
CURRENT OFFERS
BOOK NOW
BOSTON
BOOK NOWOUR RATES

YOUR PREMIER PET CARE PROVIDER THROUGHOUT THE BOSTON, MASSACHUSETTS AREA.

Red Dog Boston is a five-star pet resort, conveniently located off of 93 South near South Boston & Dorchester. With our trusted on-site veterinary partners, Boston Animal Hospital, just steps away, you can feel confident your pup is safe, happy, and well cared for. Boston offers spacious Overnight Accommodations, Doggie Daycare, full-service Salon & Spa, and a state-of-the-art Aquatics Center. Our Care Team is here 24/7, so your pet receives our high-quality care around the clock.


OVERNIGHT ACCOMMODATIONS

DAYCARE

DAY STAY

PUPPY PLAYCARE

GROOMING

AQUATICS
BOOK NOW
DOGGIE DAYCARE AS LOW AS $26/DAY WITH OUR DOGGIE DAYCARE MONTHLY MEMBERSHIPS!

See details below

phone: 617-427-2220
email: boston@reddogpetresort.com

12 + 12 = 

SUBMIT
HOURS OF OPERATION

Monday-Friday: 7am-7pm
Saturday: 8am-4pm
Sunday: 1pm-4pm

Please note that our lobby is closed on major holidays and we are not able to do check-ins or check-outs on these days (New Year’s Day, Easter, Memorial Day, Independence Day, Labor Day, Thanksgiving Day and Christmas Day).

Currently offered Monday – Friday at our Boston location on Southampton Street

RED DOG’S PUPPY PLAYCARE PROGRAM
Red Dog’s Puppy Playcare is designed for puppies 12 weeks to 5 months old who aren’t quite ready for daycare but are ready to explore the world around them. This fun, enriching program supports safe socialization during a critical stage of physical and mental development. Our Puppy Specialists provide positive interactions, introduce everyday experiences, reinforce potty and crate habits, and guide group socialization.
Please note: Puppy Playcare is not a training program. Puppies showing behavioral challenges will be referred to a certified trainer.

Click Here To Learn More about our Puppy Playcare Program

NEW PUPPY QUESTIONNAIRE

Full-Day Half Day: $65

Half Day (5 hours of less): $52

ADDITIONAL PEAK DETAILS
PEAK OVERNIGHT RATE PERIODS

Traveling for the holidays can be stressful, which is why at Red Dog we want to make leaving your furry family member with us worry free! We make sure that our pet guests get to celebrate in style while staying with all of their friends. This includes special holiday treat options to make their holiday stay the best one yet.

 

2026 PEAK OVERNIGHT RATE PERIODS:

January 1 – 5
February 13 – 23
April 17 – 27
May 22 – September 8
October 9 – 12
November 21 – 30
December 18 – 31

2027:

January 1-4

INTRODUCING OUR BRAND-NEW
DOGGIE DAYCARE MONTHLY MEMBERSHIPS!

Perfect for pups who love to visit Red Dog on a regular schedule.
Four unique membership packages will surely make your dog’s tail wag.

SILVER PAW
4 Full-Days of Daycare Included per Month
$
196($49 / day)
GOLD PAW
8 Full-Days of Daycare Included per Month
$
368($46 / day)
PLATINUM PAW
12 Full-Days of Daycare Included per Month*
$
492($41 / day)
UNLIMITED PAW
30 Full-Days of Daycare Included per Month*
$
780(as low as $26 / day)

*Platinum Paw: 5% savings on Overnight Stays (applies to room rate only)

*Unlimited Paw: 10% savings on Overnight Stays (applies to room rate only) + 10% savings on all Grooming Services

LEARN MORE
CLICK BELOW TO TOUR BOSTON!
LOCAL PARTNERS
MEET THE BOSTON MANAGERS

At Red Dog Pet Resort & Spa, exceptional care begins with a personal touch. Our managers are actively involved with pets throughout the day, forming meaningful connections and understanding their unique needs. By guiding and supporting our pet care team, they ensure every pet’s stay is safe, comfortable, and truly enjoyable.

ALYSSA
DIRECTOR OF OPERATIONS
ALEXIA
OPERATIONS TRAINING COORDINATOR
BOBBY
RESORT OPERATIONS ASSISTANT MANAGER
LOCATIONS

BOSTON

NORTHSHORE

NORTH STATION

CINCINNATI

MASON

SPRINGDALE

BLUE ASH

ABOUT US

WHY RED DOG

EVENTS CALENDAR

FAQS

PEAK OVERNIGHT POLICIES

OUR FAMILY

EMPLOYMENT OPPORTUNITIES

PAWFFICE ASSISTANTS

2026
Close this module
Additional 10% off
your first booked service.

Join the Red Dog Pack for deals, events, and emails worth wagging about. Your dog would want you to.

Email
Enter your email address
FETCH THE DEAL"
Red Dog Pet Resort & Spa Boston,2026-09-22,4.6,4.6 stars,Dog day care center,"274 Southampton St, Boston, MA 02118, United States",+1 617-427-2220,https://reddogpetresort.com/boston/,"8WJP+GG Boston, Massachusetts, USA",,added,False,False,pet-trainer-illustration-04@2x-980x980.png,"BOOK WITH OUR FREE CONCIERGE  |  (617) 830-8558
 
SERVICES
LOCATIONS
WHY RED DOG
CURRENT OFFERS
BOOK NOW
BOSTON
BOOK NOWOUR RATES

YOUR PREMIER PET CARE PROVIDER THROUGHOUT THE BOSTON, MASSACHUSETTS AREA.

Red Dog Boston is a five-star pet resort, conveniently located off of 93 South near South Boston & Dorchester. With our trusted on-site veterinary partners, Boston Animal Hospital, just steps away, you can feel confident your pup is safe, happy, and well cared for. Boston offers spacious Overnight Accommodations, Doggie Daycare, full-service Salon & Spa, and a state-of-the-art Aquatics Center. Our Care Team is here 24/7, so your pet receives our high-quality care around the clock.


OVERNIGHT ACCOMMODATIONS

DAYCARE

DAY STAY

PUPPY PLAYCARE

GROOMING

AQUATICS
BOOK NOW
DOGGIE DAYCARE AS LOW AS $26/DAY WITH OUR DOGGIE DAYCARE MONTHLY MEMBERSHIPS!

See details below

phone: 617-427-2220
email: boston@reddogpetresort.com

12 + 12 = 

SUBMIT
HOURS OF OPERATION

Monday-Friday: 7am-7pm
Saturday: 8am-4pm
Sunday: 1pm-4pm

Please note that our lobby is closed on major holidays and we are not able to do check-ins or check-outs on these days (New Year’s Day, Easter, Memorial Day, Independence Day, Labor Day, Thanksgiving Day and Christmas Day).

Currently offered Monday – Friday at our Boston location on Southampton Street

RED DOG’S PUPPY PLAYCARE PROGRAM
Red Dog’s Puppy Playcare is designed for puppies 12 weeks to 5 months old who aren’t quite ready for daycare but are ready to explore the world around them. This fun, enriching program supports safe socialization during a critical stage of physical and mental development. Our Puppy Specialists provide positive interactions, introduce everyday experiences, reinforce potty and crate habits, and guide group socialization.
Please note: Puppy Playcare is not a training program. Puppies showing behavioral challenges will be referred to a certified trainer.

Click Here To Learn More about our Puppy Playcare Program

NEW PUPPY QUESTIONNAIRE

Full-Day Half Day: $65

Half Day (5 hours of less): $52

ADDITIONAL PEAK DETAILS
PEAK OVERNIGHT RATE PERIODS

Traveling for the holidays can be stressful, which is why at Red Dog we want to make leaving your furry family member with us worry free! We make sure that our pet guests get to celebrate in style while staying with all of their friends. This includes special holiday treat options to make their holiday stay the best one yet.

 

2026 PEAK OVERNIGHT RATE PERIODS:

January 1 – 5
February 13 – 23
April 17 – 27
May 22 – September 8
October 9 – 12
November 21 – 30
December 18 – 31

2027:

January 1-4

INTRODUCING OUR BRAND-NEW
DOGGIE DAYCARE MONTHLY MEMBERSHIPS!

Perfect for pups who love to visit Red Dog on a regular schedule.
Four unique membership packages will surely make your dog’s tail wag.

SILVER PAW
4 Full-Days of Daycare Included per Month
$
196($49 / day)
GOLD PAW
8 Full-Days of Daycare Included per Month
$
368($46 / day)
PLATINUM PAW
12 Full-Days of Daycare Included per Month*
$
492($41 / day)
UNLIMITED PAW
30 Full-Days of Daycare Included per Month*
$
780(as low as $26 / day)

*Platinum Paw: 5% savings on Overnight Stays (applies to room rate only)

*Unlimited Paw: 10% savings on Overnight Stays (applies to room rate only) + 10% savings on all Grooming Services

LEARN MORE
CLICK BELOW TO TOUR BOSTON!
LOCAL PARTNERS
MEET THE BOSTON MANAGERS

At Red Dog Pet Resort & Spa, exceptional care begins with a personal touch. Our managers are actively involved with pets throughout the day, forming meaningful connections and understanding their unique needs. By guiding and supporting our pet care team, they ensure every pet’s stay is safe, comfortable, and truly enjoyable.

ALYSSA
DIRECTOR OF OPERATIONS
ALEXIA
OPERATIONS TRAINING COORDINATOR
BOBBY
RESORT OPERATIONS ASSISTANT MANAGER
LOCATIONS

BOSTON

NORTHSHORE

NORTH STATION

CINCINNATI

MASON

SPRINGDALE

BLUE ASH

ABOUT US

WHY RED DOG

EVENTS CALENDAR

FAQS

PEAK OVERNIGHT POLICIES

OUR FAMILY

EMPLOYMENT OPPORTUNITIES

PAWFFICE ASSISTANTS

2026
Close this module
Additional 10% off
your first booked service.

Join the Red Dog Pack for deals, events, and emails worth wagging about. Your dog would want you to.

Email
Enter your email address
FETCH THE DEAL"
Red Dog Pet Resort & Spa Boston,2026-09-22,4.6,4.6 stars,Dog day care center,"274 Southampton St, Boston, MA 02118, United States",+1 617-427-2220,https://reddogpetresort.com/boston/,"8WJP+GG Boston, Massachusetts, USA",,added,False,False,pet-trainer-illustration-12@2x-1280x890.png,"BOOK WITH OUR FREE CONCIERGE  |  (617) 830-8558
 
SERVICES
LOCATIONS
WHY RED DOG
CURRENT OFFERS
BOOK NOW
BOSTON
BOOK NOWOUR RATES

YOUR PREMIER PET CARE PROVIDER THROUGHOUT THE BOSTON, MASSACHUSETTS AREA.

Red Dog Boston is a five-star pet resort, conveniently located off of 93 South near South Boston & Dorchester. With our trusted on-site veterinary partners, Boston Animal Hospital, just steps away, you can feel confident your pup is safe, happy, and well cared for. Boston offers spacious Overnight Accommodations, Doggie Daycare, full-service Salon & Spa, and a state-of-the-art Aquatics Center. Our Care Team is here 24/7, so your pet receives our high-quality care around the clock.


OVERNIGHT ACCOMMODATIONS

DAYCARE

DAY STAY

PUPPY PLAYCARE

GROOMING

AQUATICS
BOOK NOW
DOGGIE DAYCARE AS LOW AS $26/DAY WITH OUR DOGGIE DAYCARE MONTHLY MEMBERSHIPS!

See details below

phone: 617-427-2220
email: boston@reddogpetresort.com

12 + 12 = 

SUBMIT
HOURS OF OPERATION

Monday-Friday: 7am-7pm
Saturday: 8am-4pm
Sunday: 1pm-4pm

Please note that our lobby is closed on major holidays and we are not able to do check-ins or check-outs on these days (New Year’s Day, Easter, Memorial Day, Independence Day, Labor Day, Thanksgiving Day and Christmas Day).

Currently offered Monday – Friday at our Boston location on Southampton Street

RED DOG’S PUPPY PLAYCARE PROGRAM
Red Dog’s Puppy Playcare is designed for puppies 12 weeks to 5 months old who aren’t quite ready for daycare but are ready to explore the world around them. This fun, enriching program supports safe socialization during a critical stage of physical and mental development. Our Puppy Specialists provide positive interactions, introduce everyday experiences, reinforce potty and crate habits, and guide group socialization.
Please note: Puppy Playcare is not a training program. Puppies showing behavioral challenges will be referred to a certified trainer.

Click Here To Learn More about our Puppy Playcare Program

NEW PUPPY QUESTIONNAIRE

Full-Day Half Day: $65

Half Day (5 hours of less): $52

ADDITIONAL PEAK DETAILS
PEAK OVERNIGHT RATE PERIODS

Traveling for the holidays can be stressful, which is why at Red Dog we want to make leaving your furry family member with us worry free! We make sure that our pet guests get to celebrate in style while staying with all of their friends. This includes special holiday treat options to make their holiday stay the best one yet.

 

2026 PEAK OVERNIGHT RATE PERIODS:

January 1 – 5
February 13 – 23
April 17 – 27
May 22 – September 8
October 9 – 12
November 21 – 30
December 18 – 31

2027:

January 1-4

INTRODUCING OUR BRAND-NEW
DOGGIE DAYCARE MONTHLY MEMBERSHIPS!

Perfect for pups who love to visit Red Dog on a regular schedule.
Four unique membership packages will surely make your dog’s tail wag.

SILVER PAW
4 Full-Days of Daycare Included per Month
$
196($49 / day)
GOLD PAW
8 Full-Days of Daycare Included per Month
$
368($46 / day)
PLATINUM PAW
12 Full-Days of Daycare Included per Month*
$
492($41 / day)
UNLIMITED PAW
30 Full-Days of Daycare Included per Month*
$
780(as low as $26 / day)

*Platinum Paw: 5% savings on Overnight Stays (applies to room rate only)

*Unlimited Paw: 10% savings on Overnight Stays (applies to room rate only) + 10% savings on all Grooming Services

LEARN MORE
CLICK BELOW TO TOUR BOSTON!
LOCAL PARTNERS
MEET THE BOSTON MANAGERS

At Red Dog Pet Resort & Spa, exceptional care begins with a personal touch. Our managers are actively involved with pets throughout the day, forming meaningful connections and understanding their unique needs. By guiding and supporting our pet care team, they ensure every pet’s stay is safe, comfortable, and truly enjoyable.

ALYSSA
DIRECTOR OF OPERATIONS
ALEXIA
OPERATIONS TRAINING COORDINATOR
BOBBY
RESORT OPERATIONS ASSISTANT MANAGER
LOCATIONS

BOSTON

NORTHSHORE

NORTH STATION

CINCINNATI

MASON

SPRINGDALE

BLUE ASH

ABOUT US

WHY RED DOG

EVENTS CALENDAR

FAQS

PEAK OVERNIGHT POLICIES

OUR FAMILY

EMPLOYMENT OPPORTUNITIES

PAWFFICE ASSISTANTS

2026
Close this module
Additional 10% off
your first booked service.

Join the Red Dog Pack for deals, events, and emails worth wagging about. Your dog would want you to.

Email
Enter your email address
FETCH THE DEAL"
Red Dog Pet Resort & Spa Boston,2026-09-22,4.6,4.6 stars,Dog day care center,"274 Southampton St, Boston, MA 02118, United States",+1 617-427-2220,https://reddogpetresort.com/boston/,"8WJP+GG Boston, Massachusetts, USA",,added,False,False,pet-trainer-illustration-12@2x-480x334.png,"BOOK WITH OUR FREE CONCIERGE  |  (617) 830-8558
 
SERVICES
LOCATIONS
WHY RED DOG
CURRENT OFFERS
BOOK NOW
BOSTON
BOOK NOWOUR RATES

YOUR PREMIER PET CARE PROVIDER THROUGHOUT THE BOSTON, MASSACHUSETTS AREA.

Red Dog Boston is a five-star pet resort, conveniently located off of 93 South near South Boston & Dorchester. With our trusted on-site veterinary partners, Boston Animal Hospital, just steps away, you can feel confident your pup is safe, happy, and well cared for. Boston offers spacious Overnight Accommodations, Doggie Daycare, full-service Salon & Spa, and a state-of-the-art Aquatics Center. Our Care Team is here 24/7, so your pet receives our high-quality care around the clock.


OVERNIGHT ACCOMMODATIONS

DAYCARE

DAY STAY

PUPPY PLAYCARE

GROOMING

AQUATICS
BOOK NOW
DOGGIE DAYCARE AS LOW AS $26/DAY WITH OUR DOGGIE DAYCARE MONTHLY MEMBERSHIPS!

See details below

phone: 617-427-2220
email: boston@reddogpetresort.com

12 + 12 = 

SUBMIT
HOURS OF OPERATION

Monday-Friday: 7am-7pm
Saturday: 8am-4pm
Sunday: 1pm-4pm

Please note that our lobby is closed on major holidays and we are not able to do check-ins or check-outs on these days (New Year’s Day, Easter, Memorial Day, Independence Day, Labor Day, Thanksgiving Day and Christmas Day).

Currently offered Monday – Friday at our Boston location on Southampton Street

RED DOG’S PUPPY PLAYCARE PROGRAM
Red Dog’s Puppy Playcare is designed for puppies 12 weeks to 5 months old who aren’t quite ready for daycare but are ready to explore the world around them. This fun, enriching program supports safe socialization during a critical stage of physical and mental development. Our Puppy Specialists provide positive interactions, introduce everyday experiences, reinforce potty and crate habits, and guide group socialization.
Please note: Puppy Playcare is not a training program. Puppies showing behavioral challenges will be referred to a certified trainer.

Click Here To Learn More about our Puppy Playcare Program

NEW PUPPY QUESTIONNAIRE

Full-Day Half Day: $65

Half Day (5 hours of less): $52

ADDITIONAL PEAK DETAILS
PEAK OVERNIGHT RATE PERIODS

Traveling for the holidays can be stressful, which is why at Red Dog we want to make leaving your furry family member with us worry free! We make sure that our pet guests get to celebrate in style while staying with all of their friends. This includes special holiday treat options to make their holiday stay the best one yet.

 

2026 PEAK OVERNIGHT RATE PERIODS:

January 1 – 5
February 13 – 23
April 17 – 27
May 22 – September 8
October 9 – 12
November 21 – 30
December 18 – 31

2027:

January 1-4

INTRODUCING OUR BRAND-NEW
DOGGIE DAYCARE MONTHLY MEMBERSHIPS!

Perfect for pups who love to visit Red Dog on a regular schedule.
Four unique membership packages will surely make your dog’s tail wag.

SILVER PAW
4 Full-Days of Daycare Included per Month
$
196($49 / day)
GOLD PAW
8 Full-Days of Daycare Included per Month
$
368($46 / day)
PLATINUM PAW
12 Full-Days of Daycare Included per Month*
$
492($41 / day)
UNLIMITED PAW
30 Full-Days of Daycare Included per Month*
$
780(as low as $26 / day)

*Platinum Paw: 5% savings on Overnight Stays (applies to room rate only)

*Unlimited Paw: 10% savings on Overnight Stays (applies to room rate only) + 10% savings on all Grooming Services

LEARN MORE
CLICK BELOW TO TOUR BOSTON!
LOCAL PARTNERS
MEET THE BOSTON MANAGERS

At Red Dog Pet Resort & Spa, exceptional care begins with a personal touch. Our managers are actively involved with pets throughout the day, forming meaningful connections and understanding their unique needs. By guiding and supporting our pet care team, they ensure every pet’s stay is safe, comfortable, and truly enjoyable.

ALYSSA
DIRECTOR OF OPERATIONS
ALEXIA
OPERATIONS TRAINING COORDINATOR
BOBBY
RESORT OPERATIONS ASSISTANT MANAGER
LOCATIONS

BOSTON

NORTHSHORE

NORTH STATION

CINCINNATI

MASON

SPRINGDALE

BLUE ASH

ABOUT US

WHY RED DOG

EVENTS CALENDAR

FAQS

PEAK OVERNIGHT POLICIES

OUR FAMILY

EMPLOYMENT OPPORTUNITIES

PAWFFICE ASSISTANTS

2026
Close this module
Additional 10% off
your first booked service.

Join the Red Dog Pack for deals, events, and emails worth wagging about. Your dog would want you to.

Email
Enter your email address
FETCH THE DEAL"
Red Dog Pet Resort & Spa Boston,2026-09-22,4.6,4.6 stars,Dog day care center,"274 Southampton St, Boston, MA 02118, United States",+1 617-427-2220,https://reddogpetresort.com/boston/,"8WJP+GG Boston, Massachusetts, USA",,added,False,False,pet-trainer-illustration-12@2x-980x682.png,"BOOK WITH OUR FREE CONCIERGE  |  (617) 830-8558
 
SERVICES
LOCATIONS
WHY RED DOG
CURRENT OFFERS
BOOK NOW
BOSTON
BOOK NOWOUR RATES

YOUR PREMIER PET CARE PROVIDER THROUGHOUT THE BOSTON, MASSACHUSETTS AREA.

Red Dog Boston is a five-star pet resort, conveniently located off of 93 South near South Boston & Dorchester. With our trusted on-site veterinary partners, Boston Animal Hospital, just steps away, you can feel confident your pup is safe, happy, and well cared for. Boston offers spacious Overnight Accommodations, Doggie Daycare, full-service Salon & Spa, and a state-of-the-art Aquatics Center. Our Care Team is here 24/7, so your pet receives our high-quality care around the clock.


OVERNIGHT ACCOMMODATIONS

DAYCARE

DAY STAY

PUPPY PLAYCARE

GROOMING

AQUATICS
BOOK NOW
DOGGIE DAYCARE AS LOW AS $26/DAY WITH OUR DOGGIE DAYCARE MONTHLY MEMBERSHIPS!

See details below

phone: 617-427-2220
email: boston@reddogpetresort.com

12 + 12 = 

SUBMIT
HOURS OF OPERATION

Monday-Friday: 7am-7pm
Saturday: 8am-4pm
Sunday: 1pm-4pm

Please note that our lobby is closed on major holidays and we are not able to do check-ins or check-outs on these days (New Year’s Day, Easter, Memorial Day, Independence Day, Labor Day, Thanksgiving Day and Christmas Day).

Currently offered Monday – Friday at our Boston location on Southampton Street

RED DOG’S PUPPY PLAYCARE PROGRAM
Red Dog’s Puppy Playcare is designed for puppies 12 weeks to 5 months old who aren’t quite ready for daycare but are ready to explore the world around them. This fun, enriching program supports safe socialization during a critical stage of physical and mental development. Our Puppy Specialists provide positive interactions, introduce everyday experiences, reinforce potty and crate habits, and guide group socialization.
Please note: Puppy Playcare is not a training program. Puppies showing behavioral challenges will be referred to a certified trainer.

Click Here To Learn More about our Puppy Playcare Program

NEW PUPPY QUESTIONNAIRE

Full-Day Half Day: $65

Half Day (5 hours of less): $52

ADDITIONAL PEAK DETAILS
PEAK OVERNIGHT RATE PERIODS

Traveling for the holidays can be stressful, which is why at Red Dog we want to make leaving your furry family member with us worry free! We make sure that our pet guests get to celebrate in style while staying with all of their friends. This includes special holiday treat options to make their holiday stay the best one yet.

 

2026 PEAK OVERNIGHT RATE PERIODS:

January 1 – 5
February 13 – 23
April 17 – 27
May 22 – September 8
October 9 – 12
November 21 – 30
December 18 – 31

2027:

January 1-4

INTRODUCING OUR BRAND-NEW
DOGGIE DAYCARE MONTHLY MEMBERSHIPS!

Perfect for pups who love to visit Red Dog on a regular schedule.
Four unique membership packages will surely make your dog’s tail wag.

SILVER PAW
4 Full-Days of Daycare Included per Month
$
196($49 / day)
GOLD PAW
8 Full-Days of Daycare Included per Month
$
368($46 / day)
PLATINUM PAW
12 Full-Days of Daycare Included per Month*
$
492($41 / day)
UNLIMITED PAW
30 Full-Days of Daycare Included per Month*
$
780(as low as $26 / day)

*Platinum Paw: 5% savings on Overnight Stays (applies to room rate only)

*Unlimited Paw: 10% savings on Overnight Stays (applies to room rate only) + 10% savings on all Grooming Services

LEARN MORE
CLICK BELOW TO TOUR BOSTON!
LOCAL PARTNERS
MEET THE BOSTON MANAGERS

At Red Dog Pet Resort & Spa, exceptional care begins with a personal touch. Our managers are actively involved with pets throughout the day, forming meaningful connections and understanding their unique needs. By guiding and supporting our pet care team, they ensure every pet’s stay is safe, comfortable, and truly enjoyable.

ALYSSA
DIRECTOR OF OPERATIONS
ALEXIA
OPERATIONS TRAINING COORDINATOR
BOBBY
RESORT OPERATIONS ASSISTANT MANAGER
LOCATIONS

BOSTON

NORTHSHORE

NORTH STATION

CINCINNATI

MASON

SPRINGDALE

BLUE ASH

ABOUT US

WHY RED DOG

EVENTS CALENDAR

FAQS

PEAK OVERNIGHT POLICIES

OUR FAMILY

EMPLOYMENT OPPORTUNITIES

PAWFFICE ASSISTANTS

2026
Close this module
Additional 10% off
your first booked service.

Join the Red Dog Pack for deals, events, and emails worth wagging about. Your dog would want you to.

Email
Enter your email address
FETCH THE DEAL"
Red Dog Pet Resort & Spa Boston,2026-09-22,4.6,4.6 stars,Dog day care center,"274 Southampton St, Boston, MA 02118, United States",+1 617-427-2220,https://reddogpetresort.com/boston/,"8WJP+GG Boston, Massachusetts, USA",,added,False,False,pet-trainer-illustration-14@2x-267x300.png,"BOOK WITH OUR FREE CONCIERGE  |  (617) 830-8558
 
SERVICES
LOCATIONS
WHY RED DOG
CURRENT OFFERS
BOOK NOW
BOSTON
BOOK NOWOUR RATES

YOUR PREMIER PET CARE PROVIDER THROUGHOUT THE BOSTON, MASSACHUSETTS AREA.

Red Dog Boston is a five-star pet resort, conveniently located off of 93 South near South Boston & Dorchester. With our trusted on-site veterinary partners, Boston Animal Hospital, just steps away, you can feel confident your pup is safe, happy, and well cared for. Boston offers spacious Overnight Accommodations, Doggie Daycare, full-service Salon & Spa, and a state-of-the-art Aquatics Center. Our Care Team is here 24/7, so your pet receives our high-quality care around the clock.


OVERNIGHT ACCOMMODATIONS

DAYCARE

DAY STAY

PUPPY PLAYCARE

GROOMING

AQUATICS
BOOK NOW
DOGGIE DAYCARE AS LOW AS $26/DAY WITH OUR DOGGIE DAYCARE MONTHLY MEMBERSHIPS!

See details below

phone: 617-427-2220
email: boston@reddogpetresort.com

12 + 12 = 

SUBMIT
HOURS OF OPERATION

Monday-Friday: 7am-7pm
Saturday: 8am-4pm
Sunday: 1pm-4pm

Please note that our lobby is closed on major holidays and we are not able to do check-ins or check-outs on these days (New Year’s Day, Easter, Memorial Day, Independence Day, Labor Day, Thanksgiving Day and Christmas Day).

Currently offered Monday – Friday at our Boston location on Southampton Street

RED DOG’S PUPPY PLAYCARE PROGRAM
Red Dog’s Puppy Playcare is designed for puppies 12 weeks to 5 months old who aren’t quite ready for daycare but are ready to explore the world around them. This fun, enriching program supports safe socialization during a critical stage of physical and mental development. Our Puppy Specialists provide positive interactions, introduce everyday experiences, reinforce potty and crate habits, and guide group socialization.
Please note: Puppy Playcare is not a training program. Puppies showing behavioral challenges will be referred to a certified trainer.

Click Here To Learn More about our Puppy Playcare Program

NEW PUPPY QUESTIONNAIRE

Full-Day Half Day: $65

Half Day (5 hours of less): $52

ADDITIONAL PEAK DETAILS
PEAK OVERNIGHT RATE PERIODS

Traveling for the holidays can be stressful, which is why at Red Dog we want to make leaving your furry family member with us worry free! We make sure that our pet guests get to celebrate in style while staying with all of their friends. This includes special holiday treat options to make their holiday stay the best one yet.

 

2026 PEAK OVERNIGHT RATE PERIODS:

January 1 – 5
February 13 – 23
April 17 – 27
May 22 – September 8
October 9 – 12
November 21 – 30
December 18 – 31

2027:

January 1-4

INTRODUCING OUR BRAND-NEW
DOGGIE DAYCARE MONTHLY MEMBERSHIPS!

Perfect for pups who love to visit Red Dog on a regular schedule.
Four unique membership packages will surely make your dog’s tail wag.

SILVER PAW
4 Full-Days of Daycare Included per Month
$
196($49 / day)
GOLD PAW
8 Full-Days of Daycare Included per Month
$
368($46 / day)
PLATINUM PAW
12 Full-Days of Daycare Included per Month*
$
492($41 / day)
UNLIMITED PAW
30 Full-Days of Daycare Included per Month*
$
780(as low as $26 / day)

*Platinum Paw: 5% savings on Overnight Stays (applies to room rate only)

*Unlimited Paw: 10% savings on Overnight Stays (applies to room rate only) + 10% savings on all Grooming Services

LEARN MORE
CLICK BELOW TO TOUR BOSTON!
LOCAL PARTNERS
MEET THE BOSTON MANAGERS

At Red Dog Pet Resort & Spa, exceptional care begins with a personal touch. Our managers are actively involved with pets throughout the day, forming meaningful connections and understanding their unique needs. By guiding and supporting our pet care team, they ensure every pet’s stay is safe, comfortable, and truly enjoyable.

ALYSSA
DIRECTOR OF OPERATIONS
ALEXIA
OPERATIONS TRAINING COORDINATOR
BOBBY
RESORT OPERATIONS ASSISTANT MANAGER
LOCATIONS

BOSTON

NORTHSHORE

NORTH STATION

CINCINNATI

MASON

SPRINGDALE

BLUE ASH

ABOUT US

WHY RED DOG

EVENTS CALENDAR

FAQS

PEAK OVERNIGHT POLICIES

OUR FAMILY

EMPLOYMENT OPPORTUNITIES

PAWFFICE ASSISTANTS

2026
Close this module
Additional 10% off
your first booked service.

Join the Red Dog Pack for deals, events, and emails worth wagging about. Your dog would want you to.

Email
Enter your email address
FETCH THE DEAL"
Red Dog Pet Resort & Spa Boston,2026-09-22,4.6,4.6 stars,Dog day care center,"274 Southampton St, Boston, MA 02118, United States",+1 617-427-2220,https://reddogpetresort.com/boston/,"8WJP+GG Boston, Massachusetts, USA",,added,False,False,pet-trainer-illustration-14@3x.png,"BOOK WITH OUR FREE CONCIERGE  |  (617) 830-8558
 
SERVICES
LOCATIONS
WHY RED DOG
CURRENT OFFERS
BOOK NOW
BOSTON
BOOK NOWOUR RATES

YOUR PREMIER PET CARE PROVIDER THROUGHOUT THE BOSTON, MASSACHUSETTS AREA.

Red Dog Boston is a five-star pet resort, conveniently located off of 93 South near South Boston & Dorchester. With our trusted on-site veterinary partners, Boston Animal Hospital, just steps away, you can feel confident your pup is safe, happy, and well cared for. Boston offers spacious Overnight Accommodations, Doggie Daycare, full-service Salon & Spa, and a state-of-the-art Aquatics Center. Our Care Team is here 24/7, so your pet receives our high-quality care around the clock.


OVERNIGHT ACCOMMODATIONS

DAYCARE

DAY STAY

PUPPY PLAYCARE

GROOMING

AQUATICS
BOOK NOW
DOGGIE DAYCARE AS LOW AS $26/DAY WITH OUR DOGGIE DAYCARE MONTHLY MEMBERSHIPS!

See details below

phone: 617-427-2220
email: boston@reddogpetresort.com

12 + 12 = 

SUBMIT
HOURS OF OPERATION

Monday-Friday: 7am-7pm
Saturday: 8am-4pm
Sunday: 1pm-4pm

Please note that our lobby is closed on major holidays and we are not able to do check-ins or check-outs on these days (New Year’s Day, Easter, Memorial Day, Independence Day, Labor Day, Thanksgiving Day and Christmas Day).

Currently offered Monday – Friday at our Boston location on Southampton Street

RED DOG’S PUPPY PLAYCARE PROGRAM
Red Dog’s Puppy Playcare is designed for puppies 12 weeks to 5 months old who aren’t quite ready for daycare but are ready to explore the world around them. This fun, enriching program supports safe socialization during a critical stage of physical and mental development. Our Puppy Specialists provide positive interactions, introduce everyday experiences, reinforce potty and crate habits, and guide group socialization.
Please note: Puppy Playcare is not a training program. Puppies showing behavioral challenges will be referred to a certified trainer.

Click Here To Learn More about our Puppy Playcare Program

NEW PUPPY QUESTIONNAIRE

Full-Day Half Day: $65

Half Day (5 hours of less): $52

ADDITIONAL PEAK DETAILS
PEAK OVERNIGHT RATE PERIODS

Traveling for the holidays can be stressful, which is why at Red Dog we want to make leaving your furry family member with us worry free! We make sure that our pet guests get to celebrate in style while staying with all of their friends. This includes special holiday treat options to make their holiday stay the best one yet.

 

2026 PEAK OVERNIGHT RATE PERIODS:

January 1 – 5
February 13 – 23
April 17 – 27
May 22 – September 8
October 9 – 12
November 21 – 30
December 18 – 31

2027:

January 1-4

INTRODUCING OUR BRAND-NEW
DOGGIE DAYCARE MONTHLY MEMBERSHIPS!

Perfect for pups who love to visit Red Dog on a regular schedule.
Four unique membership packages will surely make your dog’s tail wag.

SILVER PAW
4 Full-Days of Daycare Included per Month
$
196($49 / day)
GOLD PAW
8 Full-Days of Daycare Included per Month
$
368($46 / day)
PLATINUM PAW
12 Full-Days of Daycare Included per Month*
$
492($41 / day)
UNLIMITED PAW
30 Full-Days of Daycare Included per Month*
$
780(as low as $26 / day)

*Platinum Paw: 5% savings on Overnight Stays (applies to room rate only)

*Unlimited Paw: 10% savings on Overnight Stays (applies to room rate only) + 10% savings on all Grooming Services

LEARN MORE
CLICK BELOW TO TOUR BOSTON!
LOCAL PARTNERS
MEET THE BOSTON MANAGERS

At Red Dog Pet Resort & Spa, exceptional care begins with a personal touch. Our managers are actively involved with pets throughout the day, forming meaningful connections and understanding their unique needs. By guiding and supporting our pet care team, they ensure every pet’s stay is safe, comfortable, and truly enjoyable.

ALYSSA
DIRECTOR OF OPERATIONS
ALEXIA
OPERATIONS TRAINING COORDINATOR
BOBBY
RESORT OPERATIONS ASSISTANT MANAGER
LOCATIONS

BOSTON

NORTHSHORE

NORTH STATION

CINCINNATI

MASON

SPRINGDALE

BLUE ASH

ABOUT US

WHY RED DOG

EVENTS CALENDAR

FAQS

PEAK OVERNIGHT POLICIES

OUR FAMILY

EMPLOYMENT OPPORTUNITIES

PAWFFICE ASSISTANTS

2026
Close this module
Additional 10% off
your first booked service.

Join the Red Dog Pack for deals, events, and emails worth wagging about. Your dog would want you to.

Email
Enter your email address
FETCH THE DEAL"
Red Dog Pet Resort & Spa Boston,2026-09-22,4.6,4.6 stars,Dog day care center,"274 Southampton St, Boston, MA 02118, United States",+1 617-427-2220,https://reddogpetresort.com/boston/,"8WJP+GG Boston, Massachusetts, USA",,added,False,False,springdale@reddogpetresort.com,"BOOK WITH OUR FREE CONCIERGE  |  (617) 830-8558
 
SERVICES
LOCATIONS
WHY RED DOG
CURRENT OFFERS
BOOK NOW
BOSTON
BOOK NOWOUR RATES

YOUR PREMIER PET CARE PROVIDER THROUGHOUT THE BOSTON, MASSACHUSETTS AREA.

Red Dog Boston is a five-star pet resort, conveniently located off of 93 South near South Boston & Dorchester. With our trusted on-site veterinary partners, Boston Animal Hospital, just steps away, you can feel confident your pup is safe, happy, and well cared for. Boston offers spacious Overnight Accommodations, Doggie Daycare, full-service Salon & Spa, and a state-of-the-art Aquatics Center. Our Care Team is here 24/7, so your pet receives our high-quality care around the clock.


OVERNIGHT ACCOMMODATIONS

DAYCARE

DAY STAY

PUPPY PLAYCARE

GROOMING

AQUATICS
BOOK NOW
DOGGIE DAYCARE AS LOW AS $26/DAY WITH OUR DOGGIE DAYCARE MONTHLY MEMBERSHIPS!

See details below

phone: 617-427-2220
email: boston@reddogpetresort.com

12 + 12 = 

SUBMIT
HOURS OF OPERATION

Monday-Friday: 7am-7pm
Saturday: 8am-4pm
Sunday: 1pm-4pm

Please note that our lobby is closed on major holidays and we are not able to do check-ins or check-outs on these days (New Year’s Day, Easter, Memorial Day, Independence Day, Labor Day, Thanksgiving Day and Christmas Day).

Currently offered Monday – Friday at our Boston location on Southampton Street

RED DOG’S PUPPY PLAYCARE PROGRAM
Red Dog’s Puppy Playcare is designed for puppies 12 weeks to 5 months old who aren’t quite ready for daycare but are ready to explore the world around them. This fun, enriching program supports safe socialization during a critical stage of physical and mental development. Our Puppy Specialists provide positive interactions, introduce everyday experiences, reinforce potty and crate habits, and guide group socialization.
Please note: Puppy Playcare is not a training program. Puppies showing behavioral challenges will be referred to a certified trainer.

Click Here To Learn More about our Puppy Playcare Program

NEW PUPPY QUESTIONNAIRE

Full-Day Half Day: $65

Half Day (5 hours of less): $52

ADDITIONAL PEAK DETAILS
PEAK OVERNIGHT RATE PERIODS

Traveling for the holidays can be stressful, which is why at Red Dog we want to make leaving your furry family member with us worry free! We make sure that our pet guests get to celebrate in style while staying with all of their friends. This includes special holiday treat options to make their holiday stay the best one yet.

 

2026 PEAK OVERNIGHT RATE PERIODS:

January 1 – 5
February 13 – 23
April 17 – 27
May 22 – September 8
October 9 – 12
November 21 – 30
December 18 – 31

2027:

January 1-4

INTRODUCING OUR BRAND-NEW
DOGGIE DAYCARE MONTHLY MEMBERSHIPS!

Perfect for pups who love to visit Red Dog on a regular schedule.
Four unique membership packages will surely make your dog’s tail wag.

SILVER PAW
4 Full-Days of Daycare Included per Month
$
196($49 / day)
GOLD PAW
8 Full-Days of Daycare Included per Month
$
368($46 / day)
PLATINUM PAW
12 Full-Days of Daycare Included per Month*
$
492($41 / day)
UNLIMITED PAW
30 Full-Days of Daycare Included per Month*
$
780(as low as $26 / day)

*Platinum Paw: 5% savings on Overnight Stays (applies to room rate only)

*Unlimited Paw: 10% savings on Overnight Stays (applies to room rate only) + 10% savings on all Grooming Services

LEARN MORE
CLICK BELOW TO TOUR BOSTON!
LOCAL PARTNERS
MEET THE BOSTON MANAGERS

At Red Dog Pet Resort & Spa, exceptional care begins with a personal touch. Our managers are actively involved with pets throughout the day, forming meaningful connections and understanding their unique needs. By guiding and supporting our pet care team, they ensure every pet’s stay is safe, comfortable, and truly enjoyable.

ALYSSA
DIRECTOR OF OPERATIONS
ALEXIA
OPERATIONS TRAINING COORDINATOR
BOBBY
RESORT OPERATIONS ASSISTANT MANAGER
LOCATIONS

BOSTON

NORTHSHORE

NORTH STATION

CINCINNATI

MASON

SPRINGDALE

BLUE ASH

ABOUT US

WHY RED DOG

EVENTS CALENDAR

FAQS

PEAK OVERNIGHT POLICIES

OUR FAMILY

EMPLOYMENT OPPORTUNITIES

PAWFFICE ASSISTANTS

2026
Close this module
Additional 10% off
your first booked service.

Join the Red Dog Pack for deals, events, and emails worth wagging about. Your dog would want you to.

Email
Enter your email address
FETCH THE DEAL"
Red Dog Pet Resort & Spa Boston,2026-09-22,4.6,4.6 stars,Dog day care center,"274 Southampton St, Boston, MA 02118, United States",+1 617-427-2220,https://reddogpetresort.com/boston/,"8WJP+GG Boston, Massachusetts, USA",,added,False,False,training@reddogpetresort.com,"BOOK WITH OUR FREE CONCIERGE  |  (617) 830-8558
 
SERVICES
LOCATIONS
WHY RED DOG
CURRENT OFFERS
BOOK NOW
BOSTON
BOOK NOWOUR RATES

YOUR PREMIER PET CARE PROVIDER THROUGHOUT THE BOSTON, MASSACHUSETTS AREA.

Red Dog Boston is a five-star pet resort, conveniently located off of 93 South near South Boston & Dorchester. With our trusted on-site veterinary partners, Boston Animal Hospital, just steps away, you can feel confident your pup is safe, happy, and well cared for. Boston offers spacious Overnight Accommodations, Doggie Daycare, full-service Salon & Spa, and a state-of-the-art Aquatics Center. Our Care Team is here 24/7, so your pet receives our high-quality care around the clock.


OVERNIGHT ACCOMMODATIONS

DAYCARE

DAY STAY

PUPPY PLAYCARE

GROOMING

AQUATICS
BOOK NOW
DOGGIE DAYCARE AS LOW AS $26/DAY WITH OUR DOGGIE DAYCARE MONTHLY MEMBERSHIPS!

See details below

phone: 617-427-2220
email: boston@reddogpetresort.com

12 + 12 = 

SUBMIT
HOURS OF OPERATION

Monday-Friday: 7am-7pm
Saturday: 8am-4pm
Sunday: 1pm-4pm

Please note that our lobby is closed on major holidays and we are not able to do check-ins or check-outs on these days (New Year’s Day, Easter, Memorial Day, Independence Day, Labor Day, Thanksgiving Day and Christmas Day).

Currently offered Monday – Friday at our Boston location on Southampton Street

RED DOG’S PUPPY PLAYCARE PROGRAM
Red Dog’s Puppy Playcare is designed for puppies 12 weeks to 5 months old who aren’t quite ready for daycare but are ready to explore the world around them. This fun, enriching program supports safe socialization during a critical stage of physical and mental development. Our Puppy Specialists provide positive interactions, introduce everyday experiences, reinforce potty and crate habits, and guide group socialization.
Please note: Puppy Playcare is not a training program. Puppies showing behavioral challenges will be referred to a certified trainer.

Click Here To Learn More about our Puppy Playcare Program

NEW PUPPY QUESTIONNAIRE

Full-Day Half Day: $65

Half Day (5 hours of less): $52

ADDITIONAL PEAK DETAILS
PEAK OVERNIGHT RATE PERIODS

Traveling for the holidays can be stressful, which is why at Red Dog we want to make leaving your furry family member with us worry free! We make sure that our pet guests get to celebrate in style while staying with all of their friends. This includes special holiday treat options to make their holiday stay the best one yet.

 

2026 PEAK OVERNIGHT RATE PERIODS:

January 1 – 5
February 13 – 23
April 17 – 27
May 22 – September 8
October 9 – 12
November 21 – 30
December 18 – 31

2027:

January 1-4

INTRODUCING OUR BRAND-NEW
DOGGIE DAYCARE MONTHLY MEMBERSHIPS!

Perfect for pups who love to visit Red Dog on a regular schedule.
Four unique membership packages will surely make your dog’s tail wag.

SILVER PAW
4 Full-Days of Daycare Included per Month
$
196($49 / day)
GOLD PAW
8 Full-Days of Daycare Included per Month
$
368($46 / day)
PLATINUM PAW
12 Full-Days of Daycare Included per Month*
$
492($41 / day)
UNLIMITED PAW
30 Full-Days of Daycare Included per Month*
$
780(as low as $26 / day)

*Platinum Paw: 5% savings on Overnight Stays (applies to room rate only)

*Unlimited Paw: 10% savings on Overnight Stays (applies to room rate only) + 10% savings on all Grooming Services

LEARN MORE
CLICK BELOW TO TOUR BOSTON!
LOCAL PARTNERS
MEET THE BOSTON MANAGERS

At Red Dog Pet Resort & Spa, exceptional care begins with a personal touch. Our managers are actively involved with pets throughout the day, forming meaningful connections and understanding their unique needs. By guiding and supporting our pet care team, they ensure every pet’s stay is safe, comfortable, and truly enjoyable.

ALYSSA
DIRECTOR OF OPERATIONS
ALEXIA
OPERATIONS TRAINING COORDINATOR
BOBBY
RESORT OPERATIONS ASSISTANT MANAGER
LOCATIONS

BOSTON

NORTHSHORE

NORTH STATION

CINCINNATI

MASON

SPRINGDALE

BLUE ASH

ABOUT US

WHY RED DOG

EVENTS CALENDAR

FAQS

PEAK OVERNIGHT POLICIES

OUR FAMILY

EMPLOYMENT OPPORTUNITIES

PAWFFICE ASSISTANTS

2026
Close this module
Additional 10% off
your first booked service.

Join the Red Dog Pack for deals, events, and emails worth wagging about. Your dog would want you to.

Email
Enter your email address
FETCH THE DEAL"
BYOD dog wash,2026-09-22,4.6,4.6 stars,Pet groomer,"617 E Broadway, Boston, MA 02127, United States",+1 617-765-4800,http://www.laundromutt.com/,"8XP6+44 Boston, Massachusetts, USA",,added,False,False,,
Pawsh Dog Boutique,2026-09-22,4.7,4.7 stars,Pet supply store,"31 Gloucester St, Boston, MA 02115, United States",+1 617-391-0880,https://www.pawsh.com/,"8WX8+R9 Boston, Massachusetts, USA",,added,False,False,pawshboston@gmail.com,
The Doggy Port,2026-09-22,4.6,4.6 stars,Pet groomer,"236 Sumner St, East Boston, MA 02128, United States",+1 617-564-4686,https://thedoggyport.com/,"9X96+FC East Boston, Boston, MA, USA",,added,False,False,continental@thedoggyport.com,"Skip to main content
Home
About Us
Our Locations
Mobile
Services
Blog
Contact
Call or Text Us
(617) 564-4686
Facebook
 
Instagram
 
Tiktok
BOOK NOW
JOIN OUR VIP LIST
JOIN OUR VIP LIST
JOIN OUR VIP LIST
ABOUT US​

The Doggy Port LLC was created out of the love and admiration we have for our little ones. We wanted to create a cozy, friendly, and safe second home for our fluffy friends; through their experiences, smiles, barks of joy, and play dates with other adorable friends.

Satisfied Fur Friends
3
k
Years Of Experience
7
+
Expert Care.​
Expert Service.​

We provide the highest quality of care to your pet and strive to achieve the results to your satisfaction. Our highly trained professionals bring years of experience to our business while providing compassion, patience, and safety to your pet.

Book Now
Welcome to The Doggy Port – Where Every Tail Wags with Joy!
Grooming
Top-tier styling, hygienic care, and a calm, stress-free vibe for every breed. Personalized attention, polished results—and happier, wagging tails every time.
Learn More
Daycare
Your pup’s home away from home! Enjoy playtime, walks, and new furry friends while you're away.  Personalized care and tasty food options available.
Learn More
Dog Walks
Busy day? Let The Doggy Port handle your dog walks! Enjoy tailored service, daily photos, and updates, keeping your pup happy and you, informed!
Learn More
Overnight Boarding
Cozy stays, snuggles, and space to snooze. Sweet dreams! Heads up: Boarding is available at our West Roxbury location only.
Learn More
Price List
Our Policies
Book Today!

Let your dog enjoy the best care, play, and pampering at The Doggy Port!

Check Our Instagram
thedoggyport
 Can you imagine your dog looking THIS good with
Caught Windsor enjoying another day at daycare! 
 Grooming day without the traffic, the stress, o
A big backyard + lots of friends = the ultimate da
POV: You’re spending the day at The Doggy Port! 
 Look who’s looking pawsitively fabulous!  Lit
Fall cozy vibes have officially arrived at The Dog
 Luxury grooming, right at your doorstep!  Why
Load More
  Follow on Instagram
Adrienne Wilson
3 weeks ago
Hazel LOVES her grooming sessions at the doggy port. she always looks gorgeous and smells so good. We will be back, specifically for Juan, but the whole team is fabulous!
Deborah Banks
3 weeks ago
I am so comfortable leaving my Lovey At the Doggyport in West Roxbury. I feel she is safe and secure while under their care. Highly recommend them.
Phyllis Deleidi
a month ago
I am new to the area and I was in search of a new groomer for my mini Australian shepherd groomed. I couldn’t be happier with the results! Great job done by Valentina!
Monicellia Pruitt
a month ago
Great service!  My dogs love to go there and that’s important to me.
nancy friedlander hosken
a month ago
Our mini dox Maple, looked wonderful after her shave and trim.Juan handled her with love.We've been to The Doggy Port in the past.We hate happy with the service and the environment.
Suzanna Clark
3 months ago
We’ve been taking our dog, Lester, to Juan for a while now. He’s the absolute best!  He always seems happy to see Lester, and Lester is always clean and nails are trimmed well. Les doesn’t like to have his nails trimmed and Juan is so patient with him and he sometimes even provides these adorable pictures!
RiverEducational Consulting
3 months ago
Farley is not an easy dog- it’s fighting chihuahua style. Yet, the crew at DoggyPort were fantastic with him! They were able to wrangle the mighty little one with ease! Thank you!!
scott gorham
3 months ago
The Doggy Port Is the best groomer in Boston and Juan, my dog Bella’s groomer, is world class! As you can see from the pictures, Juan turns Bella from bow to wow!
Michelle Fonseca
5 months ago
I’m very disappointed with my experience.I specifically requested a sanitary trim, expecting the belly and anal areas to be trimmed, but nothing was done. I was still charged $80 for grooming, which I find unreasonable given the service provided.On top of that, it took 2 hours and 30 minutes for what was supposed to be just a bath, and my dog was returned with the area behind the ears and the neck still wet.Overall, this was my first visit and unfortunately will be my last.
Jenn Gillis
6 months ago
My 14 year-old Shih Tzu is near impossible to groom. We've had difficulties over the years and a lot of groomers in the area will not take her. Jhenifer at Doggy Port is so kind and patient, and was able to get my matted, dirty, unable to ser, ungroomable dog perfectly cleaned and spiffied up! My dog is happy, feels so much better and looks amazing!  Jhenifer is a truly a Godsend!!! She deserves way more than 5 stars!!!  I highly recommend her and Doggy Port!!
Contact Us
236 Sumner St, East Boston MA 02128
1729 Centre Street, West Roxbury MA 02132
64 Leominster Rd Sterling MA 01564
646 Ocean Ave, Revere, MA, 02151
Skip the computer work
We create a Gingr account for you!
The Doggy Port
Facebook
 
Instagram
 
Tiktok

Phone: (617) 564-4686
Email: info@thedoggyport.com

BOOK NOW"
The Doggy Port,2026-09-22,4.6,4.6 stars,Pet groomer,"236 Sumner St, East Boston, MA 02128, United States",+1 617-564-4686,https://thedoggyport.com/,"9X96+FC East Boston, Boston, MA, USA",,added,False,False,info@thedoggyport.com,"Skip to main content
Home
About Us
Our Locations
Mobile
Services
Blog
Contact
Call or Text Us
(617) 564-4686
Facebook
 
Instagram
 
Tiktok
BOOK NOW
JOIN OUR VIP LIST
JOIN OUR VIP LIST
JOIN OUR VIP LIST
ABOUT US​

The Doggy Port LLC was created out of the love and admiration we have for our little ones. We wanted to create a cozy, friendly, and safe second home for our fluffy friends; through their experiences, smiles, barks of joy, and play dates with other adorable friends.

Satisfied Fur Friends
3
k
Years Of Experience
7
+
Expert Care.​
Expert Service.​

We provide the highest quality of care to your pet and strive to achieve the results to your satisfaction. Our highly trained professionals bring years of experience to our business while providing compassion, patience, and safety to your pet.

Book Now
Welcome to The Doggy Port – Where Every Tail Wags with Joy!
Grooming
Top-tier styling, hygienic care, and a calm, stress-free vibe for every breed. Personalized attention, polished results—and happier, wagging tails every time.
Learn More
Daycare
Your pup’s home away from home! Enjoy playtime, walks, and new furry friends while you're away.  Personalized care and tasty food options available.
Learn More
Dog Walks
Busy day? Let The Doggy Port handle your dog walks! Enjoy tailored service, daily photos, and updates, keeping your pup happy and you, informed!
Learn More
Overnight Boarding
Cozy stays, snuggles, and space to snooze. Sweet dreams! Heads up: Boarding is available at our West Roxbury location only.
Learn More
Price List
Our Policies
Book Today!

Let your dog enjoy the best care, play, and pampering at The Doggy Port!

Check Our Instagram
thedoggyport
 Can you imagine your dog looking THIS good with
Caught Windsor enjoying another day at daycare! 
 Grooming day without the traffic, the stress, o
A big backyard + lots of friends = the ultimate da
POV: You’re spending the day at The Doggy Port! 
 Look who’s looking pawsitively fabulous!  Lit
Fall cozy vibes have officially arrived at The Dog
 Luxury grooming, right at your doorstep!  Why
Load More
  Follow on Instagram
Adrienne Wilson
3 weeks ago
Hazel LOVES her grooming sessions at the doggy port. she always looks gorgeous and smells so good. We will be back, specifically for Juan, but the whole team is fabulous!
Deborah Banks
3 weeks ago
I am so comfortable leaving my Lovey At the Doggyport in West Roxbury. I feel she is safe and secure while under their care. Highly recommend them.
Phyllis Deleidi
a month ago
I am new to the area and I was in search of a new groomer for my mini Australian shepherd groomed. I couldn’t be happier with the results! Great job done by Valentina!
Monicellia Pruitt
a month ago
Great service!  My dogs love to go there and that’s important to me.
nancy friedlander hosken
a month ago
Our mini dox Maple, looked wonderful after her shave and trim.Juan handled her with love.We've been to The Doggy Port in the past.We hate happy with the service and the environment.
Suzanna Clark
3 months ago
We’ve been taking our dog, Lester, to Juan for a while now. He’s the absolute best!  He always seems happy to see Lester, and Lester is always clean and nails are trimmed well. Les doesn’t like to have his nails trimmed and Juan is so patient with him and he sometimes even provides these adorable pictures!
RiverEducational Consulting
3 months ago
Farley is not an easy dog- it’s fighting chihuahua style. Yet, the crew at DoggyPort were fantastic with him! They were able to wrangle the mighty little one with ease! Thank you!!
scott gorham
3 months ago
The Doggy Port Is the best groomer in Boston and Juan, my dog Bella’s groomer, is world class! As you can see from the pictures, Juan turns Bella from bow to wow!
Michelle Fonseca
5 months ago
I’m very disappointed with my experience.I specifically requested a sanitary trim, expecting the belly and anal areas to be trimmed, but nothing was done. I was still charged $80 for grooming, which I find unreasonable given the service provided.On top of that, it took 2 hours and 30 minutes for what was supposed to be just a bath, and my dog was returned with the area behind the ears and the neck still wet.Overall, this was my first visit and unfortunately will be my last.
Jenn Gillis
6 months ago
My 14 year-old Shih Tzu is near impossible to groom. We've had difficulties over the years and a lot of groomers in the area will not take her. Jhenifer at Doggy Port is so kind and patient, and was able to get my matted, dirty, unable to ser, ungroomable dog perfectly cleaned and spiffied up! My dog is happy, feels so much better and looks amazing!  Jhenifer is a truly a Godsend!!! She deserves way more than 5 stars!!!  I highly recommend her and Doggy Port!!
Contact Us
236 Sumner St, East Boston MA 02128
1729 Centre Street, West Roxbury MA 02132
64 Leominster Rd Sterling MA 01564
646 Ocean Ave, Revere, MA, 02151
Skip the computer work
We create a Gingr account for you!
The Doggy Port
Facebook
 
Instagram
 
Tiktok

Phone: (617) 564-4686
Email: info@thedoggyport.com

BOOK NOW"
"The Urban Hound Dog Grooming, Hotel & Daycare",2026-09-22,4.5,4.5 stars,Dog day care center,"129 W Malden St, Boston, MA 02118, United States",+1 617-755-5775,http://www.urbanhounds.com/,"8WQM+PG Boston, Massachusetts, USA",,added,False,False,info@urbanhounds.com,"Skip to content
We Are Now Offering Cat Grooming - Call For More Info 617-297-6275
129 Malden Street – (617) 755-5775
LOG IN
ABOUT US
OUR SERVICES
BLOG
REGISTER

Boston’s leading dog grooming, puppy daycare and dog daycare serviceS at THE Urban Hound

Join the Urban Hound family today, we have a lot of services to offer your furry friend! Our focus is on creating meaningful relationships with both pets and their owners. We take a proactive approach to care, ensuring your dog’s needs are met with the utmost attention and transparency.

grooming


daycare


puppy daycare


cat grooming now available call for more information 617-297-6275
Your furry friend’s home away from home

We offer doggie daycare, overnight dog boarding, a dog grooming salon, and puppy socialization. Located in the South End of Boston, we are easy to access from 93, The Mass Pike, and Logan Airport. With certified dog trainers on staff and 24-hour supervised care 365 days a year, you know your dog is always in a safe and loving environment. Check out our services below to see what fits your needs.

Become an Urban Hound today, and see what all the WOOF is about!
Call us at (617) 755-5775 for more info.




Puppy and Doggy Grooming Services

Our puppy and doggy grooming packages are customized for each dog, offering gentle and thorough care. Every session includes nail trimming, tearless shampoo, and ear cleaning. For puppies, our Puppy Grooming 101 package helps them ease into the grooming process with tips for home care. You can also enhance your dog’s experience with upgrades like nail smoothing, teeth brushing, and paw cream.Call or text 617-297-6275 To Book An Appointment



Dog and Puppy Daycare


Our dog and puppy daycare is overseen by 8 dedicated attendants, with at least 2 always present in the play area. For our puppy and structured daycare programs, we also have two experienced dog trainers and an assistant to reinforce positive behaviors. Many clients enjoy the convenience of combining daycare with grooming, letting their dogs play before or after their grooming sessions.

Register today to get started




Puppy Daycare in Boston

Our commitment to our puppies in Boston sets us apart. With a full-time CCPDT-certified trainer, we provide personalized care, puppy socialization, play, and positive reinforcement to help your puppy grow into a happy, well-behaved dog. Begin their journey with us today for the best possible start!


Register today to get started




Overnight Dog Boarding

The Urban Hound provides a safe and loving hotel environment for overnight dog boarding. Our dog boarding facilities offer 8,500 square feet of state-of-the-art dog care, including indoor and outdoor play areas and luxury sleep suites. Our professionally trained staff ensures your dog’s health, safety, and happiness. All-day play, snuggles, and love included! Is your dog ready to board? Please check our boarding page for our requirements!


Register today to get started




Off Leash Hikes

Our off-leash hikes are an amazing way to get your pup the outdoor exercise they need, complete with convenient pick-up and drop-off at your home. Our hikes are a full 2 hours of off-leash running, swimming, and playtime with their furry friends.

Become an urban hound


schedule an appointment


what our customers are saying

Kallie Ploof★★★★★ Read More
I have been getting my 3 1/2 year old shih poo groomed here since she was a puppy. She has drippy eyes and a challenging coat and is a little anxious by nature. Despite these things she is always happy to go into her appointments with Vicky and always comes back looking incredible! Vicky is communicative and efficient as well as being kind to my dog (and myself!) I can’t imagine bringing her to any one else in the city.
Gary Goldberg★★★★★ Read More
Urban hound is a special place! They take great care of our doggie Luna. The facility is well organized, clean and there is a real sense of pride within the staff.
Gary Goldberg★★★★★ Read More
Urban hound is a special place! They take great care of our doggie Luna. The facility is well organized, clean and there is a real sense of pride within the staff.
 Previous
 Next

become an urban hound and sign up for doggy grooming and puppy training

Think The Urban Hound could be a good fit for your furry friend?
Call us at (617) 755-5775 or fill out our online registration form to get started!


become a member


schedule an appointment


Contact

129 Malden Street
Boston MA 02118
View on Map
(617) 755 5775

Fax: (617) 482-5775
info@urbanhounds.com

Serving

South End 
Back Bay
Seaport
South Boston
East Boston
North End
Dorchester
Allston – Brighton

About us
Our Story
Meet Our Team
Forms
Become An Urban Hound
Liability Waiver
Matted Dog Release Form
Senior Pet / Medical Release Form
Log In

© 2024 THE URBAN HOUND, ALL RIGHTS RESERVED"
Snippers Grooming,2026-09-22,4.3,4.3 stars,Pet groomer,"99 Savin Hill Ave, Boston, MA 02125, United States",+1 617-269-9600,http://snippersgrooming.com/,"8W6W+P7 Boston, Massachusetts, USA",,added,False,False,larysa@snippersgrooming.com,"Skip to Main Content
Home
About Us
Services
BOOK NOW

Boston's Stress-free Grooming

 Experience

At Snippers Grooming, we strive to provide a safe & stress-free grooming experience for all of our furry friends.

Go To Services

At Snippers Grooming, we provide the highest quality of service and we take pride in our work.

We pride ourselves on having the highest standards regarding customer service. We are readily available to answer questions, concerns, or suggestions. Grooming can be stressful for the dog, cat, and owner alike, we are here to support you throughout the process.

1/1

We Groom with gentle, loving care.

If you are a current client at Snippers, we warmly thank you for your patronage. If you are not a client, we invite you to give us a try. We are always happy to make new friends and to expand our family.

Make An Appointment

Happy Customers

""As a standard poodle owner for 30 years, I was amazed at how beautiful Ozzie's first hair cut was!




Ozzy Fleming, South Boston




“Dublin looked so handsome after his grooming! They did an amazing job!”








Dublin Shade, Dorchester




""Millie requires regular cuts, the groomers at Snippers always deliver her back looking her best, clean & perfectly cut!""

Millie Glovsky, South Boston




(617) 269-9600

http://thenounproject.com
The Noun Project
Icon Template
Reminders
Strokes
Try to keep strokes at 4px
Minimum stroke weight is 2px
For thicker strokes use even
numbers: 6px, 8px etc.
Remember to expand strokes
before saving as an SVG
Size
Cannot be wider or taller than
100px (artboard size)
Scale your icon to fill as much of
the artboard as possible
Ungroup
If your design has more than one
shape, make sure to ungroup
Save as
Save as .SVG and make sure
“Use Artboards” is checked
100px
.SVG

larysa@snippersgrooming.com

99 Savin Hill Ave 


Boston, MA 02125

© 2024 Snippers Grooming, LLC
Home
About Us
Services
BOOK NOW"
Snippers Grooming,2026-09-22,4.3,4.3 stars,Pet groomer,"99 Savin Hill Ave, Boston, MA 02125, United States",+1 617-269-9600,http://snippersgrooming.com/,"8W6W+P7 Boston, Massachusetts, USA",,added,False,False,some@gmail.com,"Skip to Main Content
Home
About Us
Services
BOOK NOW

Boston's Stress-free Grooming

 Experience

At Snippers Grooming, we strive to provide a safe & stress-free grooming experience for all of our furry friends.

Go To Services

At Snippers Grooming, we provide the highest quality of service and we take pride in our work.

We pride ourselves on having the highest standards regarding customer service. We are readily available to answer questions, concerns, or suggestions. Grooming can be stressful for the dog, cat, and owner alike, we are here to support you throughout the process.

1/1

We Groom with gentle, loving care.

If you are a current client at Snippers, we warmly thank you for your patronage. If you are not a client, we invite you to give us a try. We are always happy to make new friends and to expand our family.

Make An Appointment

Happy Customers

""As a standard poodle owner for 30 years, I was amazed at how beautiful Ozzie's first hair cut was!




Ozzy Fleming, South Boston




“Dublin looked so handsome after his grooming! They did an amazing job!”








Dublin Shade, Dorchester




""Millie requires regular cuts, the groomers at Snippers always deliver her back looking her best, clean & perfectly cut!""

Millie Glovsky, South Boston




(617) 269-9600

http://thenounproject.com
The Noun Project
Icon Template
Reminders
Strokes
Try to keep strokes at 4px
Minimum stroke weight is 2px
For thicker strokes use even
numbers: 6px, 8px etc.
Remember to expand strokes
before saving as an SVG
Size
Cannot be wider or taller than
100px (artboard size)
Scale your icon to fill as much of
the artboard as possible
Ungroup
If your design has more than one
shape, make sure to ungroup
Save as
Save as .SVG and make sure
“Use Artboards” is checked
100px
.SVG

larysa@snippersgrooming.com

99 Savin Hill Ave 


Boston, MA 02125

© 2024 Snippers Grooming, LLC
Home
About Us
Services
BOOK NOW"
La-Chic Dog-Cat Grooming Salon,2026-09-22,4.3,4.3 stars,Pet groomer,"316 Main St, Boston, MA 02129, United States",+1 617-242-0300,https://www.lachicboston.com/,"9WHJ+7Q Boston, Massachusetts, USA",,added,False,False,,"Skip to Main Content

Home

LaChic
Professional Pet Grooming
NOW OPEN SUNDAYS
NOW OPEN SUNDAY

Rated Boston's Best Cat Groomer for more info on pricing and   

to book your appointment today

Please Call 617-242-0300

Open Sunday-Saturday. Call 617-242-0300

Call Us

Robert, Marie and Lou are here for your grooming needs.

Services

We provide many professional pet grooming services

Our Stylist are Boston's Best

Specialized Spa Treatment

Regardless of your pet’s breed, age or behavior, each of our services can be curated to fit their specific needs — no matter how unique. My Haircut service is one of my specialties and is often booked well in advance.

617-242-0300

Grooming

My Grooming service allows you to make sure your pet is well taken care of, even when you’re not around. We offer this for all sizes and breeds. Reserve my time and relax knowing your pet is in the best possible hands.

617-242-0300

Professional Cat Grooming

Voted Boston's number one cat groomer.  Our cat groomers are here to serve your needs. We specialize in deshedding, lion cuts, full comb out and hygiene. 

Please call 617-242-0300 today to schedule your furry friend. 

Robert Godfrey is a master stylist with over 30 years experience. Robert is also a professional Dog handler and breeder. Robert also is head of the Afghans of New England Hound Club

Robert Godfrey

Marie is a professional Pet Stylist with over 20 years of experience.

Marie

Lou is a professional groomer

trained and specializing in Cat Grooming.

Lou
Contact Me
Name
Email
Subject
Message
Submit

Contact

617-242-0300

Follow

©2023 by LaChic professional, pet grooming. Proudly created with Wix.com"
House Call Cat Grooming & Spa L.L.C.,2026-09-22,4.9,4.9 stars,Pet groomer,"379 Neponset Ave, Boston, MA 02122, United States",,https://www.housecallcatgroomingandspa.com/,"7XP4+M3 Boston, Massachusetts, USA",,added,False,False,housecallcatgrooming@gmail.com,"Skip to Main Content
HOUSE CALL
CAT GROOMING & SPA

Home

Services

Gallery

About Us

Request a Quote

Providing full service cat grooming in the comfort of your home and at our Boston spa location

Now servicing some areas of New Hampshire!

Grooming Exclusively For Cats 
What We Do

Foam / Full Baths

Brush / Comb Outs 

Coat Thinning

Shave Downs & Lion Cuts

Dematting

Sanitary / Paw Shaves

Ear Cleaning

Pedicures / Nail Caps

Cat Sitting

Homemade Natural Pet Treats

and so much more!

Our Hours

We are open by appointment.

Click here to schedule an appointment!

Contact Us
Yelp Reviews
VIEW ALL
Facebook Reviews
VIEW ALL
Google Reviews
VIEW ALL

2025 House Call Cat Grooming and Spa L.L.C.

Spa 617-326-6494  | Cell 857-284-2269

 

Email: housecallcatgrooming@gmail.com

 

Address: 379 Neponset St, Boston, Ma 02122"
Dewberry Dogs Grooming Salon,2026-09-22,4.2,4.2 stars,Pet groomer,"357 W Broadway, Boston, MA 02127, United States",+1 617-269-1507,https://dewberrydogs.com/,"8XQ2+54 Boston, Massachusetts, USA",,added,False,False,info@indiantypefoundry.com,"357 West Broadway, Boston, Massachusetts 02127, United States

617-269-1507

HOME
POLICY
Dewberry Dogs
DOG GROOMING SALON AND BOUTIQUE

Helping you take care of your furry friends since 1987

About Us
Quality Pet Care

Dewberry Dogs is a family owned salon providing  grooming services since 1987. We love caring and connecting with animals and creating everlasting relationships. We provide care for your fur baby as if they were our own, and ensure that they receive the highest quality grooming and pampering services.

Caring and loving professionals

 Our staff includes highly trained professionals who have been working with animals for years. We are passionate about what we do whether it is making your pet look fabulous or just simply offering pet related advice. We take pride in the cleanliness of our salon and providing our clients with the utmost professional and friendly service. If you’re in the neighborhood, stop on by! We would love to meet you and your furry little friend!

Full Service Grooming and Baths

All baths  and hair cuts include nail trim or nail grind,ear cleaning, tearless blueberry facial,  all natural hypoallergenic shampoo and conditioner , hydrosurge massage for a deep cleanse, cologne and a  cute bandana or bow. Your pet leaves feeling and smelling their best. 

Social
Photo Gallery
Social
Grooming Services
Pricing

Prices for baths and cuts are based on dog's breed,size,weight,condition and length of coat and frequency . Additional fees are applied for dogs with excessive matting/shedding or handling issues.

Nail trimming or grinding
$25

(+$10 for dogs that require 2 groomers)

Teeth brushing
$10

($8 with full grooming service)

Ear cleaning +plucking
$15

(Included with full service)

Anal glands
$25

External expression only ,some dogs may require internal expression to be  done by  a Vet.

Add a footnote if this applies to your business

Contact Us
Schedule an Appointment

Appointments are required for all grooming services,call us today to book your dog spa experience!

617-269-1507

Dewberry Dogs

357 West Broadway, Boston, Massachusetts 02127, United States

Business Hours
Tuesday to Friday 8:00 to 3:00 pm
Saturday 8:00 to 2:00 pm
CLOSED SUNDAYS AND MONDAYS


Copyright © 2018 Dewberry Dogs  - All Rights Reserved.

Powered by GoDaddy"
Dewberry Dogs Grooming Salon,2026-09-22,4.2,4.2 stars,Pet groomer,"357 W Broadway, Boston, MA 02127, United States",+1 617-269-1507,https://dewberrydogs.com/,"8XQ2+54 Boston, Massachusetts, USA",,added,False,False,milenabbrandao@gmail.com,"357 West Broadway, Boston, Massachusetts 02127, United States

617-269-1507

HOME
POLICY
Dewberry Dogs
DOG GROOMING SALON AND BOUTIQUE

Helping you take care of your furry friends since 1987

About Us
Quality Pet Care

Dewberry Dogs is a family owned salon providing  grooming services since 1987. We love caring and connecting with animals and creating everlasting relationships. We provide care for your fur baby as if they were our own, and ensure that they receive the highest quality grooming and pampering services.

Caring and loving professionals

 Our staff includes highly trained professionals who have been working with animals for years. We are passionate about what we do whether it is making your pet look fabulous or just simply offering pet related advice. We take pride in the cleanliness of our salon and providing our clients with the utmost professional and friendly service. If you’re in the neighborhood, stop on by! We would love to meet you and your furry little friend!

Full Service Grooming and Baths

All baths  and hair cuts include nail trim or nail grind,ear cleaning, tearless blueberry facial,  all natural hypoallergenic shampoo and conditioner , hydrosurge massage for a deep cleanse, cologne and a  cute bandana or bow. Your pet leaves feeling and smelling their best. 

Social
Photo Gallery
Social
Grooming Services
Pricing

Prices for baths and cuts are based on dog's breed,size,weight,condition and length of coat and frequency . Additional fees are applied for dogs with excessive matting/shedding or handling issues.

Nail trimming or grinding
$25

(+$10 for dogs that require 2 groomers)

Teeth brushing
$10

($8 with full grooming service)

Ear cleaning +plucking
$15

(Included with full service)

Anal glands
$25

External expression only ,some dogs may require internal expression to be  done by  a Vet.

Add a footnote if this applies to your business

Contact Us
Schedule an Appointment

Appointments are required for all grooming services,call us today to book your dog spa experience!

617-269-1507

Dewberry Dogs

357 West Broadway, Boston, Massachusetts 02127, United States

Business Hours
Tuesday to Friday 8:00 to 3:00 pm
Saturday 8:00 to 2:00 pm
CLOSED SUNDAYS AND MONDAYS


Copyright © 2018 Dewberry Dogs  - All Rights Reserved.

Powered by GoDaddy"
Boston Dog Butlers,2026-09-22,4.6,4.6 stars,Dog walker,"398 Columbus Ave Ste 286, Boston, MA 02116, United States",+1 617-712-2082,https://bostondogbutlers.com/,"8WVF+QF Boston, Massachusetts, USA",,added,False,False,butler@bostondogbutlers.com,"Skip to Content
Home
Services
About
Service Areas
Contact
Portal Login
Schedule a Call
Stress-Free Pet Care for Busy Dog Owners
Boston Dog Walker, Dog Training, Park Play, Hiking, & Boarding
⭐⭐⭐⭐⭐
4.9 Stars - 300+ reviews
Trusted, Safe, & Insured
Highly Trained Pet Professionals
100% Service Quality Guarantee
10+ Years in Business
FREE PHONE CONSULTATION

End-to-End Concierge-Quality Pet Care Solutions from Boston’s Best Dog Walkers

What You Can Expect with Boston Dog Butlers!

In addition to our highly trained staff of dedicated dog butlers with decades of experience, who know how to customize care for each of the pets in our care, the Boston Dog Butlers service is truly unique. Here’s how!


Dog Butlers Dedicated to You & Your Dog’s Happiness

Customized reports and fun pictures included with each service and 24/7 customer service. We’re successful when you’re happy and stress free! 

Premium Pet Care at Great Prices

We offer a variety of pet care services to fit your pup’s needs, all at competitive prices. Enjoy the best quality service in the city, without breaking the bank.

Convenient, Reliable, and Flexible Service

Giving your pet the highest quality care can take time and attention around the clock, so let us help! We’re here to take away stress and save you time. 

Easy to Use Tech at Your Fingertips

Easily schedule services, review invoices, and communicate in real time with your Butler all through our convenient app! 

Explore our services

Boston Dog Butlers is the last pet care company you’ll ever need! Our talented team offers everything from dog walking to park play, training to hiking/field trips. We cover the full life cycle of services to create a custom pet care program unique to your furry family member. 

DOG HIKES / FIELD TRIPS
POSITIVE DOG TRAINING
BOARDING & PET SITTING
DOG WALKING
PARK PLAY
PUPPY SERVICES
Services fit for royalty, prices fit for your budget

Our services are designed to keep your pet happy, healthy, and mentally stimulated with the highest quality care!

EXPLORE ALL SERVICES
Easy to use App available right on your Phone!
Explore Our Key Features

With Boston Dog Butlers, our easy to use mobile and desktop app makes arranging your pets fun day of play with their best buddies around town a breeze!

Scheduling
Messaging
Daily Report Card
Client & Pet Details
Get Started with Boston Dog Butlers

Just like our dogs, we love making new friends! A quick 15-minute call helps us know you and your pet better and ensure we have the perfect services to suite your needs! 

Schedule a Call
Where We Work

Boston Dog Butlers covers Boston’s South End, Charlestown,  Cambridge, North End, West End, Back Bay, Brookline, Theatre/Financial Districts, Seaport, and Southie!  Our hiking services also accepts customers further West of Boston so please inquire!

Follow Along

If you want to follow the cutest floof gang in town, then follow our Instagram and Facebook pages for daily pictures of Boston’s best dogs and their Butlers!

spring is springing🌷🌸 . #bostondogbutlers #bostondoghikes #bostondogwalkers #bostondogparks #bostondogservices #dogsofboston #bostondogtraining #boston #westondoghikes #dedhamdoghikes #stonehamdoghikes
About Us

Trotting around town, trips to the park, and playtime with best friends! 

Our dogs love the time they spend roaming with their Boston Dog Butler dog walker because we make sure to spend time doing what dogs love most!

Boston Dog Butlers LLC

butler@bostondogbutlers.com

+1 (617) 712-2082

398 Columbus Ave #286, Boston, MA 02116

Schedule a Call

Blog

Customer Portal

Services Areas

Suffolk County, MA

Services

Dog Walking

Dog Hikes

Park Play

Boarding & Pet Sitting

Positive Dog Training

Puppy Services

Copyright Boston Dog Butlers 2017-2026. All Rights Reserved."
The Pooch Room,2026-09-22,4.9,4.9 stars,Pet groomer,"347 Pleasant St, Malden, MA 02148, United States",+1 617-665-7297,https://www.facebook.com/thepoochroomtpr,"CWHF+29 Malden, Massachusetts, USA",,added,False,False,,"Log in
Forgotten account?
The Pooch Room 
1.8K followers • 1 following
More
Posts
About
Reels
Photos
Intro
347 Pleasant St, Malden MA 31 Crest Ave, Winthrop MA
Page · Pet service
347 Pleasant St, Malden, MA, United States, Massachusetts
+1 617-665-7297
Closing soon
100% recommend (32 reviews)﻿
Photos
See All Photos
Privacy
 
 · Terms
 
 · Advertising
 
 · Ad choices 
 
 · Cookies
 
 · More
The Pooch Room
21 April
 
·
We are honored to celebrate five years of excellence. This milestone would not be possible without the continued trust and loyalty of our incredible clients. Your suppo… See more
All reactions:
27
11
1
Like
Comment
View more comments
Author
The Pooch Room
We appreciate you all, thank you!! 
21w
1
See more from The Pooch Room | Malden MA
Email address or phone number
Password
Log in
Forgotten password?
or
Create new account"
Brookline Grooming & Pet Supplies,2026-09-22,4.1,4.1 stars,Pet supply store,"146-148 Harvard St, Brookline, MA 02446, United States",+1 617-738-6682,https://brooklinedoggrooming.com/,"8VQH+58 Brookline, Massachusetts, USA",,added,False,False,,
Red Dog Pet Resort & Spa at North Station,2026-09-22,4.6,4.6 stars,Dog day care center,"109 Canal St, Boston, MA 02114, United States",+1 617-546-5900,https://reddogpetresort.com/north-station/,"9W7Q+RX Boston, Massachusetts, USA",,added,False,False,blueash@reddogpetresort.com,"BOOK WITH OUR FREE CONCIERGE  |  (617) 830-8558
 
SERVICES
LOCATIONS
WHY RED DOG
CURRENT OFFERS
BOOK NOW
NORTH STATION
BOOK NOWOUR RATES

INTRODUCING RED DOG’S FIRST BOUTIQUE LOCATION IN DOWNTOWN BOSTON, MASSACHUSETTS

Located in the vibrant area of Downtown Boston, walking distance to the TD Garden on Canal Street – Red Dog at North Station provides an enriching environment for your dog to spend their days! Offering Doggie Daycare, Day Stays and a full-service Salon & Spa, your pup will make new friends and go home rested. We are open Monday – Saturday and always welcoming new pups into our Doggie Daycare program. Come join the fun at Red Dog at North Station!


GROOMING

DAYCARE

DAY STAY
BOOK NOW

View FAQs for our new MoeGo software here >

DOGGIE DAYCARE AS LOW AS $18/DAY WITH OUR DOGGIE DAYCARE MONTHLY MEMBERSHIPS!

See details below

phone: 617-546-5900
email: northstation@reddogpetresort.com

5 + 12 = 

SUBMIT
HOURS OF OPERATION
DAYCARE PICKUP & DROPOFF TIMES:
Monday – Friday
7am -7pm

 

Saturday: 8AM – 4 PM (Daycare Only)

 

GROOMING SERVICES OFFERED MONDAY – FRIDAY

By Appointment Only 

 

Red Dog at North Station will be closed for all services on the following 2026 dates:

January 1
January 19
February 16
May 25
July 3 – 4
September 7
October 12
November 25 – 28
December 24 – 31

2027:

January 1
January 18

INTRODUCING OUR BRAND-NEW
DOGGIE DAYCARE MONTHLY MEMBERSHIPS!

Perfect for pups who love to visit Red Dog on a regular schedule.
Four unique membership packages will surely make your dog’s tail wag.

SILVER PAW
4 Full-Days of Daycare Included per Month
$
202 ($51 / day)
GOLD PAW
8 Full-Days of Daycare Included per Month
$
382 ($48 / day)
PLATINUM PAW
12 Full-Days of Daycare Included per Month*
$
545($45 / Day)
UNLIMITED PAW
30 Full-Days of Daycare Included per Month*
$
790(as low as $27 / day)

*Platinum Paw: 5% savings on Overnight Stays (applies to room rate only)

*Unlimited Paw: 10% savings on Overnight Stays (applies to room rate only) + 10% savings on all Grooming Services

LEARN MORE
MAKE YOUR DOG’S VISIT TO RED DOG AT NORTH STATION EXTRA SPECIAL WITH THESE ADDED AMENITIES.
DAYCARE INDIVIDUAL CITY WALK

Does your dog love to explore the outdoors? Add on a City Walk to your pup’s next Daycare day with us! This outdoor walk is 15-20 minutes long (weather permitting) and is a great break from playing with their friends.

PEANUT BUTTER SANDWICHES

A delicious lunchtime snack for your pup, made up of delicious Peanut Butter between two crunchy dog biscuits, always delivered right to your dog’s room! Daycare dogs love this mid-day snack too!

FROZEN KONG WITH PEANUT BUTTER

Frozen Peanut Butter Kong stuffed to the brim with tasty biscuits given midday or before bed! This treat will be sure to keep your pup busy.

ICE CREAM TREAT

An all-natural pet friendly ice cream or frozen yogurt is the perfect treat to make your dog smile during their stay at Red Dog.

INTERESTED IN DOGGIE OVERNIGHT STAYS?

Looking for a cozy, safe place for your dog to stay while you travel? Red Dog Boston is conveniently located off I-93 South near South Boston and Dorchester, offering spacious Overnight Accommodations designed to make your pet feel right at home. Travel with peace of mind knowing your dog is in caring hands with our Boston team!

OUR LOCAL PARTNER
MEET THE NORTH STATION MANAGER

At Red Dog Pet Resort & Spa, exceptional care begins with a personal touch. Our manager is actively involved with pets throughout the day, forming meaningful connections and understanding their unique needs. By guiding and supporting our pet care team, they ensure every pet’s stay is safe, comfortable, and truly enjoyable.

BOBBY
RESORT OPERATIONS MANAGER
LOCATIONS

BOSTON

NORTHSHORE

NORTH STATION

CINCINNATI

MASON

SPRINGDALE

BLUE ASH

ABOUT US

WHY RED DOG

EVENTS CALENDAR

FAQS

PEAK OVERNIGHT POLICIES

OUR FAMILY

EMPLOYMENT OPPORTUNITIES

PAWFFICE ASSISTANTS

2026
Close this module
Additional 10% off
your first booked service.

Join the Red Dog Pack for deals, events, and emails worth wagging about. Your dog would want you to.

Email
Enter your email address
FETCH THE DEAL"
Red Dog Pet Resort & Spa at North Station,2026-09-22,4.6,4.6 stars,Dog day care center,"109 Canal St, Boston, MA 02114, United States",+1 617-546-5900,https://reddogpetresort.com/north-station/,"9W7Q+RX Boston, Massachusetts, USA",,added,False,False,boston@reddogpetresort.com,"BOOK WITH OUR FREE CONCIERGE  |  (617) 830-8558
 
SERVICES
LOCATIONS
WHY RED DOG
CURRENT OFFERS
BOOK NOW
NORTH STATION
BOOK NOWOUR RATES

INTRODUCING RED DOG’S FIRST BOUTIQUE LOCATION IN DOWNTOWN BOSTON, MASSACHUSETTS

Located in the vibrant area of Downtown Boston, walking distance to the TD Garden on Canal Street – Red Dog at North Station provides an enriching environment for your dog to spend their days! Offering Doggie Daycare, Day Stays and a full-service Salon & Spa, your pup will make new friends and go home rested. We are open Monday – Saturday and always welcoming new pups into our Doggie Daycare program. Come join the fun at Red Dog at North Station!


GROOMING

DAYCARE

DAY STAY
BOOK NOW

View FAQs for our new MoeGo software here >

DOGGIE DAYCARE AS LOW AS $18/DAY WITH OUR DOGGIE DAYCARE MONTHLY MEMBERSHIPS!

See details below

phone: 617-546-5900
email: northstation@reddogpetresort.com

5 + 12 = 

SUBMIT
HOURS OF OPERATION
DAYCARE PICKUP & DROPOFF TIMES:
Monday – Friday
7am -7pm

 

Saturday: 8AM – 4 PM (Daycare Only)

 

GROOMING SERVICES OFFERED MONDAY – FRIDAY

By Appointment Only 

 

Red Dog at North Station will be closed for all services on the following 2026 dates:

January 1
January 19
February 16
May 25
July 3 – 4
September 7
October 12
November 25 – 28
December 24 – 31

2027:

January 1
January 18

INTRODUCING OUR BRAND-NEW
DOGGIE DAYCARE MONTHLY MEMBERSHIPS!

Perfect for pups who love to visit Red Dog on a regular schedule.
Four unique membership packages will surely make your dog’s tail wag.

SILVER PAW
4 Full-Days of Daycare Included per Month
$
202 ($51 / day)
GOLD PAW
8 Full-Days of Daycare Included per Month
$
382 ($48 / day)
PLATINUM PAW
12 Full-Days of Daycare Included per Month*
$
545($45 / Day)
UNLIMITED PAW
30 Full-Days of Daycare Included per Month*
$
790(as low as $27 / day)

*Platinum Paw: 5% savings on Overnight Stays (applies to room rate only)

*Unlimited Paw: 10% savings on Overnight Stays (applies to room rate only) + 10% savings on all Grooming Services

LEARN MORE
MAKE YOUR DOG’S VISIT TO RED DOG AT NORTH STATION EXTRA SPECIAL WITH THESE ADDED AMENITIES.
DAYCARE INDIVIDUAL CITY WALK

Does your dog love to explore the outdoors? Add on a City Walk to your pup’s next Daycare day with us! This outdoor walk is 15-20 minutes long (weather permitting) and is a great break from playing with their friends.

PEANUT BUTTER SANDWICHES

A delicious lunchtime snack for your pup, made up of delicious Peanut Butter between two crunchy dog biscuits, always delivered right to your dog’s room! Daycare dogs love this mid-day snack too!

FROZEN KONG WITH PEANUT BUTTER

Frozen Peanut Butter Kong stuffed to the brim with tasty biscuits given midday or before bed! This treat will be sure to keep your pup busy.

ICE CREAM TREAT

An all-natural pet friendly ice cream or frozen yogurt is the perfect treat to make your dog smile during their stay at Red Dog.

INTERESTED IN DOGGIE OVERNIGHT STAYS?

Looking for a cozy, safe place for your dog to stay while you travel? Red Dog Boston is conveniently located off I-93 South near South Boston and Dorchester, offering spacious Overnight Accommodations designed to make your pet feel right at home. Travel with peace of mind knowing your dog is in caring hands with our Boston team!

OUR LOCAL PARTNER
MEET THE NORTH STATION MANAGER

At Red Dog Pet Resort & Spa, exceptional care begins with a personal touch. Our manager is actively involved with pets throughout the day, forming meaningful connections and understanding their unique needs. By guiding and supporting our pet care team, they ensure every pet’s stay is safe, comfortable, and truly enjoyable.

BOBBY
RESORT OPERATIONS MANAGER
LOCATIONS

BOSTON

NORTHSHORE

NORTH STATION

CINCINNATI

MASON

SPRINGDALE

BLUE ASH

ABOUT US

WHY RED DOG

EVENTS CALENDAR

FAQS

PEAK OVERNIGHT POLICIES

OUR FAMILY

EMPLOYMENT OPPORTUNITIES

PAWFFICE ASSISTANTS

2026
Close this module
Additional 10% off
your first booked service.

Join the Red Dog Pack for deals, events, and emails worth wagging about. Your dog would want you to.

Email
Enter your email address
FETCH THE DEAL"
Red Dog Pet Resort & Spa at North Station,2026-09-22,4.6,4.6 stars,Dog day care center,"109 Canal St, Boston, MA 02114, United States",+1 617-546-5900,https://reddogpetresort.com/north-station/,"9W7Q+RX Boston, Massachusetts, USA",,added,False,False,cincinnati@reddogpetresort.com,"BOOK WITH OUR FREE CONCIERGE  |  (617) 830-8558
 
SERVICES
LOCATIONS
WHY RED DOG
CURRENT OFFERS
BOOK NOW
NORTH STATION
BOOK NOWOUR RATES

INTRODUCING RED DOG’S FIRST BOUTIQUE LOCATION IN DOWNTOWN BOSTON, MASSACHUSETTS

Located in the vibrant area of Downtown Boston, walking distance to the TD Garden on Canal Street – Red Dog at North Station provides an enriching environment for your dog to spend their days! Offering Doggie Daycare, Day Stays and a full-service Salon & Spa, your pup will make new friends and go home rested. We are open Monday – Saturday and always welcoming new pups into our Doggie Daycare program. Come join the fun at Red Dog at North Station!


GROOMING

DAYCARE

DAY STAY
BOOK NOW

View FAQs for our new MoeGo software here >

DOGGIE DAYCARE AS LOW AS $18/DAY WITH OUR DOGGIE DAYCARE MONTHLY MEMBERSHIPS!

See details below

phone: 617-546-5900
email: northstation@reddogpetresort.com

5 + 12 = 

SUBMIT
HOURS OF OPERATION
DAYCARE PICKUP & DROPOFF TIMES:
Monday – Friday
7am -7pm

 

Saturday: 8AM – 4 PM (Daycare Only)

 

GROOMING SERVICES OFFERED MONDAY – FRIDAY

By Appointment Only 

 

Red Dog at North Station will be closed for all services on the following 2026 dates:

January 1
January 19
February 16
May 25
July 3 – 4
September 7
October 12
November 25 – 28
December 24 – 31

2027:

January 1
January 18

INTRODUCING OUR BRAND-NEW
DOGGIE DAYCARE MONTHLY MEMBERSHIPS!

Perfect for pups who love to visit Red Dog on a regular schedule.
Four unique membership packages will surely make your dog’s tail wag.

SILVER PAW
4 Full-Days of Daycare Included per Month
$
202 ($51 / day)
GOLD PAW
8 Full-Days of Daycare Included per Month
$
382 ($48 / day)
PLATINUM PAW
12 Full-Days of Daycare Included per Month*
$
545($45 / Day)
UNLIMITED PAW
30 Full-Days of Daycare Included per Month*
$
790(as low as $27 / day)

*Platinum Paw: 5% savings on Overnight Stays (applies to room rate only)

*Unlimited Paw: 10% savings on Overnight Stays (applies to room rate only) + 10% savings on all Grooming Services

LEARN MORE
MAKE YOUR DOG’S VISIT TO RED DOG AT NORTH STATION EXTRA SPECIAL WITH THESE ADDED AMENITIES.
DAYCARE INDIVIDUAL CITY WALK

Does your dog love to explore the outdoors? Add on a City Walk to your pup’s next Daycare day with us! This outdoor walk is 15-20 minutes long (weather permitting) and is a great break from playing with their friends.

PEANUT BUTTER SANDWICHES

A delicious lunchtime snack for your pup, made up of delicious Peanut Butter between two crunchy dog biscuits, always delivered right to your dog’s room! Daycare dogs love this mid-day snack too!

FROZEN KONG WITH PEANUT BUTTER

Frozen Peanut Butter Kong stuffed to the brim with tasty biscuits given midday or before bed! This treat will be sure to keep your pup busy.

ICE CREAM TREAT

An all-natural pet friendly ice cream or frozen yogurt is the perfect treat to make your dog smile during their stay at Red Dog.

INTERESTED IN DOGGIE OVERNIGHT STAYS?

Looking for a cozy, safe place for your dog to stay while you travel? Red Dog Boston is conveniently located off I-93 South near South Boston and Dorchester, offering spacious Overnight Accommodations designed to make your pet feel right at home. Travel with peace of mind knowing your dog is in caring hands with our Boston team!

OUR LOCAL PARTNER
MEET THE NORTH STATION MANAGER

At Red Dog Pet Resort & Spa, exceptional care begins with a personal touch. Our manager is actively involved with pets throughout the day, forming meaningful connections and understanding their unique needs. By guiding and supporting our pet care team, they ensure every pet’s stay is safe, comfortable, and truly enjoyable.

BOBBY
RESORT OPERATIONS MANAGER
LOCATIONS

BOSTON

NORTHSHORE

NORTH STATION

CINCINNATI

MASON

SPRINGDALE

BLUE ASH

ABOUT US

WHY RED DOG

EVENTS CALENDAR

FAQS

PEAK OVERNIGHT POLICIES

OUR FAMILY

EMPLOYMENT OPPORTUNITIES

PAWFFICE ASSISTANTS

2026
Close this module
Additional 10% off
your first booked service.

Join the Red Dog Pack for deals, events, and emails worth wagging about. Your dog would want you to.

Email
Enter your email address
FETCH THE DEAL"
Red Dog Pet Resort & Spa at North Station,2026-09-22,4.6,4.6 stars,Dog day care center,"109 Canal St, Boston, MA 02114, United States",+1 617-546-5900,https://reddogpetresort.com/north-station/,"9W7Q+RX Boston, Massachusetts, USA",,added,False,False,mason@reddogpetresort.com,"BOOK WITH OUR FREE CONCIERGE  |  (617) 830-8558
 
SERVICES
LOCATIONS
WHY RED DOG
CURRENT OFFERS
BOOK NOW
NORTH STATION
BOOK NOWOUR RATES

INTRODUCING RED DOG’S FIRST BOUTIQUE LOCATION IN DOWNTOWN BOSTON, MASSACHUSETTS

Located in the vibrant area of Downtown Boston, walking distance to the TD Garden on Canal Street – Red Dog at North Station provides an enriching environment for your dog to spend their days! Offering Doggie Daycare, Day Stays and a full-service Salon & Spa, your pup will make new friends and go home rested. We are open Monday – Saturday and always welcoming new pups into our Doggie Daycare program. Come join the fun at Red Dog at North Station!


GROOMING

DAYCARE

DAY STAY
BOOK NOW

View FAQs for our new MoeGo software here >

DOGGIE DAYCARE AS LOW AS $18/DAY WITH OUR DOGGIE DAYCARE MONTHLY MEMBERSHIPS!

See details below

phone: 617-546-5900
email: northstation@reddogpetresort.com

5 + 12 = 

SUBMIT
HOURS OF OPERATION
DAYCARE PICKUP & DROPOFF TIMES:
Monday – Friday
7am -7pm

 

Saturday: 8AM – 4 PM (Daycare Only)

 

GROOMING SERVICES OFFERED MONDAY – FRIDAY

By Appointment Only 

 

Red Dog at North Station will be closed for all services on the following 2026 dates:

January 1
January 19
February 16
May 25
July 3 – 4
September 7
October 12
November 25 – 28
December 24 – 31

2027:

January 1
January 18

INTRODUCING OUR BRAND-NEW
DOGGIE DAYCARE MONTHLY MEMBERSHIPS!

Perfect for pups who love to visit Red Dog on a regular schedule.
Four unique membership packages will surely make your dog’s tail wag.

SILVER PAW
4 Full-Days of Daycare Included per Month
$
202 ($51 / day)
GOLD PAW
8 Full-Days of Daycare Included per Month
$
382 ($48 / day)
PLATINUM PAW
12 Full-Days of Daycare Included per Month*
$
545($45 / Day)
UNLIMITED PAW
30 Full-Days of Daycare Included per Month*
$
790(as low as $27 / day)

*Platinum Paw: 5% savings on Overnight Stays (applies to room rate only)

*Unlimited Paw: 10% savings on Overnight Stays (applies to room rate only) + 10% savings on all Grooming Services

LEARN MORE
MAKE YOUR DOG’S VISIT TO RED DOG AT NORTH STATION EXTRA SPECIAL WITH THESE ADDED AMENITIES.
DAYCARE INDIVIDUAL CITY WALK

Does your dog love to explore the outdoors? Add on a City Walk to your pup’s next Daycare day with us! This outdoor walk is 15-20 minutes long (weather permitting) and is a great break from playing with their friends.

PEANUT BUTTER SANDWICHES

A delicious lunchtime snack for your pup, made up of delicious Peanut Butter between two crunchy dog biscuits, always delivered right to your dog’s room! Daycare dogs love this mid-day snack too!

FROZEN KONG WITH PEANUT BUTTER

Frozen Peanut Butter Kong stuffed to the brim with tasty biscuits given midday or before bed! This treat will be sure to keep your pup busy.

ICE CREAM TREAT

An all-natural pet friendly ice cream or frozen yogurt is the perfect treat to make your dog smile during their stay at Red Dog.

INTERESTED IN DOGGIE OVERNIGHT STAYS?

Looking for a cozy, safe place for your dog to stay while you travel? Red Dog Boston is conveniently located off I-93 South near South Boston and Dorchester, offering spacious Overnight Accommodations designed to make your pet feel right at home. Travel with peace of mind knowing your dog is in caring hands with our Boston team!

OUR LOCAL PARTNER
MEET THE NORTH STATION MANAGER

At Red Dog Pet Resort & Spa, exceptional care begins with a personal touch. Our manager is actively involved with pets throughout the day, forming meaningful connections and understanding their unique needs. By guiding and supporting our pet care team, they ensure every pet’s stay is safe, comfortable, and truly enjoyable.

BOBBY
RESORT OPERATIONS MANAGER
LOCATIONS

BOSTON

NORTHSHORE

NORTH STATION

CINCINNATI

MASON

SPRINGDALE

BLUE ASH

ABOUT US

WHY RED DOG

EVENTS CALENDAR

FAQS

PEAK OVERNIGHT POLICIES

OUR FAMILY

EMPLOYMENT OPPORTUNITIES

PAWFFICE ASSISTANTS

2026
Close this module
Additional 10% off
your first booked service.

Join the Red Dog Pack for deals, events, and emails worth wagging about. Your dog would want you to.

Email
Enter your email address
FETCH THE DEAL"
Red Dog Pet Resort & Spa at North Station,2026-09-22,4.6,4.6 stars,Dog day care center,"109 Canal St, Boston, MA 02114, United States",+1 617-546-5900,https://reddogpetresort.com/north-station/,"9W7Q+RX Boston, Massachusetts, USA",,added,False,False,northshore@reddogpetresort.com,"BOOK WITH OUR FREE CONCIERGE  |  (617) 830-8558
 
SERVICES
LOCATIONS
WHY RED DOG
CURRENT OFFERS
BOOK NOW
NORTH STATION
BOOK NOWOUR RATES

INTRODUCING RED DOG’S FIRST BOUTIQUE LOCATION IN DOWNTOWN BOSTON, MASSACHUSETTS

Located in the vibrant area of Downtown Boston, walking distance to the TD Garden on Canal Street – Red Dog at North Station provides an enriching environment for your dog to spend their days! Offering Doggie Daycare, Day Stays and a full-service Salon & Spa, your pup will make new friends and go home rested. We are open Monday – Saturday and always welcoming new pups into our Doggie Daycare program. Come join the fun at Red Dog at North Station!


GROOMING

DAYCARE

DAY STAY
BOOK NOW

View FAQs for our new MoeGo software here >

DOGGIE DAYCARE AS LOW AS $18/DAY WITH OUR DOGGIE DAYCARE MONTHLY MEMBERSHIPS!

See details below

phone: 617-546-5900
email: northstation@reddogpetresort.com

5 + 12 = 

SUBMIT
HOURS OF OPERATION
DAYCARE PICKUP & DROPOFF TIMES:
Monday – Friday
7am -7pm

 

Saturday: 8AM – 4 PM (Daycare Only)

 

GROOMING SERVICES OFFERED MONDAY – FRIDAY

By Appointment Only 

 

Red Dog at North Station will be closed for all services on the following 2026 dates:

January 1
January 19
February 16
May 25
July 3 – 4
September 7
October 12
November 25 – 28
December 24 – 31

2027:

January 1
January 18

INTRODUCING OUR BRAND-NEW
DOGGIE DAYCARE MONTHLY MEMBERSHIPS!

Perfect for pups who love to visit Red Dog on a regular schedule.
Four unique membership packages will surely make your dog’s tail wag.

SILVER PAW
4 Full-Days of Daycare Included per Month
$
202 ($51 / day)
GOLD PAW
8 Full-Days of Daycare Included per Month
$
382 ($48 / day)
PLATINUM PAW
12 Full-Days of Daycare Included per Month*
$
545($45 / Day)
UNLIMITED PAW
30 Full-Days of Daycare Included per Month*
$
790(as low as $27 / day)

*Platinum Paw: 5% savings on Overnight Stays (applies to room rate only)

*Unlimited Paw: 10% savings on Overnight Stays (applies to room rate only) + 10% savings on all Grooming Services

LEARN MORE
MAKE YOUR DOG’S VISIT TO RED DOG AT NORTH STATION EXTRA SPECIAL WITH THESE ADDED AMENITIES.
DAYCARE INDIVIDUAL CITY WALK

Does your dog love to explore the outdoors? Add on a City Walk to your pup’s next Daycare day with us! This outdoor walk is 15-20 minutes long (weather permitting) and is a great break from playing with their friends.

PEANUT BUTTER SANDWICHES

A delicious lunchtime snack for your pup, made up of delicious Peanut Butter between two crunchy dog biscuits, always delivered right to your dog’s room! Daycare dogs love this mid-day snack too!

FROZEN KONG WITH PEANUT BUTTER

Frozen Peanut Butter Kong stuffed to the brim with tasty biscuits given midday or before bed! This treat will be sure to keep your pup busy.

ICE CREAM TREAT

An all-natural pet friendly ice cream or frozen yogurt is the perfect treat to make your dog smile during their stay at Red Dog.

INTERESTED IN DOGGIE OVERNIGHT STAYS?

Looking for a cozy, safe place for your dog to stay while you travel? Red Dog Boston is conveniently located off I-93 South near South Boston and Dorchester, offering spacious Overnight Accommodations designed to make your pet feel right at home. Travel with peace of mind knowing your dog is in caring hands with our Boston team!

OUR LOCAL PARTNER
MEET THE NORTH STATION MANAGER

At Red Dog Pet Resort & Spa, exceptional care begins with a personal touch. Our manager is actively involved with pets throughout the day, forming meaningful connections and understanding their unique needs. By guiding and supporting our pet care team, they ensure every pet’s stay is safe, comfortable, and truly enjoyable.

BOBBY
RESORT OPERATIONS MANAGER
LOCATIONS

BOSTON

NORTHSHORE

NORTH STATION

CINCINNATI

MASON

SPRINGDALE

BLUE ASH

ABOUT US

WHY RED DOG

EVENTS CALENDAR

FAQS

PEAK OVERNIGHT POLICIES

OUR FAMILY

EMPLOYMENT OPPORTUNITIES

PAWFFICE ASSISTANTS

2026
Close this module
Additional 10% off
your first booked service.

Join the Red Dog Pack for deals, events, and emails worth wagging about. Your dog would want you to.

Email
Enter your email address
FETCH THE DEAL"
Red Dog Pet Resort & Spa at North Station,2026-09-22,4.6,4.6 stars,Dog day care center,"109 Canal St, Boston, MA 02114, United States",+1 617-546-5900,https://reddogpetresort.com/north-station/,"9W7Q+RX Boston, Massachusetts, USA",,added,False,False,northstation@reddogpetresort.com,"BOOK WITH OUR FREE CONCIERGE  |  (617) 830-8558
 
SERVICES
LOCATIONS
WHY RED DOG
CURRENT OFFERS
BOOK NOW
NORTH STATION
BOOK NOWOUR RATES

INTRODUCING RED DOG’S FIRST BOUTIQUE LOCATION IN DOWNTOWN BOSTON, MASSACHUSETTS

Located in the vibrant area of Downtown Boston, walking distance to the TD Garden on Canal Street – Red Dog at North Station provides an enriching environment for your dog to spend their days! Offering Doggie Daycare, Day Stays and a full-service Salon & Spa, your pup will make new friends and go home rested. We are open Monday – Saturday and always welcoming new pups into our Doggie Daycare program. Come join the fun at Red Dog at North Station!


GROOMING

DAYCARE

DAY STAY
BOOK NOW

View FAQs for our new MoeGo software here >

DOGGIE DAYCARE AS LOW AS $18/DAY WITH OUR DOGGIE DAYCARE MONTHLY MEMBERSHIPS!

See details below

phone: 617-546-5900
email: northstation@reddogpetresort.com

5 + 12 = 

SUBMIT
HOURS OF OPERATION
DAYCARE PICKUP & DROPOFF TIMES:
Monday – Friday
7am -7pm

 

Saturday: 8AM – 4 PM (Daycare Only)

 

GROOMING SERVICES OFFERED MONDAY – FRIDAY

By Appointment Only 

 

Red Dog at North Station will be closed for all services on the following 2026 dates:

January 1
January 19
February 16
May 25
July 3 – 4
September 7
October 12
November 25 – 28
December 24 – 31

2027:

January 1
January 18

INTRODUCING OUR BRAND-NEW
DOGGIE DAYCARE MONTHLY MEMBERSHIPS!

Perfect for pups who love to visit Red Dog on a regular schedule.
Four unique membership packages will surely make your dog’s tail wag.

SILVER PAW
4 Full-Days of Daycare Included per Month
$
202 ($51 / day)
GOLD PAW
8 Full-Days of Daycare Included per Month
$
382 ($48 / day)
PLATINUM PAW
12 Full-Days of Daycare Included per Month*
$
545($45 / Day)
UNLIMITED PAW
30 Full-Days of Daycare Included per Month*
$
790(as low as $27 / day)

*Platinum Paw: 5% savings on Overnight Stays (applies to room rate only)

*Unlimited Paw: 10% savings on Overnight Stays (applies to room rate only) + 10% savings on all Grooming Services

LEARN MORE
MAKE YOUR DOG’S VISIT TO RED DOG AT NORTH STATION EXTRA SPECIAL WITH THESE ADDED AMENITIES.
DAYCARE INDIVIDUAL CITY WALK

Does your dog love to explore the outdoors? Add on a City Walk to your pup’s next Daycare day with us! This outdoor walk is 15-20 minutes long (weather permitting) and is a great break from playing with their friends.

PEANUT BUTTER SANDWICHES

A delicious lunchtime snack for your pup, made up of delicious Peanut Butter between two crunchy dog biscuits, always delivered right to your dog’s room! Daycare dogs love this mid-day snack too!

FROZEN KONG WITH PEANUT BUTTER

Frozen Peanut Butter Kong stuffed to the brim with tasty biscuits given midday or before bed! This treat will be sure to keep your pup busy.

ICE CREAM TREAT

An all-natural pet friendly ice cream or frozen yogurt is the perfect treat to make your dog smile during their stay at Red Dog.

INTERESTED IN DOGGIE OVERNIGHT STAYS?

Looking for a cozy, safe place for your dog to stay while you travel? Red Dog Boston is conveniently located off I-93 South near South Boston and Dorchester, offering spacious Overnight Accommodations designed to make your pet feel right at home. Travel with peace of mind knowing your dog is in caring hands with our Boston team!

OUR LOCAL PARTNER
MEET THE NORTH STATION MANAGER

At Red Dog Pet Resort & Spa, exceptional care begins with a personal touch. Our manager is actively involved with pets throughout the day, forming meaningful connections and understanding their unique needs. By guiding and supporting our pet care team, they ensure every pet’s stay is safe, comfortable, and truly enjoyable.

BOBBY
RESORT OPERATIONS MANAGER
LOCATIONS

BOSTON

NORTHSHORE

NORTH STATION

CINCINNATI

MASON

SPRINGDALE

BLUE ASH

ABOUT US

WHY RED DOG

EVENTS CALENDAR

FAQS

PEAK OVERNIGHT POLICIES

OUR FAMILY

EMPLOYMENT OPPORTUNITIES

PAWFFICE ASSISTANTS

2026
Close this module
Additional 10% off
your first booked service.

Join the Red Dog Pack for deals, events, and emails worth wagging about. Your dog would want you to.

Email
Enter your email address
FETCH THE DEAL"
Red Dog Pet Resort & Spa at North Station,2026-09-22,4.6,4.6 stars,Dog day care center,"109 Canal St, Boston, MA 02114, United States",+1 617-546-5900,https://reddogpetresort.com/north-station/,"9W7Q+RX Boston, Massachusetts, USA",,added,False,False,pet-trainer-illustration-03@2x-480x480.png,"BOOK WITH OUR FREE CONCIERGE  |  (617) 830-8558
 
SERVICES
LOCATIONS
WHY RED DOG
CURRENT OFFERS
BOOK NOW
NORTH STATION
BOOK NOWOUR RATES

INTRODUCING RED DOG’S FIRST BOUTIQUE LOCATION IN DOWNTOWN BOSTON, MASSACHUSETTS

Located in the vibrant area of Downtown Boston, walking distance to the TD Garden on Canal Street – Red Dog at North Station provides an enriching environment for your dog to spend their days! Offering Doggie Daycare, Day Stays and a full-service Salon & Spa, your pup will make new friends and go home rested. We are open Monday – Saturday and always welcoming new pups into our Doggie Daycare program. Come join the fun at Red Dog at North Station!


GROOMING

DAYCARE

DAY STAY
BOOK NOW

View FAQs for our new MoeGo software here >

DOGGIE DAYCARE AS LOW AS $18/DAY WITH OUR DOGGIE DAYCARE MONTHLY MEMBERSHIPS!

See details below

phone: 617-546-5900
email: northstation@reddogpetresort.com

5 + 12 = 

SUBMIT
HOURS OF OPERATION
DAYCARE PICKUP & DROPOFF TIMES:
Monday – Friday
7am -7pm

 

Saturday: 8AM – 4 PM (Daycare Only)

 

GROOMING SERVICES OFFERED MONDAY – FRIDAY

By Appointment Only 

 

Red Dog at North Station will be closed for all services on the following 2026 dates:

January 1
January 19
February 16
May 25
July 3 – 4
September 7
October 12
November 25 – 28
December 24 – 31

2027:

January 1
January 18

INTRODUCING OUR BRAND-NEW
DOGGIE DAYCARE MONTHLY MEMBERSHIPS!

Perfect for pups who love to visit Red Dog on a regular schedule.
Four unique membership packages will surely make your dog’s tail wag.

SILVER PAW
4 Full-Days of Daycare Included per Month
$
202 ($51 / day)
GOLD PAW
8 Full-Days of Daycare Included per Month
$
382 ($48 / day)
PLATINUM PAW
12 Full-Days of Daycare Included per Month*
$
545($45 / Day)
UNLIMITED PAW
30 Full-Days of Daycare Included per Month*
$
790(as low as $27 / day)

*Platinum Paw: 5% savings on Overnight Stays (applies to room rate only)

*Unlimited Paw: 10% savings on Overnight Stays (applies to room rate only) + 10% savings on all Grooming Services

LEARN MORE
MAKE YOUR DOG’S VISIT TO RED DOG AT NORTH STATION EXTRA SPECIAL WITH THESE ADDED AMENITIES.
DAYCARE INDIVIDUAL CITY WALK

Does your dog love to explore the outdoors? Add on a City Walk to your pup’s next Daycare day with us! This outdoor walk is 15-20 minutes long (weather permitting) and is a great break from playing with their friends.

PEANUT BUTTER SANDWICHES

A delicious lunchtime snack for your pup, made up of delicious Peanut Butter between two crunchy dog biscuits, always delivered right to your dog’s room! Daycare dogs love this mid-day snack too!

FROZEN KONG WITH PEANUT BUTTER

Frozen Peanut Butter Kong stuffed to the brim with tasty biscuits given midday or before bed! This treat will be sure to keep your pup busy.

ICE CREAM TREAT

An all-natural pet friendly ice cream or frozen yogurt is the perfect treat to make your dog smile during their stay at Red Dog.

INTERESTED IN DOGGIE OVERNIGHT STAYS?

Looking for a cozy, safe place for your dog to stay while you travel? Red Dog Boston is conveniently located off I-93 South near South Boston and Dorchester, offering spacious Overnight Accommodations designed to make your pet feel right at home. Travel with peace of mind knowing your dog is in caring hands with our Boston team!

OUR LOCAL PARTNER
MEET THE NORTH STATION MANAGER

At Red Dog Pet Resort & Spa, exceptional care begins with a personal touch. Our manager is actively involved with pets throughout the day, forming meaningful connections and understanding their unique needs. By guiding and supporting our pet care team, they ensure every pet’s stay is safe, comfortable, and truly enjoyable.

BOBBY
RESORT OPERATIONS MANAGER
LOCATIONS

BOSTON

NORTHSHORE

NORTH STATION

CINCINNATI

MASON

SPRINGDALE

BLUE ASH

ABOUT US

WHY RED DOG

EVENTS CALENDAR

FAQS

PEAK OVERNIGHT POLICIES

OUR FAMILY

EMPLOYMENT OPPORTUNITIES

PAWFFICE ASSISTANTS

2026
Close this module
Additional 10% off
your first booked service.

Join the Red Dog Pack for deals, events, and emails worth wagging about. Your dog would want you to.

Email
Enter your email address
FETCH THE DEAL"
Red Dog Pet Resort & Spa at North Station,2026-09-22,4.6,4.6 stars,Dog day care center,"109 Canal St, Boston, MA 02114, United States",+1 617-546-5900,https://reddogpetresort.com/north-station/,"9W7Q+RX Boston, Massachusetts, USA",,added,False,False,pet-trainer-illustration-03@2x-980x980.png,"BOOK WITH OUR FREE CONCIERGE  |  (617) 830-8558
 
SERVICES
LOCATIONS
WHY RED DOG
CURRENT OFFERS
BOOK NOW
NORTH STATION
BOOK NOWOUR RATES

INTRODUCING RED DOG’S FIRST BOUTIQUE LOCATION IN DOWNTOWN BOSTON, MASSACHUSETTS

Located in the vibrant area of Downtown Boston, walking distance to the TD Garden on Canal Street – Red Dog at North Station provides an enriching environment for your dog to spend their days! Offering Doggie Daycare, Day Stays and a full-service Salon & Spa, your pup will make new friends and go home rested. We are open Monday – Saturday and always welcoming new pups into our Doggie Daycare program. Come join the fun at Red Dog at North Station!


GROOMING

DAYCARE

DAY STAY
BOOK NOW

View FAQs for our new MoeGo software here >

DOGGIE DAYCARE AS LOW AS $18/DAY WITH OUR DOGGIE DAYCARE MONTHLY MEMBERSHIPS!

See details below

phone: 617-546-5900
email: northstation@reddogpetresort.com

5 + 12 = 

SUBMIT
HOURS OF OPERATION
DAYCARE PICKUP & DROPOFF TIMES:
Monday – Friday
7am -7pm

 

Saturday: 8AM – 4 PM (Daycare Only)

 

GROOMING SERVICES OFFERED MONDAY – FRIDAY

By Appointment Only 

 

Red Dog at North Station will be closed for all services on the following 2026 dates:

January 1
January 19
February 16
May 25
July 3 – 4
September 7
October 12
November 25 – 28
December 24 – 31

2027:

January 1
January 18

INTRODUCING OUR BRAND-NEW
DOGGIE DAYCARE MONTHLY MEMBERSHIPS!

Perfect for pups who love to visit Red Dog on a regular schedule.
Four unique membership packages will surely make your dog’s tail wag.

SILVER PAW
4 Full-Days of Daycare Included per Month
$
202 ($51 / day)
GOLD PAW
8 Full-Days of Daycare Included per Month
$
382 ($48 / day)
PLATINUM PAW
12 Full-Days of Daycare Included per Month*
$
545($45 / Day)
UNLIMITED PAW
30 Full-Days of Daycare Included per Month*
$
790(as low as $27 / day)

*Platinum Paw: 5% savings on Overnight Stays (applies to room rate only)

*Unlimited Paw: 10% savings on Overnight Stays (applies to room rate only) + 10% savings on all Grooming Services

LEARN MORE
MAKE YOUR DOG’S VISIT TO RED DOG AT NORTH STATION EXTRA SPECIAL WITH THESE ADDED AMENITIES.
DAYCARE INDIVIDUAL CITY WALK

Does your dog love to explore the outdoors? Add on a City Walk to your pup’s next Daycare day with us! This outdoor walk is 15-20 minutes long (weather permitting) and is a great break from playing with their friends.

PEANUT BUTTER SANDWICHES

A delicious lunchtime snack for your pup, made up of delicious Peanut Butter between two crunchy dog biscuits, always delivered right to your dog’s room! Daycare dogs love this mid-day snack too!

FROZEN KONG WITH PEANUT BUTTER

Frozen Peanut Butter Kong stuffed to the brim with tasty biscuits given midday or before bed! This treat will be sure to keep your pup busy.

ICE CREAM TREAT

An all-natural pet friendly ice cream or frozen yogurt is the perfect treat to make your dog smile during their stay at Red Dog.

INTERESTED IN DOGGIE OVERNIGHT STAYS?

Looking for a cozy, safe place for your dog to stay while you travel? Red Dog Boston is conveniently located off I-93 South near South Boston and Dorchester, offering spacious Overnight Accommodations designed to make your pet feel right at home. Travel with peace of mind knowing your dog is in caring hands with our Boston team!

OUR LOCAL PARTNER
MEET THE NORTH STATION MANAGER

At Red Dog Pet Resort & Spa, exceptional care begins with a personal touch. Our manager is actively involved with pets throughout the day, forming meaningful connections and understanding their unique needs. By guiding and supporting our pet care team, they ensure every pet’s stay is safe, comfortable, and truly enjoyable.

BOBBY
RESORT OPERATIONS MANAGER
LOCATIONS

BOSTON

NORTHSHORE

NORTH STATION

CINCINNATI

MASON

SPRINGDALE

BLUE ASH

ABOUT US

WHY RED DOG

EVENTS CALENDAR

FAQS

PEAK OVERNIGHT POLICIES

OUR FAMILY

EMPLOYMENT OPPORTUNITIES

PAWFFICE ASSISTANTS

2026
Close this module
Additional 10% off
your first booked service.

Join the Red Dog Pack for deals, events, and emails worth wagging about. Your dog would want you to.

Email
Enter your email address
FETCH THE DEAL"
Red Dog Pet Resort & Spa at North Station,2026-09-22,4.6,4.6 stars,Dog day care center,"109 Canal St, Boston, MA 02114, United States",+1 617-546-5900,https://reddogpetresort.com/north-station/,"9W7Q+RX Boston, Massachusetts, USA",,added,False,False,pet-trainer-illustration-04@2x-480x480.png,"BOOK WITH OUR FREE CONCIERGE  |  (617) 830-8558
 
SERVICES
LOCATIONS
WHY RED DOG
CURRENT OFFERS
BOOK NOW
NORTH STATION
BOOK NOWOUR RATES

INTRODUCING RED DOG’S FIRST BOUTIQUE LOCATION IN DOWNTOWN BOSTON, MASSACHUSETTS

Located in the vibrant area of Downtown Boston, walking distance to the TD Garden on Canal Street – Red Dog at North Station provides an enriching environment for your dog to spend their days! Offering Doggie Daycare, Day Stays and a full-service Salon & Spa, your pup will make new friends and go home rested. We are open Monday – Saturday and always welcoming new pups into our Doggie Daycare program. Come join the fun at Red Dog at North Station!


GROOMING

DAYCARE

DAY STAY
BOOK NOW

View FAQs for our new MoeGo software here >

DOGGIE DAYCARE AS LOW AS $18/DAY WITH OUR DOGGIE DAYCARE MONTHLY MEMBERSHIPS!

See details below

phone: 617-546-5900
email: northstation@reddogpetresort.com

5 + 12 = 

SUBMIT
HOURS OF OPERATION
DAYCARE PICKUP & DROPOFF TIMES:
Monday – Friday
7am -7pm

 

Saturday: 8AM – 4 PM (Daycare Only)

 

GROOMING SERVICES OFFERED MONDAY – FRIDAY

By Appointment Only 

 

Red Dog at North Station will be closed for all services on the following 2026 dates:

January 1
January 19
February 16
May 25
July 3 – 4
September 7
October 12
November 25 – 28
December 24 – 31

2027:

January 1
January 18

INTRODUCING OUR BRAND-NEW
DOGGIE DAYCARE MONTHLY MEMBERSHIPS!

Perfect for pups who love to visit Red Dog on a regular schedule.
Four unique membership packages will surely make your dog’s tail wag.

SILVER PAW
4 Full-Days of Daycare Included per Month
$
202 ($51 / day)
GOLD PAW
8 Full-Days of Daycare Included per Month
$
382 ($48 / day)
PLATINUM PAW
12 Full-Days of Daycare Included per Month*
$
545($45 / Day)
UNLIMITED PAW
30 Full-Days of Daycare Included per Month*
$
790(as low as $27 / day)

*Platinum Paw: 5% savings on Overnight Stays (applies to room rate only)

*Unlimited Paw: 10% savings on Overnight Stays (applies to room rate only) + 10% savings on all Grooming Services

LEARN MORE
MAKE YOUR DOG’S VISIT TO RED DOG AT NORTH STATION EXTRA SPECIAL WITH THESE ADDED AMENITIES.
DAYCARE INDIVIDUAL CITY WALK

Does your dog love to explore the outdoors? Add on a City Walk to your pup’s next Daycare day with us! This outdoor walk is 15-20 minutes long (weather permitting) and is a great break from playing with their friends.

PEANUT BUTTER SANDWICHES

A delicious lunchtime snack for your pup, made up of delicious Peanut Butter between two crunchy dog biscuits, always delivered right to your dog’s room! Daycare dogs love this mid-day snack too!

FROZEN KONG WITH PEANUT BUTTER

Frozen Peanut Butter Kong stuffed to the brim with tasty biscuits given midday or before bed! This treat will be sure to keep your pup busy.

ICE CREAM TREAT

An all-natural pet friendly ice cream or frozen yogurt is the perfect treat to make your dog smile during their stay at Red Dog.

INTERESTED IN DOGGIE OVERNIGHT STAYS?

Looking for a cozy, safe place for your dog to stay while you travel? Red Dog Boston is conveniently located off I-93 South near South Boston and Dorchester, offering spacious Overnight Accommodations designed to make your pet feel right at home. Travel with peace of mind knowing your dog is in caring hands with our Boston team!

OUR LOCAL PARTNER
MEET THE NORTH STATION MANAGER

At Red Dog Pet Resort & Spa, exceptional care begins with a personal touch. Our manager is actively involved with pets throughout the day, forming meaningful connections and understanding their unique needs. By guiding and supporting our pet care team, they ensure every pet’s stay is safe, comfortable, and truly enjoyable.

BOBBY
RESORT OPERATIONS MANAGER
LOCATIONS

BOSTON

NORTHSHORE

NORTH STATION

CINCINNATI

MASON

SPRINGDALE

BLUE ASH

ABOUT US

WHY RED DOG

EVENTS CALENDAR

FAQS

PEAK OVERNIGHT POLICIES

OUR FAMILY

EMPLOYMENT OPPORTUNITIES

PAWFFICE ASSISTANTS

2026
Close this module
Additional 10% off
your first booked service.

Join the Red Dog Pack for deals, events, and emails worth wagging about. Your dog would want you to.

Email
Enter your email address
FETCH THE DEAL"
Red Dog Pet Resort & Spa at North Station,2026-09-22,4.6,4.6 stars,Dog day care center,"109 Canal St, Boston, MA 02114, United States",+1 617-546-5900,https://reddogpetresort.com/north-station/,"9W7Q+RX Boston, Massachusetts, USA",,added,False,False,pet-trainer-illustration-04@2x-980x980.png,"BOOK WITH OUR FREE CONCIERGE  |  (617) 830-8558
 
SERVICES
LOCATIONS
WHY RED DOG
CURRENT OFFERS
BOOK NOW
NORTH STATION
BOOK NOWOUR RATES

INTRODUCING RED DOG’S FIRST BOUTIQUE LOCATION IN DOWNTOWN BOSTON, MASSACHUSETTS

Located in the vibrant area of Downtown Boston, walking distance to the TD Garden on Canal Street – Red Dog at North Station provides an enriching environment for your dog to spend their days! Offering Doggie Daycare, Day Stays and a full-service Salon & Spa, your pup will make new friends and go home rested. We are open Monday – Saturday and always welcoming new pups into our Doggie Daycare program. Come join the fun at Red Dog at North Station!


GROOMING

DAYCARE

DAY STAY
BOOK NOW

View FAQs for our new MoeGo software here >

DOGGIE DAYCARE AS LOW AS $18/DAY WITH OUR DOGGIE DAYCARE MONTHLY MEMBERSHIPS!

See details below

phone: 617-546-5900
email: northstation@reddogpetresort.com

5 + 12 = 

SUBMIT
HOURS OF OPERATION
DAYCARE PICKUP & DROPOFF TIMES:
Monday – Friday
7am -7pm

 

Saturday: 8AM – 4 PM (Daycare Only)

 

GROOMING SERVICES OFFERED MONDAY – FRIDAY

By Appointment Only 

 

Red Dog at North Station will be closed for all services on the following 2026 dates:

January 1
January 19
February 16
May 25
July 3 – 4
September 7
October 12
November 25 – 28
December 24 – 31

2027:

January 1
January 18

INTRODUCING OUR BRAND-NEW
DOGGIE DAYCARE MONTHLY MEMBERSHIPS!

Perfect for pups who love to visit Red Dog on a regular schedule.
Four unique membership packages will surely make your dog’s tail wag.

SILVER PAW
4 Full-Days of Daycare Included per Month
$
202 ($51 / day)
GOLD PAW
8 Full-Days of Daycare Included per Month
$
382 ($48 / day)
PLATINUM PAW
12 Full-Days of Daycare Included per Month*
$
545($45 / Day)
UNLIMITED PAW
30 Full-Days of Daycare Included per Month*
$
790(as low as $27 / day)

*Platinum Paw: 5% savings on Overnight Stays (applies to room rate only)

*Unlimited Paw: 10% savings on Overnight Stays (applies to room rate only) + 10% savings on all Grooming Services

LEARN MORE
MAKE YOUR DOG’S VISIT TO RED DOG AT NORTH STATION EXTRA SPECIAL WITH THESE ADDED AMENITIES.
DAYCARE INDIVIDUAL CITY WALK

Does your dog love to explore the outdoors? Add on a City Walk to your pup’s next Daycare day with us! This outdoor walk is 15-20 minutes long (weather permitting) and is a great break from playing with their friends.

PEANUT BUTTER SANDWICHES

A delicious lunchtime snack for your pup, made up of delicious Peanut Butter between two crunchy dog biscuits, always delivered right to your dog’s room! Daycare dogs love this mid-day snack too!

FROZEN KONG WITH PEANUT BUTTER

Frozen Peanut Butter Kong stuffed to the brim with tasty biscuits given midday or before bed! This treat will be sure to keep your pup busy.

ICE CREAM TREAT

An all-natural pet friendly ice cream or frozen yogurt is the perfect treat to make your dog smile during their stay at Red Dog.

INTERESTED IN DOGGIE OVERNIGHT STAYS?

Looking for a cozy, safe place for your dog to stay while you travel? Red Dog Boston is conveniently located off I-93 South near South Boston and Dorchester, offering spacious Overnight Accommodations designed to make your pet feel right at home. Travel with peace of mind knowing your dog is in caring hands with our Boston team!

OUR LOCAL PARTNER
MEET THE NORTH STATION MANAGER

At Red Dog Pet Resort & Spa, exceptional care begins with a personal touch. Our manager is actively involved with pets throughout the day, forming meaningful connections and understanding their unique needs. By guiding and supporting our pet care team, they ensure every pet’s stay is safe, comfortable, and truly enjoyable.

BOBBY
RESORT OPERATIONS MANAGER
LOCATIONS

BOSTON

NORTHSHORE

NORTH STATION

CINCINNATI

MASON

SPRINGDALE

BLUE ASH

ABOUT US

WHY RED DOG

EVENTS CALENDAR

FAQS

PEAK OVERNIGHT POLICIES

OUR FAMILY

EMPLOYMENT OPPORTUNITIES

PAWFFICE ASSISTANTS

2026
Close this module
Additional 10% off
your first booked service.

Join the Red Dog Pack for deals, events, and emails worth wagging about. Your dog would want you to.

Email
Enter your email address
FETCH THE DEAL"
Red Dog Pet Resort & Spa at North Station,2026-09-22,4.6,4.6 stars,Dog day care center,"109 Canal St, Boston, MA 02114, United States",+1 617-546-5900,https://reddogpetresort.com/north-station/,"9W7Q+RX Boston, Massachusetts, USA",,added,False,False,pet-trainer-illustration-12@2x-1280x890.png,"BOOK WITH OUR FREE CONCIERGE  |  (617) 830-8558
 
SERVICES
LOCATIONS
WHY RED DOG
CURRENT OFFERS
BOOK NOW
NORTH STATION
BOOK NOWOUR RATES

INTRODUCING RED DOG’S FIRST BOUTIQUE LOCATION IN DOWNTOWN BOSTON, MASSACHUSETTS

Located in the vibrant area of Downtown Boston, walking distance to the TD Garden on Canal Street – Red Dog at North Station provides an enriching environment for your dog to spend their days! Offering Doggie Daycare, Day Stays and a full-service Salon & Spa, your pup will make new friends and go home rested. We are open Monday – Saturday and always welcoming new pups into our Doggie Daycare program. Come join the fun at Red Dog at North Station!


GROOMING

DAYCARE

DAY STAY
BOOK NOW

View FAQs for our new MoeGo software here >

DOGGIE DAYCARE AS LOW AS $18/DAY WITH OUR DOGGIE DAYCARE MONTHLY MEMBERSHIPS!

See details below

phone: 617-546-5900
email: northstation@reddogpetresort.com

5 + 12 = 

SUBMIT
HOURS OF OPERATION
DAYCARE PICKUP & DROPOFF TIMES:
Monday – Friday
7am -7pm

 

Saturday: 8AM – 4 PM (Daycare Only)

 

GROOMING SERVICES OFFERED MONDAY – FRIDAY

By Appointment Only 

 

Red Dog at North Station will be closed for all services on the following 2026 dates:

January 1
January 19
February 16
May 25
July 3 – 4
September 7
October 12
November 25 – 28
December 24 – 31

2027:

January 1
January 18

INTRODUCING OUR BRAND-NEW
DOGGIE DAYCARE MONTHLY MEMBERSHIPS!

Perfect for pups who love to visit Red Dog on a regular schedule.
Four unique membership packages will surely make your dog’s tail wag.

SILVER PAW
4 Full-Days of Daycare Included per Month
$
202 ($51 / day)
GOLD PAW
8 Full-Days of Daycare Included per Month
$
382 ($48 / day)
PLATINUM PAW
12 Full-Days of Daycare Included per Month*
$
545($45 / Day)
UNLIMITED PAW
30 Full-Days of Daycare Included per Month*
$
790(as low as $27 / day)

*Platinum Paw: 5% savings on Overnight Stays (applies to room rate only)

*Unlimited Paw: 10% savings on Overnight Stays (applies to room rate only) + 10% savings on all Grooming Services

LEARN MORE
MAKE YOUR DOG’S VISIT TO RED DOG AT NORTH STATION EXTRA SPECIAL WITH THESE ADDED AMENITIES.
DAYCARE INDIVIDUAL CITY WALK

Does your dog love to explore the outdoors? Add on a City Walk to your pup’s next Daycare day with us! This outdoor walk is 15-20 minutes long (weather permitting) and is a great break from playing with their friends.

PEANUT BUTTER SANDWICHES

A delicious lunchtime snack for your pup, made up of delicious Peanut Butter between two crunchy dog biscuits, always delivered right to your dog’s room! Daycare dogs love this mid-day snack too!

FROZEN KONG WITH PEANUT BUTTER

Frozen Peanut Butter Kong stuffed to the brim with tasty biscuits given midday or before bed! This treat will be sure to keep your pup busy.

ICE CREAM TREAT

An all-natural pet friendly ice cream or frozen yogurt is the perfect treat to make your dog smile during their stay at Red Dog.

INTERESTED IN DOGGIE OVERNIGHT STAYS?

Looking for a cozy, safe place for your dog to stay while you travel? Red Dog Boston is conveniently located off I-93 South near South Boston and Dorchester, offering spacious Overnight Accommodations designed to make your pet feel right at home. Travel with peace of mind knowing your dog is in caring hands with our Boston team!

OUR LOCAL PARTNER
MEET THE NORTH STATION MANAGER

At Red Dog Pet Resort & Spa, exceptional care begins with a personal touch. Our manager is actively involved with pets throughout the day, forming meaningful connections and understanding their unique needs. By guiding and supporting our pet care team, they ensure every pet’s stay is safe, comfortable, and truly enjoyable.

BOBBY
RESORT OPERATIONS MANAGER
LOCATIONS

BOSTON

NORTHSHORE

NORTH STATION

CINCINNATI

MASON

SPRINGDALE

BLUE ASH

ABOUT US

WHY RED DOG

EVENTS CALENDAR

FAQS

PEAK OVERNIGHT POLICIES

OUR FAMILY

EMPLOYMENT OPPORTUNITIES

PAWFFICE ASSISTANTS

2026
Close this module
Additional 10% off
your first booked service.

Join the Red Dog Pack for deals, events, and emails worth wagging about. Your dog would want you to.

Email
Enter your email address
FETCH THE DEAL"
Red Dog Pet Resort & Spa at North Station,2026-09-22,4.6,4.6 stars,Dog day care center,"109 Canal St, Boston, MA 02114, United States",+1 617-546-5900,https://reddogpetresort.com/north-station/,"9W7Q+RX Boston, Massachusetts, USA",,added,False,False,pet-trainer-illustration-12@2x-480x334.png,"BOOK WITH OUR FREE CONCIERGE  |  (617) 830-8558
 
SERVICES
LOCATIONS
WHY RED DOG
CURRENT OFFERS
BOOK NOW
NORTH STATION
BOOK NOWOUR RATES

INTRODUCING RED DOG’S FIRST BOUTIQUE LOCATION IN DOWNTOWN BOSTON, MASSACHUSETTS

Located in the vibrant area of Downtown Boston, walking distance to the TD Garden on Canal Street – Red Dog at North Station provides an enriching environment for your dog to spend their days! Offering Doggie Daycare, Day Stays and a full-service Salon & Spa, your pup will make new friends and go home rested. We are open Monday – Saturday and always welcoming new pups into our Doggie Daycare program. Come join the fun at Red Dog at North Station!


GROOMING

DAYCARE

DAY STAY
BOOK NOW

View FAQs for our new MoeGo software here >

DOGGIE DAYCARE AS LOW AS $18/DAY WITH OUR DOGGIE DAYCARE MONTHLY MEMBERSHIPS!

See details below

phone: 617-546-5900
email: northstation@reddogpetresort.com

5 + 12 = 

SUBMIT
HOURS OF OPERATION
DAYCARE PICKUP & DROPOFF TIMES:
Monday – Friday
7am -7pm

 

Saturday: 8AM – 4 PM (Daycare Only)

 

GROOMING SERVICES OFFERED MONDAY – FRIDAY

By Appointment Only 

 

Red Dog at North Station will be closed for all services on the following 2026 dates:

January 1
January 19
February 16
May 25
July 3 – 4
September 7
October 12
November 25 – 28
December 24 – 31

2027:

January 1
January 18

INTRODUCING OUR BRAND-NEW
DOGGIE DAYCARE MONTHLY MEMBERSHIPS!

Perfect for pups who love to visit Red Dog on a regular schedule.
Four unique membership packages will surely make your dog’s tail wag.

SILVER PAW
4 Full-Days of Daycare Included per Month
$
202 ($51 / day)
GOLD PAW
8 Full-Days of Daycare Included per Month
$
382 ($48 / day)
PLATINUM PAW
12 Full-Days of Daycare Included per Month*
$
545($45 / Day)
UNLIMITED PAW
30 Full-Days of Daycare Included per Month*
$
790(as low as $27 / day)

*Platinum Paw: 5% savings on Overnight Stays (applies to room rate only)

*Unlimited Paw: 10% savings on Overnight Stays (applies to room rate only) + 10% savings on all Grooming Services

LEARN MORE
MAKE YOUR DOG’S VISIT TO RED DOG AT NORTH STATION EXTRA SPECIAL WITH THESE ADDED AMENITIES.
DAYCARE INDIVIDUAL CITY WALK

Does your dog love to explore the outdoors? Add on a City Walk to your pup’s next Daycare day with us! This outdoor walk is 15-20 minutes long (weather permitting) and is a great break from playing with their friends.

PEANUT BUTTER SANDWICHES

A delicious lunchtime snack for your pup, made up of delicious Peanut Butter between two crunchy dog biscuits, always delivered right to your dog’s room! Daycare dogs love this mid-day snack too!

FROZEN KONG WITH PEANUT BUTTER

Frozen Peanut Butter Kong stuffed to the brim with tasty biscuits given midday or before bed! This treat will be sure to keep your pup busy.

ICE CREAM TREAT

An all-natural pet friendly ice cream or frozen yogurt is the perfect treat to make your dog smile during their stay at Red Dog.

INTERESTED IN DOGGIE OVERNIGHT STAYS?

Looking for a cozy, safe place for your dog to stay while you travel? Red Dog Boston is conveniently located off I-93 South near South Boston and Dorchester, offering spacious Overnight Accommodations designed to make your pet feel right at home. Travel with peace of mind knowing your dog is in caring hands with our Boston team!

OUR LOCAL PARTNER
MEET THE NORTH STATION MANAGER

At Red Dog Pet Resort & Spa, exceptional care begins with a personal touch. Our manager is actively involved with pets throughout the day, forming meaningful connections and understanding their unique needs. By guiding and supporting our pet care team, they ensure every pet’s stay is safe, comfortable, and truly enjoyable.

BOBBY
RESORT OPERATIONS MANAGER
LOCATIONS

BOSTON

NORTHSHORE

NORTH STATION

CINCINNATI

MASON

SPRINGDALE

BLUE ASH

ABOUT US

WHY RED DOG

EVENTS CALENDAR

FAQS

PEAK OVERNIGHT POLICIES

OUR FAMILY

EMPLOYMENT OPPORTUNITIES

PAWFFICE ASSISTANTS

2026
Close this module
Additional 10% off
your first booked service.

Join the Red Dog Pack for deals, events, and emails worth wagging about. Your dog would want you to.

Email
Enter your email address
FETCH THE DEAL"
Red Dog Pet Resort & Spa at North Station,2026-09-22,4.6,4.6 stars,Dog day care center,"109 Canal St, Boston, MA 02114, United States",+1 617-546-5900,https://reddogpetresort.com/north-station/,"9W7Q+RX Boston, Massachusetts, USA",,added,False,False,pet-trainer-illustration-12@2x-980x682.png,"BOOK WITH OUR FREE CONCIERGE  |  (617) 830-8558
 
SERVICES
LOCATIONS
WHY RED DOG
CURRENT OFFERS
BOOK NOW
NORTH STATION
BOOK NOWOUR RATES

INTRODUCING RED DOG’S FIRST BOUTIQUE LOCATION IN DOWNTOWN BOSTON, MASSACHUSETTS

Located in the vibrant area of Downtown Boston, walking distance to the TD Garden on Canal Street – Red Dog at North Station provides an enriching environment for your dog to spend their days! Offering Doggie Daycare, Day Stays and a full-service Salon & Spa, your pup will make new friends and go home rested. We are open Monday – Saturday and always welcoming new pups into our Doggie Daycare program. Come join the fun at Red Dog at North Station!


GROOMING

DAYCARE

DAY STAY
BOOK NOW

View FAQs for our new MoeGo software here >

DOGGIE DAYCARE AS LOW AS $18/DAY WITH OUR DOGGIE DAYCARE MONTHLY MEMBERSHIPS!

See details below

phone: 617-546-5900
email: northstation@reddogpetresort.com

5 + 12 = 

SUBMIT
HOURS OF OPERATION
DAYCARE PICKUP & DROPOFF TIMES:
Monday – Friday
7am -7pm

 

Saturday: 8AM – 4 PM (Daycare Only)

 

GROOMING SERVICES OFFERED MONDAY – FRIDAY

By Appointment Only 

 

Red Dog at North Station will be closed for all services on the following 2026 dates:

January 1
January 19
February 16
May 25
July 3 – 4
September 7
October 12
November 25 – 28
December 24 – 31

2027:

January 1
January 18

INTRODUCING OUR BRAND-NEW
DOGGIE DAYCARE MONTHLY MEMBERSHIPS!

Perfect for pups who love to visit Red Dog on a regular schedule.
Four unique membership packages will surely make your dog’s tail wag.

SILVER PAW
4 Full-Days of Daycare Included per Month
$
202 ($51 / day)
GOLD PAW
8 Full-Days of Daycare Included per Month
$
382 ($48 / day)
PLATINUM PAW
12 Full-Days of Daycare Included per Month*
$
545($45 / Day)
UNLIMITED PAW
30 Full-Days of Daycare Included per Month*
$
790(as low as $27 / day)

*Platinum Paw: 5% savings on Overnight Stays (applies to room rate only)

*Unlimited Paw: 10% savings on Overnight Stays (applies to room rate only) + 10% savings on all Grooming Services

LEARN MORE
MAKE YOUR DOG’S VISIT TO RED DOG AT NORTH STATION EXTRA SPECIAL WITH THESE ADDED AMENITIES.
DAYCARE INDIVIDUAL CITY WALK

Does your dog love to explore the outdoors? Add on a City Walk to your pup’s next Daycare day with us! This outdoor walk is 15-20 minutes long (weather permitting) and is a great break from playing with their friends.

PEANUT BUTTER SANDWICHES

A delicious lunchtime snack for your pup, made up of delicious Peanut Butter between two crunchy dog biscuits, always delivered right to your dog’s room! Daycare dogs love this mid-day snack too!

FROZEN KONG WITH PEANUT BUTTER

Frozen Peanut Butter Kong stuffed to the brim with tasty biscuits given midday or before bed! This treat will be sure to keep your pup busy.

ICE CREAM TREAT

An all-natural pet friendly ice cream or frozen yogurt is the perfect treat to make your dog smile during their stay at Red Dog.

INTERESTED IN DOGGIE OVERNIGHT STAYS?

Looking for a cozy, safe place for your dog to stay while you travel? Red Dog Boston is conveniently located off I-93 South near South Boston and Dorchester, offering spacious Overnight Accommodations designed to make your pet feel right at home. Travel with peace of mind knowing your dog is in caring hands with our Boston team!

OUR LOCAL PARTNER
MEET THE NORTH STATION MANAGER

At Red Dog Pet Resort & Spa, exceptional care begins with a personal touch. Our manager is actively involved with pets throughout the day, forming meaningful connections and understanding their unique needs. By guiding and supporting our pet care team, they ensure every pet’s stay is safe, comfortable, and truly enjoyable.

BOBBY
RESORT OPERATIONS MANAGER
LOCATIONS

BOSTON

NORTHSHORE

NORTH STATION

CINCINNATI

MASON

SPRINGDALE

BLUE ASH

ABOUT US

WHY RED DOG

EVENTS CALENDAR

FAQS

PEAK OVERNIGHT POLICIES

OUR FAMILY

EMPLOYMENT OPPORTUNITIES

PAWFFICE ASSISTANTS

2026
Close this module
Additional 10% off
your first booked service.

Join the Red Dog Pack for deals, events, and emails worth wagging about. Your dog would want you to.

Email
Enter your email address
FETCH THE DEAL"
Red Dog Pet Resort & Spa at North Station,2026-09-22,4.6,4.6 stars,Dog day care center,"109 Canal St, Boston, MA 02114, United States",+1 617-546-5900,https://reddogpetresort.com/north-station/,"9W7Q+RX Boston, Massachusetts, USA",,added,False,False,pet-trainer-illustration-14@2x-267x300.png,"BOOK WITH OUR FREE CONCIERGE  |  (617) 830-8558
 
SERVICES
LOCATIONS
WHY RED DOG
CURRENT OFFERS
BOOK NOW
NORTH STATION
BOOK NOWOUR RATES

INTRODUCING RED DOG’S FIRST BOUTIQUE LOCATION IN DOWNTOWN BOSTON, MASSACHUSETTS

Located in the vibrant area of Downtown Boston, walking distance to the TD Garden on Canal Street – Red Dog at North Station provides an enriching environment for your dog to spend their days! Offering Doggie Daycare, Day Stays and a full-service Salon & Spa, your pup will make new friends and go home rested. We are open Monday – Saturday and always welcoming new pups into our Doggie Daycare program. Come join the fun at Red Dog at North Station!


GROOMING

DAYCARE

DAY STAY
BOOK NOW

View FAQs for our new MoeGo software here >

DOGGIE DAYCARE AS LOW AS $18/DAY WITH OUR DOGGIE DAYCARE MONTHLY MEMBERSHIPS!

See details below

phone: 617-546-5900
email: northstation@reddogpetresort.com

5 + 12 = 

SUBMIT
HOURS OF OPERATION
DAYCARE PICKUP & DROPOFF TIMES:
Monday – Friday
7am -7pm

 

Saturday: 8AM – 4 PM (Daycare Only)

 

GROOMING SERVICES OFFERED MONDAY – FRIDAY

By Appointment Only 

 

Red Dog at North Station will be closed for all services on the following 2026 dates:

January 1
January 19
February 16
May 25
July 3 – 4
September 7
October 12
November 25 – 28
December 24 – 31

2027:

January 1
January 18

INTRODUCING OUR BRAND-NEW
DOGGIE DAYCARE MONTHLY MEMBERSHIPS!

Perfect for pups who love to visit Red Dog on a regular schedule.
Four unique membership packages will surely make your dog’s tail wag.

SILVER PAW
4 Full-Days of Daycare Included per Month
$
202 ($51 / day)
GOLD PAW
8 Full-Days of Daycare Included per Month
$
382 ($48 / day)
PLATINUM PAW
12 Full-Days of Daycare Included per Month*
$
545($45 / Day)
UNLIMITED PAW
30 Full-Days of Daycare Included per Month*
$
790(as low as $27 / day)

*Platinum Paw: 5% savings on Overnight Stays (applies to room rate only)

*Unlimited Paw: 10% savings on Overnight Stays (applies to room rate only) + 10% savings on all Grooming Services

LEARN MORE
MAKE YOUR DOG’S VISIT TO RED DOG AT NORTH STATION EXTRA SPECIAL WITH THESE ADDED AMENITIES.
DAYCARE INDIVIDUAL CITY WALK

Does your dog love to explore the outdoors? Add on a City Walk to your pup’s next Daycare day with us! This outdoor walk is 15-20 minutes long (weather permitting) and is a great break from playing with their friends.

PEANUT BUTTER SANDWICHES

A delicious lunchtime snack for your pup, made up of delicious Peanut Butter between two crunchy dog biscuits, always delivered right to your dog’s room! Daycare dogs love this mid-day snack too!

FROZEN KONG WITH PEANUT BUTTER

Frozen Peanut Butter Kong stuffed to the brim with tasty biscuits given midday or before bed! This treat will be sure to keep your pup busy.

ICE CREAM TREAT

An all-natural pet friendly ice cream or frozen yogurt is the perfect treat to make your dog smile during their stay at Red Dog.

INTERESTED IN DOGGIE OVERNIGHT STAYS?

Looking for a cozy, safe place for your dog to stay while you travel? Red Dog Boston is conveniently located off I-93 South near South Boston and Dorchester, offering spacious Overnight Accommodations designed to make your pet feel right at home. Travel with peace of mind knowing your dog is in caring hands with our Boston team!

OUR LOCAL PARTNER
MEET THE NORTH STATION MANAGER

At Red Dog Pet Resort & Spa, exceptional care begins with a personal touch. Our manager is actively involved with pets throughout the day, forming meaningful connections and understanding their unique needs. By guiding and supporting our pet care team, they ensure every pet’s stay is safe, comfortable, and truly enjoyable.

BOBBY
RESORT OPERATIONS MANAGER
LOCATIONS

BOSTON

NORTHSHORE

NORTH STATION

CINCINNATI

MASON

SPRINGDALE

BLUE ASH

ABOUT US

WHY RED DOG

EVENTS CALENDAR

FAQS

PEAK OVERNIGHT POLICIES

OUR FAMILY

EMPLOYMENT OPPORTUNITIES

PAWFFICE ASSISTANTS

2026
Close this module
Additional 10% off
your first booked service.

Join the Red Dog Pack for deals, events, and emails worth wagging about. Your dog would want you to.

Email
Enter your email address
FETCH THE DEAL"
Red Dog Pet Resort & Spa at North Station,2026-09-22,4.6,4.6 stars,Dog day care center,"109 Canal St, Boston, MA 02114, United States",+1 617-546-5900,https://reddogpetresort.com/north-station/,"9W7Q+RX Boston, Massachusetts, USA",,added,False,False,pet-trainer-illustration-14@3x.png,"BOOK WITH OUR FREE CONCIERGE  |  (617) 830-8558
 
SERVICES
LOCATIONS
WHY RED DOG
CURRENT OFFERS
BOOK NOW
NORTH STATION
BOOK NOWOUR RATES

INTRODUCING RED DOG’S FIRST BOUTIQUE LOCATION IN DOWNTOWN BOSTON, MASSACHUSETTS

Located in the vibrant area of Downtown Boston, walking distance to the TD Garden on Canal Street – Red Dog at North Station provides an enriching environment for your dog to spend their days! Offering Doggie Daycare, Day Stays and a full-service Salon & Spa, your pup will make new friends and go home rested. We are open Monday – Saturday and always welcoming new pups into our Doggie Daycare program. Come join the fun at Red Dog at North Station!


GROOMING

DAYCARE

DAY STAY
BOOK NOW

View FAQs for our new MoeGo software here >

DOGGIE DAYCARE AS LOW AS $18/DAY WITH OUR DOGGIE DAYCARE MONTHLY MEMBERSHIPS!

See details below

phone: 617-546-5900
email: northstation@reddogpetresort.com

5 + 12 = 

SUBMIT
HOURS OF OPERATION
DAYCARE PICKUP & DROPOFF TIMES:
Monday – Friday
7am -7pm

 

Saturday: 8AM – 4 PM (Daycare Only)

 

GROOMING SERVICES OFFERED MONDAY – FRIDAY

By Appointment Only 

 

Red Dog at North Station will be closed for all services on the following 2026 dates:

January 1
January 19
February 16
May 25
July 3 – 4
September 7
October 12
November 25 – 28
December 24 – 31

2027:

January 1
January 18

INTRODUCING OUR BRAND-NEW
DOGGIE DAYCARE MONTHLY MEMBERSHIPS!

Perfect for pups who love to visit Red Dog on a regular schedule.
Four unique membership packages will surely make your dog’s tail wag.

SILVER PAW
4 Full-Days of Daycare Included per Month
$
202 ($51 / day)
GOLD PAW
8 Full-Days of Daycare Included per Month
$
382 ($48 / day)
PLATINUM PAW
12 Full-Days of Daycare Included per Month*
$
545($45 / Day)
UNLIMITED PAW
30 Full-Days of Daycare Included per Month*
$
790(as low as $27 / day)

*Platinum Paw: 5% savings on Overnight Stays (applies to room rate only)

*Unlimited Paw: 10% savings on Overnight Stays (applies to room rate only) + 10% savings on all Grooming Services

LEARN MORE
MAKE YOUR DOG’S VISIT TO RED DOG AT NORTH STATION EXTRA SPECIAL WITH THESE ADDED AMENITIES.
DAYCARE INDIVIDUAL CITY WALK

Does your dog love to explore the outdoors? Add on a City Walk to your pup’s next Daycare day with us! This outdoor walk is 15-20 minutes long (weather permitting) and is a great break from playing with their friends.

PEANUT BUTTER SANDWICHES

A delicious lunchtime snack for your pup, made up of delicious Peanut Butter between two crunchy dog biscuits, always delivered right to your dog’s room! Daycare dogs love this mid-day snack too!

FROZEN KONG WITH PEANUT BUTTER

Frozen Peanut Butter Kong stuffed to the brim with tasty biscuits given midday or before bed! This treat will be sure to keep your pup busy.

ICE CREAM TREAT

An all-natural pet friendly ice cream or frozen yogurt is the perfect treat to make your dog smile during their stay at Red Dog.

INTERESTED IN DOGGIE OVERNIGHT STAYS?

Looking for a cozy, safe place for your dog to stay while you travel? Red Dog Boston is conveniently located off I-93 South near South Boston and Dorchester, offering spacious Overnight Accommodations designed to make your pet feel right at home. Travel with peace of mind knowing your dog is in caring hands with our Boston team!

OUR LOCAL PARTNER
MEET THE NORTH STATION MANAGER

At Red Dog Pet Resort & Spa, exceptional care begins with a personal touch. Our manager is actively involved with pets throughout the day, forming meaningful connections and understanding their unique needs. By guiding and supporting our pet care team, they ensure every pet’s stay is safe, comfortable, and truly enjoyable.

BOBBY
RESORT OPERATIONS MANAGER
LOCATIONS

BOSTON

NORTHSHORE

NORTH STATION

CINCINNATI

MASON

SPRINGDALE

BLUE ASH

ABOUT US

WHY RED DOG

EVENTS CALENDAR

FAQS

PEAK OVERNIGHT POLICIES

OUR FAMILY

EMPLOYMENT OPPORTUNITIES

PAWFFICE ASSISTANTS

2026
Close this module
Additional 10% off
your first booked service.

Join the Red Dog Pack for deals, events, and emails worth wagging about. Your dog would want you to.

Email
Enter your email address
FETCH THE DEAL"
Red Dog Pet Resort & Spa at North Station,2026-09-22,4.6,4.6 stars,Dog day care center,"109 Canal St, Boston, MA 02114, United States",+1 617-546-5900,https://reddogpetresort.com/north-station/,"9W7Q+RX Boston, Massachusetts, USA",,added,False,False,springdale@reddogpetresort.com,"BOOK WITH OUR FREE CONCIERGE  |  (617) 830-8558
 
SERVICES
LOCATIONS
WHY RED DOG
CURRENT OFFERS
BOOK NOW
NORTH STATION
BOOK NOWOUR RATES

INTRODUCING RED DOG’S FIRST BOUTIQUE LOCATION IN DOWNTOWN BOSTON, MASSACHUSETTS

Located in the vibrant area of Downtown Boston, walking distance to the TD Garden on Canal Street – Red Dog at North Station provides an enriching environment for your dog to spend their days! Offering Doggie Daycare, Day Stays and a full-service Salon & Spa, your pup will make new friends and go home rested. We are open Monday – Saturday and always welcoming new pups into our Doggie Daycare program. Come join the fun at Red Dog at North Station!


GROOMING

DAYCARE

DAY STAY
BOOK NOW

View FAQs for our new MoeGo software here >

DOGGIE DAYCARE AS LOW AS $18/DAY WITH OUR DOGGIE DAYCARE MONTHLY MEMBERSHIPS!

See details below

phone: 617-546-5900
email: northstation@reddogpetresort.com

5 + 12 = 

SUBMIT
HOURS OF OPERATION
DAYCARE PICKUP & DROPOFF TIMES:
Monday – Friday
7am -7pm

 

Saturday: 8AM – 4 PM (Daycare Only)

 

GROOMING SERVICES OFFERED MONDAY – FRIDAY

By Appointment Only 

 

Red Dog at North Station will be closed for all services on the following 2026 dates:

January 1
January 19
February 16
May 25
July 3 – 4
September 7
October 12
November 25 – 28
December 24 – 31

2027:

January 1
January 18

INTRODUCING OUR BRAND-NEW
DOGGIE DAYCARE MONTHLY MEMBERSHIPS!

Perfect for pups who love to visit Red Dog on a regular schedule.
Four unique membership packages will surely make your dog’s tail wag.

SILVER PAW
4 Full-Days of Daycare Included per Month
$
202 ($51 / day)
GOLD PAW
8 Full-Days of Daycare Included per Month
$
382 ($48 / day)
PLATINUM PAW
12 Full-Days of Daycare Included per Month*
$
545($45 / Day)
UNLIMITED PAW
30 Full-Days of Daycare Included per Month*
$
790(as low as $27 / day)

*Platinum Paw: 5% savings on Overnight Stays (applies to room rate only)

*Unlimited Paw: 10% savings on Overnight Stays (applies to room rate only) + 10% savings on all Grooming Services

LEARN MORE
MAKE YOUR DOG’S VISIT TO RED DOG AT NORTH STATION EXTRA SPECIAL WITH THESE ADDED AMENITIES.
DAYCARE INDIVIDUAL CITY WALK

Does your dog love to explore the outdoors? Add on a City Walk to your pup’s next Daycare day with us! This outdoor walk is 15-20 minutes long (weather permitting) and is a great break from playing with their friends.

PEANUT BUTTER SANDWICHES

A delicious lunchtime snack for your pup, made up of delicious Peanut Butter between two crunchy dog biscuits, always delivered right to your dog’s room! Daycare dogs love this mid-day snack too!

FROZEN KONG WITH PEANUT BUTTER

Frozen Peanut Butter Kong stuffed to the brim with tasty biscuits given midday or before bed! This treat will be sure to keep your pup busy.

ICE CREAM TREAT

An all-natural pet friendly ice cream or frozen yogurt is the perfect treat to make your dog smile during their stay at Red Dog.

INTERESTED IN DOGGIE OVERNIGHT STAYS?

Looking for a cozy, safe place for your dog to stay while you travel? Red Dog Boston is conveniently located off I-93 South near South Boston and Dorchester, offering spacious Overnight Accommodations designed to make your pet feel right at home. Travel with peace of mind knowing your dog is in caring hands with our Boston team!

OUR LOCAL PARTNER
MEET THE NORTH STATION MANAGER

At Red Dog Pet Resort & Spa, exceptional care begins with a personal touch. Our manager is actively involved with pets throughout the day, forming meaningful connections and understanding their unique needs. By guiding and supporting our pet care team, they ensure every pet’s stay is safe, comfortable, and truly enjoyable.

BOBBY
RESORT OPERATIONS MANAGER
LOCATIONS

BOSTON

NORTHSHORE

NORTH STATION

CINCINNATI

MASON

SPRINGDALE

BLUE ASH

ABOUT US

WHY RED DOG

EVENTS CALENDAR

FAQS

PEAK OVERNIGHT POLICIES

OUR FAMILY

EMPLOYMENT OPPORTUNITIES

PAWFFICE ASSISTANTS

2026
Close this module
Additional 10% off
your first booked service.

Join the Red Dog Pack for deals, events, and emails worth wagging about. Your dog would want you to.

Email
Enter your email address
FETCH THE DEAL"
Red Dog Pet Resort & Spa at North Station,2026-09-22,4.6,4.6 stars,Dog day care center,"109 Canal St, Boston, MA 02114, United States",+1 617-546-5900,https://reddogpetresort.com/north-station/,"9W7Q+RX Boston, Massachusetts, USA",,added,False,False,training@reddogpetresort.com,"BOOK WITH OUR FREE CONCIERGE  |  (617) 830-8558
 
SERVICES
LOCATIONS
WHY RED DOG
CURRENT OFFERS
BOOK NOW
NORTH STATION
BOOK NOWOUR RATES

INTRODUCING RED DOG’S FIRST BOUTIQUE LOCATION IN DOWNTOWN BOSTON, MASSACHUSETTS

Located in the vibrant area of Downtown Boston, walking distance to the TD Garden on Canal Street – Red Dog at North Station provides an enriching environment for your dog to spend their days! Offering Doggie Daycare, Day Stays and a full-service Salon & Spa, your pup will make new friends and go home rested. We are open Monday – Saturday and always welcoming new pups into our Doggie Daycare program. Come join the fun at Red Dog at North Station!


GROOMING

DAYCARE

DAY STAY
BOOK NOW

View FAQs for our new MoeGo software here >

DOGGIE DAYCARE AS LOW AS $18/DAY WITH OUR DOGGIE DAYCARE MONTHLY MEMBERSHIPS!

See details below

phone: 617-546-5900
email: northstation@reddogpetresort.com

5 + 12 = 

SUBMIT
HOURS OF OPERATION
DAYCARE PICKUP & DROPOFF TIMES:
Monday – Friday
7am -7pm

 

Saturday: 8AM – 4 PM (Daycare Only)

 

GROOMING SERVICES OFFERED MONDAY – FRIDAY

By Appointment Only 

 

Red Dog at North Station will be closed for all services on the following 2026 dates:

January 1
January 19
February 16
May 25
July 3 – 4
September 7
October 12
November 25 – 28
December 24 – 31

2027:

January 1
January 18

INTRODUCING OUR BRAND-NEW
DOGGIE DAYCARE MONTHLY MEMBERSHIPS!

Perfect for pups who love to visit Red Dog on a regular schedule.
Four unique membership packages will surely make your dog’s tail wag.

SILVER PAW
4 Full-Days of Daycare Included per Month
$
202 ($51 / day)
GOLD PAW
8 Full-Days of Daycare Included per Month
$
382 ($48 / day)
PLATINUM PAW
12 Full-Days of Daycare Included per Month*
$
545($45 / Day)
UNLIMITED PAW
30 Full-Days of Daycare Included per Month*
$
790(as low as $27 / day)

*Platinum Paw: 5% savings on Overnight Stays (applies to room rate only)

*Unlimited Paw: 10% savings on Overnight Stays (applies to room rate only) + 10% savings on all Grooming Services

LEARN MORE
MAKE YOUR DOG’S VISIT TO RED DOG AT NORTH STATION EXTRA SPECIAL WITH THESE ADDED AMENITIES.
DAYCARE INDIVIDUAL CITY WALK

Does your dog love to explore the outdoors? Add on a City Walk to your pup’s next Daycare day with us! This outdoor walk is 15-20 minutes long (weather permitting) and is a great break from playing with their friends.

PEANUT BUTTER SANDWICHES

A delicious lunchtime snack for your pup, made up of delicious Peanut Butter between two crunchy dog biscuits, always delivered right to your dog’s room! Daycare dogs love this mid-day snack too!

FROZEN KONG WITH PEANUT BUTTER

Frozen Peanut Butter Kong stuffed to the brim with tasty biscuits given midday or before bed! This treat will be sure to keep your pup busy.

ICE CREAM TREAT

An all-natural pet friendly ice cream or frozen yogurt is the perfect treat to make your dog smile during their stay at Red Dog.

INTERESTED IN DOGGIE OVERNIGHT STAYS?

Looking for a cozy, safe place for your dog to stay while you travel? Red Dog Boston is conveniently located off I-93 South near South Boston and Dorchester, offering spacious Overnight Accommodations designed to make your pet feel right at home. Travel with peace of mind knowing your dog is in caring hands with our Boston team!

OUR LOCAL PARTNER
MEET THE NORTH STATION MANAGER

At Red Dog Pet Resort & Spa, exceptional care begins with a personal touch. Our manager is actively involved with pets throughout the day, forming meaningful connections and understanding their unique needs. By guiding and supporting our pet care team, they ensure every pet’s stay is safe, comfortable, and truly enjoyable.

BOBBY
RESORT OPERATIONS MANAGER
LOCATIONS

BOSTON

NORTHSHORE

NORTH STATION

CINCINNATI

MASON

SPRINGDALE

BLUE ASH

ABOUT US

WHY RED DOG

EVENTS CALENDAR

FAQS

PEAK OVERNIGHT POLICIES

OUR FAMILY

EMPLOYMENT OPPORTUNITIES

PAWFFICE ASSISTANTS

2026
Close this module
Additional 10% off
your first booked service.

Join the Red Dog Pack for deals, events, and emails worth wagging about. Your dog would want you to.

Email
Enter your email address
FETCH THE DEAL"
Boston Paws,2026-09-22,4.3,4.3 stars,Dog day care center,"313 Belgrade Ave, Boston, MA 02131, United States",+1 617-477-3857,http://bostonpaw.com/,"7VP4+F6 Boston, Massachusetts, USA",,added,False,False,bostonpaw@gmail.com,"BOSTON PAWS
SIGN IN
ABOUT US
SERVICES 
FORMS
JOIN
FOOD. WATER. EXERCISE. LOVE.
BOOK NOW
FOOD. WATER. EXERCISE. LOVE.
BOOK NOW
FOOD. WATER. EXERCISE. LOVE.
BOOK NOW
WELCOME TO BOSTON PAWS

Located just past Roslindale Square on Belgrade Ave, we are Boston’s premier boutique dog hotel, daycare, and spa. Nothing but the best went into the careful planning of our facility and we've kept your dog’s happiness and safety in mind. With 24 hour supervised care by trained professionals, open 365 days a year, you never have to worry about who is taking care of your dog.

Give us a call today and join the pack at Boston Paws! (617) 477-3857

DAYCARE
DAYCARE

Boston Paws daycare is currently open 5 days a week. We have three separate play areas for your dog to enjoy. All dogs are separated according to weight, size, age, and temperament. We have designed it this way to provide the safest and most comfortable environment for your dog.

Read More
HOTEL
HOTEL

Located just past Roslindale square, the Belgrade Ave commuter rail stop is conveniently located directly behind us. Our state of the art facility features a hospital-grade air filtration system, high-tech drainage and flushing systems, and large play space and luxury sleep suites.

Read More
SPA
SPA

Have a dirty dog? Come muddy our tub! Schedule full-service grooming. Whether your dog needs a bath, haircut and blowout, or just a quick touch-up, we are happy to help. All grooming prices are based on breed, size, temperament, and condition of coat prior to grooming.

Read More

Transportation

DUE TO COVID19 we are not offering our regularly advertised transportation services
Please call to inquire as we may be able to accomodate on a case-by-case basis

DETAILS
SPECIAL POLICIES

Like anything else in life, there are risks. We are not exempt from potential mishaps, however, we take every precaution available to avoid accidents and to create the safest environment possible for your pet.

Read More
LIABILITY WAIVER
Read More
DAYCARE POLICIES
Read More
HOTEL POLICIES
Read More
MEDICAL / SENIOR DOG
Read More
MATTED DOG
Want a Call Back?
JOIN THE PACK

PLEASE SUBMIT ONE FOR EACH DOG IN YOUR HOUSEHOLD

(617) 477-3857
BOSTON PAWS

PERSONAL. RELIABLE. EVERYTHING DOG.

Navigation
HOME
ABOUT US
SERVICES
FORMS
JOIN
Contact Us

BOSTON PAWS
313 Belgrade Ave
Roslindale MA 02131

(617) 477-3857
Bostonpaw@gmail.com

Copyright © 2020 Little Fish"
Harbor Hounds,2026-09-22,4.9,4.9 stars,Dog day care center,"256 Marginal St Bldg 14, Boston, MA 02128, United States",,http://www.theharborhounds.com/,"9X78+8W Boston, Massachusetts, USA",,added,False,False,theharborhounds@gmail.com,"NEW GALLERY
 
HOME
 
ABOUT
 
AMENITIES
 
PRICING
 
GROOMING
 
FORMS
 
CHECK OUT OUR 5 STAR REVIEWS
 
BLOG
 
WAIVER
WHERE DOGGIE DAY CARE MEETS A LIFESTYLE
Peace of mind that your dog is always in a safe and loving environment.

Our goal at the Harbor Hounds is to provide a clean, safe and productive environment for your dog during their stay with us. At Harbor Hounds we focus and prioritize each dogs needs throughout the day. Not only will your dog be coming home tired, but better behaved and appropriately socialized. Additionally, we have an outdoor area where your dog will have potty breaks and fresh air every two hours. When the weather is permitting, we spend hours outside where are the dogs get to lounge on dog beds or enjoy our dog pools.

What you can expect from us
We aren't like all the other day cares. We focus on having a well-behaved friendly environment where your dog can play, rest and learn. Our pack dynamic is kept smaller than most daycares to ensure the safety and well-being of your dog. We have a 1:10 staff to dog ratio and all of our staff is trained in dog behavior, safe play, and health. Not all day care centers have to be filled with barking and bad mannered dogs! Our facility along with our outdoor area is sanitized daily with veterinarian grade products. At Harbor Hounds we practice a structured environment where your dog will learn appropriate manners, socializing and more!

When you pick your dog up
When you pick your dog up, you will be able to speak with a staff member who has spent the day with your dog and will happily answer any questions you may have or to even just hear about their day at HH, Our staff will communicate any issues or concerns they may have noticed through out the day about your loved one.

*All  dogs  must be up-to-date on the following vaccinations:

Rabies

Distemper

Kennel Cough (Bordetella)

Must have had a clear fecal exam within last 6 months, including Giardia Elisa test

LOCATION

256 Marginal St.
Boston, MA 02128
Building #14

HOURS

MONDAY-FRIDAY 7a-7p
Drop offs between 7a-10a

Map data ©2026 Google
Terms

Amenities

Included Services

Indoor Area
1,700 sq. facility

Outdoor Area
1,000 sq. outdoor area with a 7 ft. wooden fence, accompanied by a raised up deck area and pools!

Chill Zone
A perimeter of misters outside for those extra warm days!

Beds
Plenty of raised doggie beds for the lounge type of pup.

Pictures
Keep up with us on our social media accounts to see daily pictures and videos

Enrichment
Employees will keep your dog stimulated throughout the day with training, basic manners and obedience. 


Additional Services

On Site Grooming Services

Pictures/Videos throughout the day

Training

Boarding (daycare clients only)


PRICING
$50
Full Day
7am-7pm
$45
Second Dog

Harbor Hounds Grooming

We offer full groom services on site at our location. All grooms are start to finish which means shorter appointment times and no crates! We do anything from full grooms to nail trims! Full grooms include two specialty shampoos, conditioner, blow dry, custom cut, ears cleaned, teeth brushed, nails cut accompanied by perfume/cologne and a bandana.

We offer a-la-carte services such as anal gland expressions, dremel pawdicure, de-shedding treatments and more to add onto your full service groom!

Please note we do not offer add on stand alone appointments such as nail trims. All grooms must be booked for full service.

BECOME A HARBOR HOUND
OUR DAYCARE PROGRAM IS FULL. PLEASE FILL OUT A FORM TO BE PLACED ON OUR WAITLIST! 
******PLEASE FILL OUT FORM ENTIRELY. INCOMPLETE FORMS WILL NOT BE ACCEPTED. ******

By filling out and submitting our submission from you are agreeing and acknowledge our liability waiver below.

Owner's Name
First Name
(required)
Last Name
(required)
Address
(required)
Country
Afghanistan
Åland Islands
Albania
Algeria
American Samoa
Andorra
Angola
Anguilla
Antigua & Barbuda
Argentina
Armenia
Aruba
Ascension Island
Australia
Austria
Azerbaijan
Bahamas
Bahrain
Bangladesh
Barbados
Belarus
Belgium
Belize
Benin
Bermuda
Bhutan
Bolivia
Bosnia & Herzegovina
Botswana
Brazil
British Indian Ocean Territory
British Virgin Islands
Brunei
Bulgaria
Burkina Faso
Burundi
Cambodia
Cameroon
Canada
Cape Verde
Caribbean Netherlands
Cayman Islands
Central African Republic
Chad
Chile
China
Christmas Island
Cocos (Keeling) Islands
Colombia
Comoros
Congo - Brazzaville
Congo - Kinshasa
Cook Islands
Costa Rica
Côte d’Ivoire
Croatia
Cuba
Curaçao
Cyprus
Czechia
Denmark
Djibouti
Dominica
Dominican Republic
Ecuador
Egypt
El Salvador
Equatorial Guinea
Eritrea
Estonia
Eswatini
Ethiopia
Falkland Islands
Faroe Islands
Fiji
Finland
France
French Guiana
French Polynesia
Gabon
Gambia
Georgia
Germany
Ghana
Gibraltar
Greece
Greenland
Grenada
Guadeloupe
Guam
Guatemala
Guernsey
Guinea
Guinea-Bissau
Guyana
Haiti
Honduras
Hong Kong SAR China
Hungary
Iceland
India
Indonesia
Iran
Iraq
Ireland
Isle of Man
Israel
Italy
Jamaica
Japan
Jersey
Jordan
Kazakhstan
Kenya
Kiribati
Kosovo
Kuwait
Kyrgyzstan
Laos
Latvia
Lebanon
Lesotho
Liberia
Libya
Liechtenstein
Lithuania
Luxembourg
Macao SAR China
Madagascar
Malawi
Malaysia
Maldives
Mali
Malta
Marshall Islands
Martinique
Mauritania
Mauritius
Mayotte
Mexico
Micronesia
Moldova
Monaco
Mongolia
Montenegro
Montserrat
Morocco
Mozambique
Myanmar (Burma)
Namibia
Nauru
Nepal
Netherlands
New Caledonia
New Zealand
Nicaragua
Niger
Nigeria
Niue
Norfolk Island
Northern Mariana Islands
North Korea
North Macedonia
Norway
Oman
Pakistan
Palau
Palestinian Territories
Panama
Papua New Guinea
Paraguay
Peru
Philippines
Poland
Portugal
Puerto Rico
Qatar
Réunion
Romania
Russia
Rwanda
Samoa
San Marino
São Tomé & Príncipe
Saudi Arabia
Senegal
Serbia
Seychelles
Sierra Leone
Singapore
Sint Maarten
Slovakia
Slovenia
Solomon Islands
Somalia
South Africa
South Korea
South Sudan
Spain
Sri Lanka
St. Barthélemy
St. Helena
St. Kitts & Nevis
St. Lucia
St. Martin
St. Pierre & Miquelon
St. Vincent & Grenadines
Sudan
Suriname
Svalbard & Jan Mayen
Sweden
Switzerland
Syria
Taiwan
Tajikistan
Tanzania
Thailand
Timor-Leste
Togo
Tokelau
Tonga
Trinidad & Tobago
Tristan da Cunha
Tunisia
Türkiye
Turkmenistan
Turks & Caicos Islands
Tuvalu
U.S. Virgin Islands
Uganda
Ukraine
United Arab Emirates
United Kingdom
United States
Uruguay
Uzbekistan
Vanuatu
Vatican City
Venezuela
Vietnam
Wallis & Futuna
Western Sahara
Yemen
Zambia
Zimbabwe
Address Line 1
(required)
Address Line 2
City
(required)
State
(required)
ZIP Code
(required)
Email
(required)
Why are you considering our daycare program for your dog? Please go into detail about your dog using examples of their energy levels, how they play with other dogs in social settings, if and any training has been done.
(required)
Phone
Dog's Name
Dog's Gender
Select an option
Select One
Male
Female
Pangendered
Breed
Dog's Birthday
Spayed/Neutered?
Select an option
Select
Yes
No
Has your dog ever bitten a person or another dog?
Select an option
Select
Yes
No
Has your dog been to daycare prior?
Vet Name:
Vet Address:
Country
Afghanistan
Åland Islands
Albania
Algeria
American Samoa
Andorra
Angola
Anguilla
Antigua & Barbuda
Argentina
Armenia
Aruba
Ascension Island
Australia
Austria
Azerbaijan
Bahamas
Bahrain
Bangladesh
Barbados
Belarus
Belgium
Belize
Benin
Bermuda
Bhutan
Bolivia
Bosnia & Herzegovina
Botswana
Brazil
British Indian Ocean Territory
British Virgin Islands
Brunei
Bulgaria
Burkina Faso
Burundi
Cambodia
Cameroon
Canada
Cape Verde
Caribbean Netherlands
Cayman Islands
Central African Republic
Chad
Chile
China
Christmas Island
Cocos (Keeling) Islands
Colombia
Comoros
Congo - Brazzaville
Congo - Kinshasa
Cook Islands
Costa Rica
Côte d’Ivoire
Croatia
Cuba
Curaçao
Cyprus
Czechia
Denmark
Djibouti
Dominica
Dominican Republic
Ecuador
Egypt
El Salvador
Equatorial Guinea
Eritrea
Estonia
Eswatini
Ethiopia
Falkland Islands
Faroe Islands
Fiji
Finland
France
French Guiana
French Polynesia
Gabon
Gambia
Georgia
Germany
Ghana
Gibraltar
Greece
Greenland
Grenada
Guadeloupe
Guam
Guatemala
Guernsey
Guinea
Guinea-Bissau
Guyana
Haiti
Honduras
Hong Kong SAR China
Hungary
Iceland
India
Indonesia
Iran
Iraq
Ireland
Isle of Man
Israel
Italy
Jamaica
Japan
Jersey
Jordan
Kazakhstan
Kenya
Kiribati
Kosovo
Kuwait
Kyrgyzstan
Laos
Latvia
Lebanon
Lesotho
Liberia
Libya
Liechtenstein
Lithuania
Luxembourg
Macao SAR China
Madagascar
Malawi
Malaysia
Maldives
Mali
Malta
Marshall Islands
Martinique
Mauritania
Mauritius
Mayotte
Mexico
Micronesia
Moldova
Monaco
Mongolia
Montenegro
Montserrat
Morocco
Mozambique
Myanmar (Burma)
Namibia
Nauru
Nepal
Netherlands
New Caledonia
New Zealand
Nicaragua
Niger
Nigeria
Niue
Norfolk Island
Northern Mariana Islands
North Korea
North Macedonia
Norway
Oman
Pakistan
Palau
Palestinian Territories
Panama
Papua New Guinea
Paraguay
Peru
Philippines
Poland
Portugal
Puerto Rico
Qatar
Réunion
Romania
Russia
Rwanda
Samoa
San Marino
São Tomé & Príncipe
Saudi Arabia
Senegal
Serbia
Seychelles
Sierra Leone
Singapore
Sint Maarten
Slovakia
Slovenia
Solomon Islands
Somalia
South Africa
South Korea
South Sudan
Spain
Sri Lanka
St. Barthélemy
St. Helena
St. Kitts & Nevis
St. Lucia
St. Martin
St. Pierre & Miquelon
St. Vincent & Grenadines
Sudan
Suriname
Svalbard & Jan Mayen
Sweden
Switzerland
Syria
Taiwan
Tajikistan
Tanzania
Thailand
Timor-Leste
Togo
Tokelau
Tonga
Trinidad & Tobago
Tristan da Cunha
Tunisia
Türkiye
Turkmenistan
Turks & Caicos Islands
Tuvalu
U.S. Virgin Islands
Uganda
Ukraine
United Arab Emirates
United Kingdom
United States
Uruguay
Uzbekistan
Vanuatu
Vatican City
Venezuela
Vietnam
Wallis & Futuna
Western Sahara
Yemen
Zambia
Zimbabwe
Address Line 1
(required)
Address Line 2
City
(required)
State
(required)
ZIP Code
(required)
Vet Phone
Emergency Contact Name
First Name
Last Name
Emergency Contact Relationship
Emergency Contact Phone
Submit
“
There is no one who cares more about your dog than Harbor Hounds! Sara loves each and every pup as if they are her own. She takes the time to get to know each of them and their quirky personalities to ensure that they will have the best time when they are there.
Fitzy would be so sad without his days at Harbor Hounds with all of his friends.
— Eileen L.
“
Harbor Hounds is amazing! Sara has created such a fun place to send our dog and gives us such peace of mind during our long work days. We know our dog is being socialized in a calm, positive environment and she enjoys being active all day (and napping ) with her dog buddies! They also post photos every day so we can see what they’re up to!
— Siri B.
“
I can’t say enough about this place. I absolutely love it as does Lily, our dog. The facility is so clean and everyone there is so friendly. Our dog gets so excited the moment we walk in the shipyard.
— Adam B.
“
This place is awesome! Very clean facility, friendly dogs, and super nice people. Siggi came home very tired after a long day of making new friends and lounging around.
— Michelle F.

Oakley and owner, Sara Noonan, 2015.

WHERE IT ALL STARTED

Ever since I was little, I would home any animal that I found that looked like it needed help, from birds to salamanders, to stray mother cats to stray dogs on the side of the road, I have ALWAYS had a niche when it came to animals, especially dogs. My first rescue, was my dog Oakley-my best friend and love of my life. I found him on the side of the road in Florida where I went to college. He was 8 weeks old, covered in fleas, he had mange and was clearly starving. I knew at that moment he was mine, and now almost 6 years later he is the best addition to my life I could have ever imagine.

Fast forward 4 years after college, from office jobs to playing secretary, I came up with the idea of a day filled with dogs. The perfect situation,me  surrounded by dogs all day!

HARBOR HOUNDS LIABILITY WAIVER 
In consideration of the services rendered by Harbor Hounds to my dog(s), I acknowledge reading, understanding, and accepting the statements herein. Please acknowledge the following policy statements by typing or filling out the form at the bottom of this page. If you do not agree to all statements, please do not complete this form, and contact Harbor Hounds directly for more information. LIABILITY I understand certain “activities” that my dog may participate in, including walks, playgroups, daycare, boarding, one-on-one play, movement within and outside the facility, and transportation to and from Harbor Hounds involve risk and possible injury, including but not limited to: Exposure to parasites, viruses, and other medical conditions passed from dog-to-dog or person-to- dog; Sprains, strains, bites, broken bones; Fatigue, dehydration, nicks, cuts, or death. I further understand that not each and every potential risk can be listed above but, nonetheless agree that the activities associated with dog socialization outweigh the possible risks, therefore, I hereby voluntarily release, forever discharge, and agree to hold harmless and indemnify Harbor Hounds and its agents, successors, heirs, from any and all liability, claims, demands, actions, or rights of action, which are related to, arise out of, or are in any way connected with my dog’s participation in activities at Harbor Hounds, including those allegedly attributable to the negligent acts or omissions of Harbor Hounds. Further, I understand that I may be exposed to certain risks when bringing my dog to participate in activities at Harbor Hounds or when picking up my dog from participating in activities at Harbor Hounds. Such risks may include property damage and/or physical injury inside or outside the facility, such as from falling, slipping, illness, and/ or dog bites. Therefore, I hereby voluntarily release, forever discharge, and agree to hold harmless and indemnify Harbor Hounds, its agents, successors, heirs from any and all liability, claims, demands, actions, or rights of action, which are related to, arise out of, or are in any way connected with my dog’s participation in activities at Harbor Hounds, including those allegedly attributable to the negligent acts or omissions of Harbor Hounds. Authorization of Medical Care If my dog is ill or injured while participating in activities at or with Harbor Hounds, Harbor Hounds will make every reasonable e ort to reach me pursuant to the contact information I have provided Harbor Hounds. However, if Harbor Hounds is unable to reach me, I consent to Harbor Hounds seeking appropriate veterinary care and I accept responsibility for any and all associated expenses. Harbor Hounds will not pay any portion of veterinary expenses associates with seeking medical care for my dog if so necessary. Allergies, Special Diets, and Medications I agree that I will disclose to Harbor Hounds any allergies my dog may have. I further agree to disclose to Harbor Hounds any special dietary needs or medications my dog may require if necessary during activities at Harbor Hounds. Photographs and Statements I authorize Harbor Hounds' use of my dog's visual image(s) and statements in newsletters, posters, and other materials. Vicious Tendencies I am not aware of any vicious tendencies by my dog. Agreement to Pay Harbor Hounds accepts check, cash, or credit cards. I agree to pay the service rates for my dog’s participation in activities at or with Harbor Hounds. I further agree to pay for any additional services requested such as grooming, drop-off , and/or pick-up service. All services must be paid in full before dog will be released to client. Any cancellations must be made 24 hours prior to you're dog arriving to avoid paying full payment. Damage I accept the responsibility of paying for any damage to facility, property, and/or equipment caused by dog. Evaluation of Dog Prior to Participation Every dog must be evaluated by Harbor Hounds prior to participating in any activity. Such evaluation may assess the dog’s temperament and interactions with other dogs and Harbor Hounds. Right to Decline I understand that Harbor Hounds reserves the exclusive right to decline participation or to terminate participation in activities at Harbor Hounds to any dog at any time for any reason. Attorney Fees, Applicable Law & Venue Should Harbor Hounds, or anyone acting on their behalf, be required for any reason to incur attorney fees and costs to enforce or defend this agreement, I agree to indemnify and reimburse Harbor Hounds for such fees and costs. Further, I agree and understand that any disputes arising out of this Agreement will be decided pursuant to the laws of the State of Massachusetts and venue shall be in Suffolk County. Valid Dates These agreements, waivers, and authorizations will remain valid and in force as long as and whenever my dog participates in any activity at or with Harbor Hounds. Warning By signing this document, I acknowledge that if my dog is or I am hurt or property is damaged during my dog’s participation activities at Harbor Hounds, I may be found, by a court of law, to have waived my right to maintain a lawsuit against Harbor Hounds on the basis of any claim from which I have released them herein. I have had sufficient opportunity to read and fully understand this entire document and I agree to be legally bound by its terms. BY SIGNING BELOW... In consideration of the services rendered by Harbor Hounds to my dog(s), I acknowledge reading, understanding, and accepting the statements above. If you do not agree to all statements, please do not complete this form, and contact Harbor Hounds directly for more information. 

HARBOR HOUNDS, 256 MARGINAL STREET, BLDG 14, BOSTON, MA, 02128, UNITED STATES857.256.2578THEHARBORHOUNDS@GMAIL.COM

Powered by Squarespace"
Tails,2026-09-22,4.4,4.4 stars,Dog day care center,"385 Centre St, Jamaica Plain, MA 02130, United States",+1 617-942-7400 ext. 1,http://www.tailsboston.com/,"8VCR+W6 Jamaica Plain, Boston, MA, USA",,added,False,False,,
Pet Spa,2026-09-22,4.3,4.3 stars,Pet groomer,"669 Somerville Ave, Somerville, MA 02143, United States",+1 617-666-7387,https://www.petspasomerville.com/,"9VPQ+22 Somerville, Massachusetts, USA",,added,False,False,,
Pawmenities,2026-09-22,4.8,4.8 stars,Pet boarding service,"1 Harbor Shore Dr, Boston, MA 02210, United States",+1 617-890-7387,https://pawmenities.com/,"9X24+XQ Boston, Massachusetts, USA",,added,False,False,jack@pawmenities.com,"Skip to main content
BOOK NOW
Home
About Us
Services
Locations
How It Works
Pricing
Gallery
Luxury Dog Boarding, Training,
& Daycare in Boston

Boston's premier cage-free dog boarding & daycare. 24/7 living staff, enrichment, and endless belly rubs.

Reserve a Spot →
Explore Services
⏰ Only a few spots left this week
OUR STORY
About Us

Pawmenities was built on one simple belief:

When you travel, your dog deserves the same love, attention, and care you'd give them.

1000+
HAPPY PUPS
And counting — every tail wag
300+
5-STAR REVIEWS
Google, Rover, Wag & more
Read Our Story
Trusted by Boston dog parents
Seaport & Lynnfield
Boutique Dog Care

RECOGNITION

From the Press
SEEN ON
Forbes
Vanity Fair
Harper's Bazaar
AP News
USA TODAY
Insider Weekly
STELLAR BUSINESS
BUSINESS INSIDER
Best of Best Review
Yahoo!Finance
Boston Weekly
BENZINGA
US INSIDER
CEO WEEKLY
Globe and Mail
IB JOURNAL
BA Business Life
BARCHART
STREET INSIDER
Forbes
Vanity Fair
Harper's Bazaar
AP News
USA TODAY
Insider Weekly
STELLAR BUSINESS
BUSINESS INSIDER
Best of Best Review
Yahoo!Finance
Boston Weekly
BENZINGA
US INSIDER
CEO WEEKLY
Globe and Mail
IB JOURNAL
BA Business Life
BARCHART
STREET INSIDER
FORBES

“Your dog deserves the same care standard you would want for yourself.”

How Pawmenities and Ethan Money Are Building a Pet Care Brand That Actually Stands for Something

Read coverage
VANITY FAIR

“Closer to a boutique hotel than a kennel.”

Paws Not Kennels: How Pawmenities Is Quietly Redefining Pet Hospitality

Read coverage
HARPER'S BAZAAR

“The central principle of Pawmenities' model is straightforward: no cages.”

Pawmenities: Inside the New Standard for Thoughtful Pet Stays

Read coverage
AP NEWS

“The company's practices are not superficial adjustments to an existing template, because they alter the structure of care and challenge long-held assumptions about what pet boarding should provide.”

Pawmenities Redefines the Structure of Modern Pet Care

Read coverage
USA TODAY

“Scaling from a single cage-free boarding room to two locations in under three years.”

Named Fastest-Growing Pet Services Company in Boston

Read coverage
INSIDER WEEKLY

“Transforming how Boston residents think about pet hospitality.”

Best Dog Daycare 2025

Read coverage
STELLAR BUSINESS

“Recognized for displaying all the qualities that Stellar Business values in determining excellence.”

Best Pet Services in Boston 2025

Read coverage
BUSINESS INSIDER

“The luxury cage-free dog care brand recognized as Best Dog Daycare 2025 and Best Pet Services Boston 2025.”

Expands to North Shore with Cage-Free Boarding & Daycare in Lynnfield

Read coverage
BEST OF BEST REVIEW

“An innovative approach to pet care emphasizing cage-free luxury.”

Best Pet Hospitality in Boston of 2024

Read coverage
YAHOO FINANCE

“Honoring the deep emotional bond people share with their pets.”

Renovated and Award-Winning: Pawmenities Sets the Bar

Read coverage
INSIDER WEEKLY

“Exceptional standards in cage-free pet hospitality and elevated care services.”

Best Luxury Dog Boarding in Boston 2025

Read coverage
BOSTON WEEKLY

“The ultimate accolade in animal care by Boston's premier publication.”

Crowned Best in Pet Hospitality 2024

Read coverage
BENZINGA

“Bringing structured, in-facility training to puppies and young dogs across both Boston Seaport and North Shore locations.”

Launches Board & Train Program for Puppies

Read coverage
US INSIDER

“A sanctuary where pets are welcomed, cherished, and given freedom.”

Pet Care with Boutique Luxury Boarding & Daycare

Read coverage
CEO WEEKLY

“A groundbreaking enterprise redefining the landscape of dog boarding.”

The Beacon of Innovation in Dog Boarding

Read coverage
GLOBE AND MAIL

“A significant milestone in the company's mission to redefine pet hospitality.”

Pawmenities Sets the Bar for Dog Boarding in Boston

Read coverage
BOSTON WEEKLY

“Small, specialized businesses are dominating the city's economy.”

Boston's Boutique Boom: Why Small, Specialized Businesses Are Dominating

Read coverage
IB JOURNAL

“Luxury pet care isn't about being the biggest — it's about being the most thoughtful.”

The Rise of Boutique Pet Services: How Pawmenities Leads the Luxury Care Movement

Read coverage
BA BUSINESS LIFE

“Pawmenities is more than a pet hotel — it's a true second home.”

How Two College Entrepreneurs Built Boston's Most Luxurious Pet Hotel

Read coverage
BARCHART

“Redefines what it means to board pets.”

Award-Winning Pawmenities Redefines Dog Boarding Standards

Read coverage
STREET INSIDER

“Make dogs feel at home, and give pet parents peace of mind.”

Ethan Money Announces Multi-Brand Growth After Overcoming Adversity

Read coverage
AWARDS
Global Recognition Award
2026
GRA
Fastest Growing Pet Services
2026
USA Today
Best Pet Services in Boston
2025
Stellar Business
Best Dog Daycare & Luxury Boarding
2025
Insider Weekly
Best Pet Hospitality in Boston
2024
Best of Best Review
Best in Pet Hospitality
2024
Boston Weekly
View All Press
WHAT WE OFFER
Popular Services
MOST POPULAR
Dog Boarding

Luxury cage-free sleepovers with 24/7 living staff.

$80 /night
Book Stay →
View Boarding Details
Dog Daycare

Socialization, exercise & structured play groups based on temperament.

$65 /day
Book Daycare →
View Daycare Details
Board & Train

Professional training combined with luxury boarding for lasting results.

$50 /session
Book Training →
View Training Details
Add-ons

Extra pampering — enrichment activities, spa treatments, and more.

$10+ /add-on
View Add-ons →
View Add-on Details
←
→
View All Services →
REAL REVIEWS
What Parents Say

★ 4.9 · 300+ reviews across Google, Wag & Rover

GOOGLE REVIEW
★★★★★

""Pawmenities is a wonderful boarding team. They are compassionate, friendly, easy to work with and always keep you informed on how your pet is doing. Highly recommend!""

C
Colena Johnson
Oct 12, 2025
GOOGLE REVIEW
★★★★★

""We used Pawmenities for the first time recently and were very happy with them. They picked up and dropped off our dog, Lucy. They sent pictures and updates throughout her stay!""

L
Lynne Forgione
Oct 03, 2025
GOOGLE REVIEW
★★★★★

""Pawmenities takes the BEST care of my pup & is our go-to for boarding. I've never seen my pup so excited to go for boarding—he loves seeing the van drive up!""

A
Alexis Sorrentino
Sep 01, 2025
GOOGLE REVIEW
★★★★★

""Pawmenities was excellent from beginning to end! Communication was prompt and specific. Their hospitality for our dog was outstanding! Updates during the stay were great.""

S
Steve M.
Aug 28, 2025
GOOGLE REVIEW
★★★★★

""Our dog Charlie absolutely adores Pawmenities! The staff treats him like royalty and we get daily photo updates. Worth every penny for our peace of mind.""

J
Jessica Davis
Aug 15, 2025
GOOGLE REVIEW
★★★★★

""Pawmenities is a wonderful boarding team. They are compassionate, friendly, easy to work with and always keep you informed on how your pet is doing. Highly recommend!""

C
Colena Johnson
Oct 12, 2025
GOOGLE REVIEW
★★★★★

""We used Pawmenities for the first time recently and were very happy with them. They picked up and dropped off our dog, Lucy. They sent pictures and updates throughout her stay!""

L
Lynne Forgione
Oct 03, 2025
GOOGLE REVIEW
★★★★★

""Pawmenities takes the BEST care of my pup & is our go-to for boarding. I've never seen my pup so excited to go for boarding—he loves seeing the van drive up!""

A
Alexis Sorrentino
Sep 01, 2025
GOOGLE REVIEW
★★★★★

""Pawmenities was excellent from beginning to end! Communication was prompt and specific. Their hospitality for our dog was outstanding! Updates during the stay were great.""

S
Steve M.
Aug 28, 2025
GOOGLE REVIEW
★★★★★

""Our dog Charlie absolutely adores Pawmenities! The staff treats him like royalty and we get daily photo updates. Worth every penny for our peace of mind.""

J
Jessica Davis
Aug 15, 2025
See All Reviews on Google
Read All Reviews
FREE GUIDE
First Time Boarding? Preparation Guide

Everything you need before your pup's first stay.

✓
Packing list
What to bring (and what to leave home)
✓
Vaccine checklist
Exactly what we need on file
✓
Settling-in tips
How to make night one easy
Send Me the Guide →

Instant delivery · No spam, ever · Unsubscribe anytime

OUR HAPPY GUESTS

Pup Gallery

Photos wrap a slowly revolving drum — the front frame faces you, the rest curve away. Hover to pause, or drag to spin.

SPA
Fresh after a bath
CUDDLES
Puppy snuggles with Dave
OUTDOORS
Quality outdoor time
CHAUFFEUR
Sprinter ride with the crew
PAWMENITIES
Best friends at the door
SPA
Fresh after a bath
CUDDLES
Puppy snuggles with Dave
OUTDOORS
Quality outdoor time
CHAUFFEUR
Sprinter ride with the crew
PAWMENITIES
Best friends at the door
Drag to spin
View Full Gallery
ANSWERS
Frequently Asked Questions

Pick a question — the answer card follows.

01
What is your cancellation policy?
02
Do you offer transportation services?
03
Will I receive updates about my dog?
04
What are your hours of operation?
05
What makes Pawmenities different from other dog boarding facilities?
06
Do you accept puppies?
01
BOOKING
What is your cancellation policy?

Cancellations made 7 or more days before your reservation receive a full refund. A 50% deposit is required within 3 days of booking to secure your spot. We recommend booking early, especially during holidays when demand is high.

01 / 06
←→
Still have questions?
Visit Help Center →
FROM THE BLOG
Popular Guides

Researching dog boarding in Boston, comparing daycare options, or learning what cage-free luxury looks like — start here.

COSTS
9 min read
How Much Does Dog Boarding Cost in Boston?

Real 2026 price ranges across kennels, hotels, and luxury providers.

Read the guide →
02
BOARDING
First-Time Dog Boarding in Boston
6 min read
03
HEALTH
Vaccines Required for Boarding
7 min read
04
COSTS
Boston Dog Care Costs 2026
10 min read
05
DAYCARE
Daycare Socialization Benefits
6 min read
Browse All Guides →
⏰ Only a few spots left this week
Ready to Give Your Pup the Best Vacation?
Get Started
Have a Question?
EXPLORE PAWMENITIES
Everything You'll Need
Services
How It Works
Social Proof
OUR SERVICES
Our award-winning services

Boarding, daycare, grooming, and board-and-train — all from a private home.

See all services →
JUMP TO
Cage-Free Boarding
→
Dog Daycare
→
Board & Train
→
Grooming & Spa
→
Pricing & Calculators
→
TWO CONVENIENT HUBS
Service Locations

Book in a tap — or flip a card to see every neighborhood that hub serves.

BOSTON
Seaport
1 Harbor Shore Dr, Boston, MA
Book Now →
23NEIGHBORHOODS
SERVED
View all neighborhoods →
Seaport service areas
23 NEIGHBORHOODS
Back Bay
Beacon Hill
Brookline
Cambridge
Charlestown
Dedham
Dorchester
Downtown / FiDi
East Boston
Fenway
Fort Point
Kendall Square
Malden
Medford
Newton
North End
Quincy
Somerville
South Boston
South End
Waltham
Watertown
West End
Book Now →
← Back to card
LYNNFIELD
North Shore
200 Market St, Lynnfield, MA
Book Now →
20NEIGHBORHOODS
SERVED
View all neighborhoods →
North Shore service areas
20 NEIGHBORHOODS
Andover
Beverly
Burlington
Danvers
Hamilton & Wenham
Marblehead
Melrose
Middleton
North Andover
North Reading
Peabody
Reading
Salem
Saugus
Stoneham
Swampscott
Topsfield
Wakefield
Winchester
Woburn
Book Now →
← Back to card
SERVICES
BoardingPOPULAR
Daycare
Grooming
Board & Train
Pricing
All Services
COMPANY
About Us
How It Works
Gallery
Testimonials
Press
Resources
HELP
What To Pack
Vaccines
Help & FAQ
Request a Call
Policies
Client Portal
CONTACT
(617) 890-7387
(617) 917-2422
Email Us
Locations
★
4.9 across 300+ reviews
© 2026 Pawmenities, LLC. All rights reserved.
Privacy
Terms
Accessibility
Sitemap"
Pawmenities,2026-09-22,4.8,4.8 stars,Pet boarding service,"1 Harbor Shore Dr, Boston, MA 02210, United States",+1 617-890-7387,https://pawmenities.com/,"9X24+XQ Boston, Massachusetts, USA",,added,False,False,support@pawmenities.com,"Skip to main content
BOOK NOW
Home
About Us
Services
Locations
How It Works
Pricing
Gallery
Luxury Dog Boarding, Training,
& Daycare in Boston

Boston's premier cage-free dog boarding & daycare. 24/7 living staff, enrichment, and endless belly rubs.

Reserve a Spot →
Explore Services
⏰ Only a few spots left this week
OUR STORY
About Us

Pawmenities was built on one simple belief:

When you travel, your dog deserves the same love, attention, and care you'd give them.

1000+
HAPPY PUPS
And counting — every tail wag
300+
5-STAR REVIEWS
Google, Rover, Wag & more
Read Our Story
Trusted by Boston dog parents
Seaport & Lynnfield
Boutique Dog Care

RECOGNITION

From the Press
SEEN ON
Forbes
Vanity Fair
Harper's Bazaar
AP News
USA TODAY
Insider Weekly
STELLAR BUSINESS
BUSINESS INSIDER
Best of Best Review
Yahoo!Finance
Boston Weekly
BENZINGA
US INSIDER
CEO WEEKLY
Globe and Mail
IB JOURNAL
BA Business Life
BARCHART
STREET INSIDER
Forbes
Vanity Fair
Harper's Bazaar
AP News
USA TODAY
Insider Weekly
STELLAR BUSINESS
BUSINESS INSIDER
Best of Best Review
Yahoo!Finance
Boston Weekly
BENZINGA
US INSIDER
CEO WEEKLY
Globe and Mail
IB JOURNAL
BA Business Life
BARCHART
STREET INSIDER
FORBES

“Your dog deserves the same care standard you would want for yourself.”

How Pawmenities and Ethan Money Are Building a Pet Care Brand That Actually Stands for Something

Read coverage
VANITY FAIR

“Closer to a boutique hotel than a kennel.”

Paws Not Kennels: How Pawmenities Is Quietly Redefining Pet Hospitality

Read coverage
HARPER'S BAZAAR

“The central principle of Pawmenities' model is straightforward: no cages.”

Pawmenities: Inside the New Standard for Thoughtful Pet Stays

Read coverage
AP NEWS

“The company's practices are not superficial adjustments to an existing template, because they alter the structure of care and challenge long-held assumptions about what pet boarding should provide.”

Pawmenities Redefines the Structure of Modern Pet Care

Read coverage
USA TODAY

“Scaling from a single cage-free boarding room to two locations in under three years.”

Named Fastest-Growing Pet Services Company in Boston

Read coverage
INSIDER WEEKLY

“Transforming how Boston residents think about pet hospitality.”

Best Dog Daycare 2025

Read coverage
STELLAR BUSINESS

“Recognized for displaying all the qualities that Stellar Business values in determining excellence.”

Best Pet Services in Boston 2025

Read coverage
BUSINESS INSIDER

“The luxury cage-free dog care brand recognized as Best Dog Daycare 2025 and Best Pet Services Boston 2025.”

Expands to North Shore with Cage-Free Boarding & Daycare in Lynnfield

Read coverage
BEST OF BEST REVIEW

“An innovative approach to pet care emphasizing cage-free luxury.”

Best Pet Hospitality in Boston of 2024

Read coverage
YAHOO FINANCE

“Honoring the deep emotional bond people share with their pets.”

Renovated and Award-Winning: Pawmenities Sets the Bar

Read coverage
INSIDER WEEKLY

“Exceptional standards in cage-free pet hospitality and elevated care services.”

Best Luxury Dog Boarding in Boston 2025

Read coverage
BOSTON WEEKLY

“The ultimate accolade in animal care by Boston's premier publication.”

Crowned Best in Pet Hospitality 2024

Read coverage
BENZINGA

“Bringing structured, in-facility training to puppies and young dogs across both Boston Seaport and North Shore locations.”

Launches Board & Train Program for Puppies

Read coverage
US INSIDER

“A sanctuary where pets are welcomed, cherished, and given freedom.”

Pet Care with Boutique Luxury Boarding & Daycare

Read coverage
CEO WEEKLY

“A groundbreaking enterprise redefining the landscape of dog boarding.”

The Beacon of Innovation in Dog Boarding

Read coverage
GLOBE AND MAIL

“A significant milestone in the company's mission to redefine pet hospitality.”

Pawmenities Sets the Bar for Dog Boarding in Boston

Read coverage
BOSTON WEEKLY

“Small, specialized businesses are dominating the city's economy.”

Boston's Boutique Boom: Why Small, Specialized Businesses Are Dominating

Read coverage
IB JOURNAL

“Luxury pet care isn't about being the biggest — it's about being the most thoughtful.”

The Rise of Boutique Pet Services: How Pawmenities Leads the Luxury Care Movement

Read coverage
BA BUSINESS LIFE

“Pawmenities is more than a pet hotel — it's a true second home.”

How Two College Entrepreneurs Built Boston's Most Luxurious Pet Hotel

Read coverage
BARCHART

“Redefines what it means to board pets.”

Award-Winning Pawmenities Redefines Dog Boarding Standards

Read coverage
STREET INSIDER

“Make dogs feel at home, and give pet parents peace of mind.”

Ethan Money Announces Multi-Brand Growth After Overcoming Adversity

Read coverage
AWARDS
Global Recognition Award
2026
GRA
Fastest Growing Pet Services
2026
USA Today
Best Pet Services in Boston
2025
Stellar Business
Best Dog Daycare & Luxury Boarding
2025
Insider Weekly
Best Pet Hospitality in Boston
2024
Best of Best Review
Best in Pet Hospitality
2024
Boston Weekly
View All Press
WHAT WE OFFER
Popular Services
MOST POPULAR
Dog Boarding

Luxury cage-free sleepovers with 24/7 living staff.

$80 /night
Book Stay →
View Boarding Details
Dog Daycare

Socialization, exercise & structured play groups based on temperament.

$65 /day
Book Daycare →
View Daycare Details
Board & Train

Professional training combined with luxury boarding for lasting results.

$50 /session
Book Training →
View Training Details
Add-ons

Extra pampering — enrichment activities, spa treatments, and more.

$10+ /add-on
View Add-ons →
View Add-on Details
←
→
View All Services →
REAL REVIEWS
What Parents Say

★ 4.9 · 300+ reviews across Google, Wag & Rover

GOOGLE REVIEW
★★★★★

""Pawmenities is a wonderful boarding team. They are compassionate, friendly, easy to work with and always keep you informed on how your pet is doing. Highly recommend!""

C
Colena Johnson
Oct 12, 2025
GOOGLE REVIEW
★★★★★

""We used Pawmenities for the first time recently and were very happy with them. They picked up and dropped off our dog, Lucy. They sent pictures and updates throughout her stay!""

L
Lynne Forgione
Oct 03, 2025
GOOGLE REVIEW
★★★★★

""Pawmenities takes the BEST care of my pup & is our go-to for boarding. I've never seen my pup so excited to go for boarding—he loves seeing the van drive up!""

A
Alexis Sorrentino
Sep 01, 2025
GOOGLE REVIEW
★★★★★

""Pawmenities was excellent from beginning to end! Communication was prompt and specific. Their hospitality for our dog was outstanding! Updates during the stay were great.""

S
Steve M.
Aug 28, 2025
GOOGLE REVIEW
★★★★★

""Our dog Charlie absolutely adores Pawmenities! The staff treats him like royalty and we get daily photo updates. Worth every penny for our peace of mind.""

J
Jessica Davis
Aug 15, 2025
GOOGLE REVIEW
★★★★★

""Pawmenities is a wonderful boarding team. They are compassionate, friendly, easy to work with and always keep you informed on how your pet is doing. Highly recommend!""

C
Colena Johnson
Oct 12, 2025
GOOGLE REVIEW
★★★★★

""We used Pawmenities for the first time recently and were very happy with them. They picked up and dropped off our dog, Lucy. They sent pictures and updates throughout her stay!""

L
Lynne Forgione
Oct 03, 2025
GOOGLE REVIEW
★★★★★

""Pawmenities takes the BEST care of my pup & is our go-to for boarding. I've never seen my pup so excited to go for boarding—he loves seeing the van drive up!""

A
Alexis Sorrentino
Sep 01, 2025
GOOGLE REVIEW
★★★★★

""Pawmenities was excellent from beginning to end! Communication was prompt and specific. Their hospitality for our dog was outstanding! Updates during the stay were great.""

S
Steve M.
Aug 28, 2025
GOOGLE REVIEW
★★★★★

""Our dog Charlie absolutely adores Pawmenities! The staff treats him like royalty and we get daily photo updates. Worth every penny for our peace of mind.""

J
Jessica Davis
Aug 15, 2025
See All Reviews on Google
Read All Reviews
FREE GUIDE
First Time Boarding? Preparation Guide

Everything you need before your pup's first stay.

✓
Packing list
What to bring (and what to leave home)
✓
Vaccine checklist
Exactly what we need on file
✓
Settling-in tips
How to make night one easy
Send Me the Guide →

Instant delivery · No spam, ever · Unsubscribe anytime

OUR HAPPY GUESTS

Pup Gallery

Photos wrap a slowly revolving drum — the front frame faces you, the rest curve away. Hover to pause, or drag to spin.

SPA
Fresh after a bath
CUDDLES
Puppy snuggles with Dave
OUTDOORS
Quality outdoor time
CHAUFFEUR
Sprinter ride with the crew
PAWMENITIES
Best friends at the door
SPA
Fresh after a bath
CUDDLES
Puppy snuggles with Dave
OUTDOORS
Quality outdoor time
CHAUFFEUR
Sprinter ride with the crew
PAWMENITIES
Best friends at the door
Drag to spin
View Full Gallery
ANSWERS
Frequently Asked Questions

Pick a question — the answer card follows.

01
What is your cancellation policy?
02
Do you offer transportation services?
03
Will I receive updates about my dog?
04
What are your hours of operation?
05
What makes Pawmenities different from other dog boarding facilities?
06
Do you accept puppies?
01
BOOKING
What is your cancellation policy?

Cancellations made 7 or more days before your reservation receive a full refund. A 50% deposit is required within 3 days of booking to secure your spot. We recommend booking early, especially during holidays when demand is high.

01 / 06
←→
Still have questions?
Visit Help Center →
FROM THE BLOG
Popular Guides

Researching dog boarding in Boston, comparing daycare options, or learning what cage-free luxury looks like — start here.

COSTS
9 min read
How Much Does Dog Boarding Cost in Boston?

Real 2026 price ranges across kennels, hotels, and luxury providers.

Read the guide →
02
BOARDING
First-Time Dog Boarding in Boston
6 min read
03
HEALTH
Vaccines Required for Boarding
7 min read
04
COSTS
Boston Dog Care Costs 2026
10 min read
05
DAYCARE
Daycare Socialization Benefits
6 min read
Browse All Guides →
⏰ Only a few spots left this week
Ready to Give Your Pup the Best Vacation?
Get Started
Have a Question?
EXPLORE PAWMENITIES
Everything You'll Need
Services
How It Works
Social Proof
OUR SERVICES
Our award-winning services

Boarding, daycare, grooming, and board-and-train — all from a private home.

See all services →
JUMP TO
Cage-Free Boarding
→
Dog Daycare
→
Board & Train
→
Grooming & Spa
→
Pricing & Calculators
→
TWO CONVENIENT HUBS
Service Locations

Book in a tap — or flip a card to see every neighborhood that hub serves.

BOSTON
Seaport
1 Harbor Shore Dr, Boston, MA
Book Now →
23NEIGHBORHOODS
SERVED
View all neighborhoods →
Seaport service areas
23 NEIGHBORHOODS
Back Bay
Beacon Hill
Brookline
Cambridge
Charlestown
Dedham
Dorchester
Downtown / FiDi
East Boston
Fenway
Fort Point
Kendall Square
Malden
Medford
Newton
North End
Quincy
Somerville
South Boston
South End
Waltham
Watertown
West End
Book Now →
← Back to card
LYNNFIELD
North Shore
200 Market St, Lynnfield, MA
Book Now →
20NEIGHBORHOODS
SERVED
View all neighborhoods →
North Shore service areas
20 NEIGHBORHOODS
Andover
Beverly
Burlington
Danvers
Hamilton & Wenham
Marblehead
Melrose
Middleton
North Andover
North Reading
Peabody
Reading
Salem
Saugus
Stoneham
Swampscott
Topsfield
Wakefield
Winchester
Woburn
Book Now →
← Back to card
SERVICES
BoardingPOPULAR
Daycare
Grooming
Board & Train
Pricing
All Services
COMPANY
About Us
How It Works
Gallery
Testimonials
Press
Resources
HELP
What To Pack
Vaccines
Help & FAQ
Request a Call
Policies
Client Portal
CONTACT
(617) 890-7387
(617) 917-2422
Email Us
Locations
★
4.9 across 300+ reviews
© 2026 Pawmenities, LLC. All rights reserved.
Privacy
Terms
Accessibility
Sitemap"
Four Paws Grooming inc.,2026-09-22,4.8,4.8 stars,Pet groomer,"79 Bucknam St, Everett, MA 02149, United States",+1 857-928-1136,https://groomingfourpaws.com/,"CW6R+C2 Everett, Massachusetts, USA",,added,False,False,,"OUR STORY
TESTIMONIALS
SERVICES
LOCATIONS
APPOINTMENTS
Dog Grooming in Everett & Stoneham, MA

And here, we treat them like
part of ours too.
BOOK NOW
Crate-Free Dog Grooming
for a Calmer Experience
Your pet free and lovingly cared
for forom start to finish.
BOOK NOW
Dog Grooming in Everett & Stoneham, MA

And here, we treat them like
part of ours too.
BOOK NOW
Here, safety ins't a
detail, it's our priority.
At our Everett and Stoneham dog grooming salons, your pet’s safety comes first.
From arrival to pickup, our trained team provides gentle handling, careful supervision,
and personalized grooming care.
Crate-Free
environment
Trained
team
Safe services tailored to your puppy
What to Expect from Your Experience at Four Paws
Love. Skill. Personalized Care.
1. We welcome your pet with warmth and attention.
2. We assess their individual needs.
3. We perform each grooming service with excellence and patience.
See what our clients are saying about us:
Those who know us, trust us. Those who trust us, always come back.
Naylin Batista

“My puppy has trauma from going to other grooming places. This place made my dog feel comfortable and happy. I’m glad we found this place!”

Natalie

“Very caring and professional. My dog looks beautiful and smells so nice. She looks like a little princess.”

Kim Spahiu
“We brought our little Shih-Poo, Fluffy, to Four Paws Pet Salon for his very first grooming, and we couldn’t be happier! ”
Jessica Avalos

“Absolutely love this grooming place! They’re so professional, caring, and always gentle with my puppies.”

Kelly Sherman

“After trying a few different groomers and hoping something better existed, I finally found Four Paws and instantly became a fan.”

Brenda Jimenez

“I took Oliver and Lulu to Four Paws Grooming and couldn’t be happier! Oliver fluffy and fresh, and Lulu with the cutest colorful style.”

Naylin Batista

“My puppy has trauma from going to other grooming places. This place made my dog feel comfortable and happy. I’m glad we found this place!”

Natalie

“Very caring and professional. My dog looks beautiful and smells so nice. She looks like a little princess.”

Kim Spahiu
“We brought our little Shih-Poo, Fluffy, to Four Paws Pet Salon for his very first grooming, and we couldn’t be happier! ”
Jessica Avalos

“Absolutely love this grooming place! They’re so professional, caring, and always gentle with my puppies.”

Kelly Sherman

“After trying a few different groomers and hoping something better existed, I finally found Four Paws and instantly became a fan.”

Brenda Jimenez

“I took Oliver and Lulu to Four Paws Grooming and couldn’t be happier! Oliver fluffy and fresh, and Lulu with the cutest colorful style.”

Dog Grooming Services Designed for Your Puppy’s Needs
Four Paws Grooming offers professional pet grooming services in Everett and Stoneham, MA. From full grooming to specialty treatments, every service is performed with safety, patience, and personalized care. título aqui
Full Grooming

A complete grooming experience including bath, haircut, blow dry, finishing touches, and personalized coat care. 
Ideal for pet parents looking for a complete professional pet grooming service with a beautiful, clean, and polished result.


Hydra Sense Care

Deep hydration with hyaluronic acid, restoring softness and elasticity to dry or dull coats.

Hydra Sense Bliss

Luxury treatment that boosts shine and enhances the natural color of the coat, leaving it silky and radiant.

Hydra Vegan

Natural, vegan-friendly formula that nourishes and protects with plant-based ingredients.

Hydra Detox

Deep cleansing that removes impurities, excess oil, and buildup, rebalancing skin and coat.

Ozonoterapia

 Advanced therapy with ozone that oxygenates, disinfects, and revitalizes the skin, promoting a healthier, shinier coat.

Hydra Sense Care

Deep hydration with hyaluronic acid, restoring softness and elasticity to dry or dull coats.

Hydra Sense Bliss

Luxury treatment that boosts shine and enhances the natural color of the coat, leaving it silky and radiant.

Hydra Vegan

Natural, vegan-friendly formula that nourishes and protects with plant-based ingredients.

Hydra Detox

Deep cleansing that removes impurities, excess oil, and buildup, rebalancing skin and coat.

Ozonoterapia

 Advanced therapy with ozone that oxygenates, disinfects, and revitalizes the skin, promoting a healthier, shinier coat.

Hydra Sense Care

Deep hydration with hyaluronic acid, restoring softness and elasticity to dry or dull coats.

Hydra Sense Bliss

Luxury treatment that boosts shine and enhances the natural color of the coat, leaving it silky and radiant.

Hydra Vegan

Natural, vegan-friendly formula that nourishes and protects with plant-based ingredients.

Coloring

Permanent and temporary coloring services performed safely and professionally.

Nail trimming
Dematting
Hypoallergenic shampoo
Odor neutralizing treatment
Specialty finishing touches

A story built on care and responsibility. Founded by Andrea and Bruno Borges, Four Paws began as a family business guided by strong values:

Commitment. Unity. Transparency. Trust.

With over 10 years of experience, Andrea leads a team that shares the same high standard of care.

Two Locations. One Standard.
Stoneham
4 Franklin St, Stoneham, MA
02180, United States
Everett
79 Bucknam St, Everett, MA
02149, United States
Looking for Dog Grooming Near You?

Searching for dog grooming near me or crate-free dog grooming near me in the Everett or Stoneham area? Four Paws Grooming is a trusted Everett and Stoneham dog grooming salon, offering professional pet grooming with trained groomers, gentle handling, and a crate-free experience.

Ready to give your puppy the care they deserve?


Whether your puppy needs full grooming, a bath and blow dry, a haircut, deshedding, or a specialty treatment, our team is ready to provide a safe, loving, and professional grooming experience.

Book quickly and easily.

Book quickly and easily:
Call Now to Schedule
Stoneham
4 Franklin St,
Stoneham, MA 02180,
United States
Everett
79 Bucknam St,
Everett, MA 02149,
United States
© 2026 Four Paws Grooming
All rights reserved."
Alpha Dogs Pet Grooming,2026-09-22,4.3,4.3 stars,Pet groomer,"1720 Dorchester Ave, Dorchester, MA 02124, United States",+1 617-514-6745,http://alphadogsboston.com/,"7WRP+GX Dorchester, Boston, MA, USA",,added,False,False,,
Shaynedoro Pet Beauty Salon,2026-09-22,4.9,4.9 stars,Pet groomer,"31 Belmont St, Cambridge, MA 02138, United States",+1 781-640-1651,http://shaynedoropetbeautysalon.com/,"9RGX+2C Cambridge, Massachusetts, USA",,added,False,False,,
The Daily Stroll Grooming Salon,2026-09-22,4.2,4.2 stars,Pet groomer,"417 Harvard St, Brookline, MA 02446, United States",+1 617-860-6154,http://www.thedailystrollllc.com/,"8VWF+66 Brookline, Massachusetts, USA",,added,False,False,thedailystrollllc@gmail.com,"Skip to Content
About
Daycare Locations
Services
Book a Groom
New Clients
Existing Clients
WE LET THE DOGS OUT!

 Home of Brookline’s Premier Dog Daycare, Grooming, and Dog Walking Services.

Boston Dog Company 

Welcome to our dog company in Boston, the ultimate destination for pet owners looking for exceptional services without a hefty price tag. At The Daily Stroll, our low-cost dog company prioritizes the health and happiness of your pets. Our dedicated professionals offer comprehensive services designed to cater to every aspect of your dog's well-being. From daily walks to overnight stays, we're committed to providing the utmost care as the leading dog company in Boston.

E-mail us
What Services Does The Daily Stroll Offer? 

Your one-stop shop for dog daycare, boarding, grooming, and walking in Brookline.
 We offer affordable, high-quality pet care services designed to meet the unique needs of every dog. From reliable dog walking in Brookline, to professional dog grooming, to comfortable and caring dog boarding less than 8 miles from Boston Logan, we’re here to help your dog stay happy, healthy, and well cared for.

Our team provides personalized care you can trust - whether your dog needs daily walks, a fresh groom, or a safe and loving place to stay while you’re away.

Locations
Brookline:
Grooming Salon

417 Harvard Street

Learn More
Allston:
All Size Dog Daycare

1117 Commonwealth Avenue

Learn More
Brookline: 
Small Dog Daycare (<30lbs)

405 Harvard Street

Learn More
Coolidge Corner:
All Size Dog Daycare

310 Harvard Street

Learn More
A Little About Us

Started in 2014, The Daily Stroll has grown to offer dog daycare, walking, and grooming services. We are committed to the best treatment and care for your pups, whether at the spa or a nice hour-long walk down the street with some of your pup's best pals! At The Daily Stroll, we strive to emphasize and build on the relationships of our staff and your pups! Our employees have prior experience handling and caring for animals and are thoroughly trained before beginning employment. We want our handlers to be your pup's new best friend! 

In times when your pet needs medical attention, our partnership with a low-cost dog clinic provides the necessary healthcare services without a financial burden. As a premier pet salon, we offer grooming services that leave your pet looking and feeling their best. Our grooming specialists at the dog company are committed to providing a luxurious experience that caters to your pet's unique needs. As a low-cost dog company and premier pet salon, we believe in making top-notch grooming accessible for all. If your pet deserves a day of indulgence, our dog company is here to deliver with care and expertise.

Pamper Your Pet at Our Premier Salon 

In addition to our range of services, our dog company takes pride in our state-of-the-art premier pet salon, where your canine companion can be pampered to perfection. Prepare to be amazed by the transformation and joy that our services can bring to your beloved pet. To schedule a grooming session or learn more about our full range of services, don't hesitate to contact us and let our dog company be your partner in pet care excellence.

E-mail us
Join our mailing list

Sign up with your email address to receive news and updates.

 Sign Up

“My dog, Otis, LOVES going to daycare at The Daily Stroll. All the dogs are super friendly and playful. The DS staff are very attentive and ensure all the dogs are cared for and the locations are clean and well-kept. I highly recommend The Daily Stroll!”

— Nick with Otis

Follow our journey.
The Daily Stroll

Mailing Address:
417 Harvard Street
Brookline, MA 02446

Grooming Services: 617-860-6154

Daycare/Walking Inquiries: 617-869-2150

Small Dog Daycare: 617-991-7674

All Size Dog Daycare: 617-548-4834


TheDailyStrollLLC@gmail.com

Hours

Walking Services:
10AM-5PM Monday through Friday

Grooming Services:
8AM-4PM Monday through Saturday at 417 Harvard St location

11AM-6PM Wednesday through Saturday at the 310 Harvard St location

Daycare Services:
7AM-7PM Monday through Friday
9AM-5PM Saturdays at 310 Harvard St Only (Early Drop-Off 7-9am & Late Pick-Up 5-7pm Available for an additional $10 fee)

Join our mailing list

Sign up with your email address to receive news and updates.

 Sign Up"
Clip And Dip,2026-09-22,4.8,4.8 stars,Pet groomer,"305 Elm St, Everett, MA 02149, United States",+1 617-389-9080,https://clipanddipgrooming.top/,"CX88+47 Everett, Massachusetts, USA",,added,False,False,,"Sorry, you have been blocked
You are unable to access dogrb.com
Why have I been blocked?

This website is using a security service to protect itself from online attacks. The action you just performed triggered the security solution. There are several actions that could trigger this block including submitting a certain word or phrase, a SQL command or malformed data.

What can I do to resolve this?

You can email the site owner to let them know you were blocked. Please include what you were doing when this page came up and the Cloudflare Ray ID found at the bottom of this page.

Cloudflare Ray ID: a3f40bad1da8f662 • Your IP: Click to reveal • Performance & security by Cloudflare"
The Doggy Port West Roxbury,2026-09-22,4.1,4.1 stars,Pet groomer,"1729 Centre St, West Roxbury, MA 02132, United States",+1 617-323-9511,http://www.thedoggyport.com/,"7VP2+X6 West Roxbury, Boston, MA, USA",,added,False,False,continental@thedoggyport.com,"Skip to main content
Home
About Us
Our Locations
Mobile
Services
Blog
Contact
Call or Text Us
(617) 564-4686
Facebook
 
Instagram
 
Tiktok
BOOK NOW
JOIN OUR VIP LIST
JOIN OUR VIP LIST
JOIN OUR VIP LIST
ABOUT US​

The Doggy Port LLC was created out of the love and admiration we have for our little ones. We wanted to create a cozy, friendly, and safe second home for our fluffy friends; through their experiences, smiles, barks of joy, and play dates with other adorable friends.

Satisfied Fur Friends
3
k
Years Of Experience
7
+
Expert Care.​
Expert Service.​

We provide the highest quality of care to your pet and strive to achieve the results to your satisfaction. Our highly trained professionals bring years of experience to our business while providing compassion, patience, and safety to your pet.

Book Now
Welcome to The Doggy Port – Where Every Tail Wags with Joy!
Grooming
Top-tier styling, hygienic care, and a calm, stress-free vibe for every breed. Personalized attention, polished results—and happier, wagging tails every time.
Learn More
Daycare
Your pup’s home away from home! Enjoy playtime, walks, and new furry friends while you're away.  Personalized care and tasty food options available.
Learn More
Dog Walks
Busy day? Let The Doggy Port handle your dog walks! Enjoy tailored service, daily photos, and updates, keeping your pup happy and you, informed!
Learn More
Overnight Boarding
Cozy stays, snuggles, and space to snooze. Sweet dreams! Heads up: Boarding is available at our West Roxbury location only.
Learn More
Price List
Our Policies
Book Today!

Let your dog enjoy the best care, play, and pampering at The Doggy Port!

Check Our Instagram
thedoggyport
 Can you imagine your dog looking THIS good with
Caught Windsor enjoying another day at daycare! 
 Grooming day without the traffic, the stress, o
A big backyard + lots of friends = the ultimate da
POV: You’re spending the day at The Doggy Port! 
 Look who’s looking pawsitively fabulous!  Lit
Fall cozy vibes have officially arrived at The Dog
 Luxury grooming, right at your doorstep!  Why
Load More
  Follow on Instagram
Adrienne Wilson
3 weeks ago
Hazel LOVES her grooming sessions at the doggy port. she always looks gorgeous and smells so good. We will be back, specifically for Juan, but the whole team is fabulous!
Deborah Banks
3 weeks ago
I am so comfortable leaving my Lovey At the Doggyport in West Roxbury. I feel she is safe and secure while under their care. Highly recommend them.
Phyllis Deleidi
a month ago
I am new to the area and I was in search of a new groomer for my mini Australian shepherd groomed. I couldn’t be happier with the results! Great job done by Valentina!
Monicellia Pruitt
a month ago
Great service!  My dogs love to go there and that’s important to me.
nancy friedlander hosken
a month ago
Our mini dox Maple, looked wonderful after her shave and trim.Juan handled her with love.We've been to The Doggy Port in the past.We hate happy with the service and the environment.
Suzanna Clark
3 months ago
We’ve been taking our dog, Lester, to Juan for a while now. He’s the absolute best!  He always seems happy to see Lester, and Lester is always clean and nails are trimmed well. Les doesn’t like to have his nails trimmed and Juan is so patient with him and he sometimes even provides these adorable pictures!
RiverEducational Consulting
3 months ago
Farley is not an easy dog- it’s fighting chihuahua style. Yet, the crew at DoggyPort were fantastic with him! They were able to wrangle the mighty little one with ease! Thank you!!
scott gorham
3 months ago
The Doggy Port Is the best groomer in Boston and Juan, my dog Bella’s groomer, is world class! As you can see from the pictures, Juan turns Bella from bow to wow!
Michelle Fonseca
5 months ago
I’m very disappointed with my experience.I specifically requested a sanitary trim, expecting the belly and anal areas to be trimmed, but nothing was done. I was still charged $80 for grooming, which I find unreasonable given the service provided.On top of that, it took 2 hours and 30 minutes for what was supposed to be just a bath, and my dog was returned with the area behind the ears and the neck still wet.Overall, this was my first visit and unfortunately will be my last.
Jenn Gillis
6 months ago
My 14 year-old Shih Tzu is near impossible to groom. We've had difficulties over the years and a lot of groomers in the area will not take her. Jhenifer at Doggy Port is so kind and patient, and was able to get my matted, dirty, unable to ser, ungroomable dog perfectly cleaned and spiffied up! My dog is happy, feels so much better and looks amazing!  Jhenifer is a truly a Godsend!!! She deserves way more than 5 stars!!!  I highly recommend her and Doggy Port!!
Contact Us
236 Sumner St, East Boston MA 02128
1729 Centre Street, West Roxbury MA 02132
64 Leominster Rd Sterling MA 01564
646 Ocean Ave, Revere, MA, 02151
Skip the computer work
We create a Gingr account for you!
The Doggy Port
Facebook
 
Instagram
 
Tiktok

Phone: (617) 564-4686
Email: info@thedoggyport.com

BOOK NOW"
The Doggy Port West Roxbury,2026-09-22,4.1,4.1 stars,Pet groomer,"1729 Centre St, West Roxbury, MA 02132, United States",+1 617-323-9511,http://www.thedoggyport.com/,"7VP2+X6 West Roxbury, Boston, MA, USA",,added,False,False,info@thedoggyport.com,"Skip to main content
Home
About Us
Our Locations
Mobile
Services
Blog
Contact
Call or Text Us
(617) 564-4686
Facebook
 
Instagram
 
Tiktok
BOOK NOW
JOIN OUR VIP LIST
JOIN OUR VIP LIST
JOIN OUR VIP LIST
ABOUT US​

The Doggy Port LLC was created out of the love and admiration we have for our little ones. We wanted to create a cozy, friendly, and safe second home for our fluffy friends; through their experiences, smiles, barks of joy, and play dates with other adorable friends.

Satisfied Fur Friends
3
k
Years Of Experience
7
+
Expert Care.​
Expert Service.​

We provide the highest quality of care to your pet and strive to achieve the results to your satisfaction. Our highly trained professionals bring years of experience to our business while providing compassion, patience, and safety to your pet.

Book Now
Welcome to The Doggy Port – Where Every Tail Wags with Joy!
Grooming
Top-tier styling, hygienic care, and a calm, stress-free vibe for every breed. Personalized attention, polished results—and happier, wagging tails every time.
Learn More
Daycare
Your pup’s home away from home! Enjoy playtime, walks, and new furry friends while you're away.  Personalized care and tasty food options available.
Learn More
Dog Walks
Busy day? Let The Doggy Port handle your dog walks! Enjoy tailored service, daily photos, and updates, keeping your pup happy and you, informed!
Learn More
Overnight Boarding
Cozy stays, snuggles, and space to snooze. Sweet dreams! Heads up: Boarding is available at our West Roxbury location only.
Learn More
Price List
Our Policies
Book Today!

Let your dog enjoy the best care, play, and pampering at The Doggy Port!

Check Our Instagram
thedoggyport
 Can you imagine your dog looking THIS good with
Caught Windsor enjoying another day at daycare! 
 Grooming day without the traffic, the stress, o
A big backyard + lots of friends = the ultimate da
POV: You’re spending the day at The Doggy Port! 
 Look who’s looking pawsitively fabulous!  Lit
Fall cozy vibes have officially arrived at The Dog
 Luxury grooming, right at your doorstep!  Why
Load More
  Follow on Instagram
Adrienne Wilson
3 weeks ago
Hazel LOVES her grooming sessions at the doggy port. she always looks gorgeous and smells so good. We will be back, specifically for Juan, but the whole team is fabulous!
Deborah Banks
3 weeks ago
I am so comfortable leaving my Lovey At the Doggyport in West Roxbury. I feel she is safe and secure while under their care. Highly recommend them.
Phyllis Deleidi
a month ago
I am new to the area and I was in search of a new groomer for my mini Australian shepherd groomed. I couldn’t be happier with the results! Great job done by Valentina!
Monicellia Pruitt
a month ago
Great service!  My dogs love to go there and that’s important to me.
nancy friedlander hosken
a month ago
Our mini dox Maple, looked wonderful after her shave and trim.Juan handled her with love.We've been to The Doggy Port in the past.We hate happy with the service and the environment.
Suzanna Clark
3 months ago
We’ve been taking our dog, Lester, to Juan for a while now. He’s the absolute best!  He always seems happy to see Lester, and Lester is always clean and nails are trimmed well. Les doesn’t like to have his nails trimmed and Juan is so patient with him and he sometimes even provides these adorable pictures!
RiverEducational Consulting
3 months ago
Farley is not an easy dog- it’s fighting chihuahua style. Yet, the crew at DoggyPort were fantastic with him! They were able to wrangle the mighty little one with ease! Thank you!!
scott gorham
3 months ago
The Doggy Port Is the best groomer in Boston and Juan, my dog Bella’s groomer, is world class! As you can see from the pictures, Juan turns Bella from bow to wow!
Michelle Fonseca
5 months ago
I’m very disappointed with my experience.I specifically requested a sanitary trim, expecting the belly and anal areas to be trimmed, but nothing was done. I was still charged $80 for grooming, which I find unreasonable given the service provided.On top of that, it took 2 hours and 30 minutes for what was supposed to be just a bath, and my dog was returned with the area behind the ears and the neck still wet.Overall, this was my first visit and unfortunately will be my last.
Jenn Gillis
6 months ago
My 14 year-old Shih Tzu is near impossible to groom. We've had difficulties over the years and a lot of groomers in the area will not take her. Jhenifer at Doggy Port is so kind and patient, and was able to get my matted, dirty, unable to ser, ungroomable dog perfectly cleaned and spiffied up! My dog is happy, feels so much better and looks amazing!  Jhenifer is a truly a Godsend!!! She deserves way more than 5 stars!!!  I highly recommend her and Doggy Port!!
Contact Us
236 Sumner St, East Boston MA 02128
1729 Centre Street, West Roxbury MA 02132
64 Leominster Rd Sterling MA 01564
646 Ocean Ave, Revere, MA, 02151
Skip the computer work
We create a Gingr account for you!
The Doggy Port
Facebook
 
Instagram
 
Tiktok

Phone: (617) 564-4686
Email: info@thedoggyport.com

BOOK NOW"
WAGS Charlestown,2026-09-22,4.5,4.5 stars,Pet groomer,"287 Main St, Charlestown, MA 02129, United States",+1 617-242-3647,http://www.wagscharlestown.com/,"9WHM+36 Charlestown, Boston, MA, USA",,added,False,False,grooming@wagscharlestown.com,"WELCOME TO WAGS CHARLESTOWN!

NOW ENTERING OUR DOGGIE OASIS!

We are so excited to welcome you for all your walking, grooming & retail needs! We absolutely love being part of such an incredible dog community!

WALKING SERVICES:

The WAGS Walking Club is currently accepting applications for our walking services. Please click the link below to fill out the application. We will contact you if you are a good fit for our crew!

Please note that we do not offer one-off dog walking requests or solo walk requests, and we offer dog sitting specifically to our Walking Club members who have been with us for at least six weeks.

We currently have a team of 5 dogwalkers. Alexa, Ashley and Samira are full-time and Ashlee and Catherine are part-time!

GROOMING SERVICES:

The WAGS Grooming Club is currently accepting applications for our grooming services. Please click the link below to fill out the application. We have a small wait list currently!

Please note: We are not taking walk-in appointments for nail trims. Please call the shop to schedule!

We currently have a team of 4 groomers and our beloved receptionist, Mckenna! Our full-time groomers are Katie (Manager) & Rose, and our part-time groomers are Bertha & Taylor.

RETAIL SERVICES:

Since November of 2025 we have been sourcing the very best single ingredient treats from as many local and women-owned companies as possible. Stop by to check out a few of our favorite new brands: Farm Hounds, Wild n Fresh, Wag & Bright and many of your beloved Polka Dog snacks!

We are excited to meet you & love on your pups!

-Lindsay LaRocca

Owner, WAGS Charlestown

STORE HOURS:

Monday-Thursday 9:00 am-5:00 pm

Friday 9:00 am-4:00 pm

PHONE: (617) 242-3647 (DOGS)

INFO@WAGSCHARLESTOWN.COM

287 Main Street

Charlestown, MA 02129

CONTACT US!
NEW CLIENT WALKING FORM
NEW CLIENT GROOMING FORM
PAWFINITY CLIENT PORTAL FOR GROOMING
VERIFY YOUR PAWFINITY EMAIL
CREATE A GROOMING PAWFINITY ACCOUNT"
WAGS Charlestown,2026-09-22,4.5,4.5 stars,Pet groomer,"287 Main St, Charlestown, MA 02129, United States",+1 617-242-3647,http://www.wagscharlestown.com/,"9WHM+36 Charlestown, Boston, MA, USA",,added,False,False,info@wagscharlestown.com,"WELCOME TO WAGS CHARLESTOWN!

NOW ENTERING OUR DOGGIE OASIS!

We are so excited to welcome you for all your walking, grooming & retail needs! We absolutely love being part of such an incredible dog community!

WALKING SERVICES:

The WAGS Walking Club is currently accepting applications for our walking services. Please click the link below to fill out the application. We will contact you if you are a good fit for our crew!

Please note that we do not offer one-off dog walking requests or solo walk requests, and we offer dog sitting specifically to our Walking Club members who have been with us for at least six weeks.

We currently have a team of 5 dogwalkers. Alexa, Ashley and Samira are full-time and Ashlee and Catherine are part-time!

GROOMING SERVICES:

The WAGS Grooming Club is currently accepting applications for our grooming services. Please click the link below to fill out the application. We have a small wait list currently!

Please note: We are not taking walk-in appointments for nail trims. Please call the shop to schedule!

We currently have a team of 4 groomers and our beloved receptionist, Mckenna! Our full-time groomers are Katie (Manager) & Rose, and our part-time groomers are Bertha & Taylor.

RETAIL SERVICES:

Since November of 2025 we have been sourcing the very best single ingredient treats from as many local and women-owned companies as possible. Stop by to check out a few of our favorite new brands: Farm Hounds, Wild n Fresh, Wag & Bright and many of your beloved Polka Dog snacks!

We are excited to meet you & love on your pups!

-Lindsay LaRocca

Owner, WAGS Charlestown

STORE HOURS:

Monday-Thursday 9:00 am-5:00 pm

Friday 9:00 am-4:00 pm

PHONE: (617) 242-3647 (DOGS)

INFO@WAGSCHARLESTOWN.COM

287 Main Street

Charlestown, MA 02129

CONTACT US!
NEW CLIENT WALKING FORM
NEW CLIENT GROOMING FORM
PAWFINITY CLIENT PORTAL FOR GROOMING
VERIFY YOUR PAWFINITY EMAIL
CREATE A GROOMING PAWFINITY ACCOUNT"
WAGS Charlestown,2026-09-22,4.5,4.5 stars,Pet groomer,"287 Main St, Charlestown, MA 02129, United States",+1 617-242-3647,http://www.wagscharlestown.com/,"9WHM+36 Charlestown, Boston, MA, USA",,added,False,False,walking@wagscharlestown.com,"WELCOME TO WAGS CHARLESTOWN!

NOW ENTERING OUR DOGGIE OASIS!

We are so excited to welcome you for all your walking, grooming & retail needs! We absolutely love being part of such an incredible dog community!

WALKING SERVICES:

The WAGS Walking Club is currently accepting applications for our walking services. Please click the link below to fill out the application. We will contact you if you are a good fit for our crew!

Please note that we do not offer one-off dog walking requests or solo walk requests, and we offer dog sitting specifically to our Walking Club members who have been with us for at least six weeks.

We currently have a team of 5 dogwalkers. Alexa, Ashley and Samira are full-time and Ashlee and Catherine are part-time!

GROOMING SERVICES:

The WAGS Grooming Club is currently accepting applications for our grooming services. Please click the link below to fill out the application. We have a small wait list currently!

Please note: We are not taking walk-in appointments for nail trims. Please call the shop to schedule!

We currently have a team of 4 groomers and our beloved receptionist, Mckenna! Our full-time groomers are Katie (Manager) & Rose, and our part-time groomers are Bertha & Taylor.

RETAIL SERVICES:

Since November of 2025 we have been sourcing the very best single ingredient treats from as many local and women-owned companies as possible. Stop by to check out a few of our favorite new brands: Farm Hounds, Wild n Fresh, Wag & Bright and many of your beloved Polka Dog snacks!

We are excited to meet you & love on your pups!

-Lindsay LaRocca

Owner, WAGS Charlestown

STORE HOURS:

Monday-Thursday 9:00 am-5:00 pm

Friday 9:00 am-4:00 pm

PHONE: (617) 242-3647 (DOGS)

INFO@WAGSCHARLESTOWN.COM

287 Main Street

Charlestown, MA 02129

CONTACT US!
NEW CLIENT WALKING FORM
NEW CLIENT GROOMING FORM
PAWFINITY CLIENT PORTAL FOR GROOMING
VERIFY YOUR PAWFINITY EMAIL
CREATE A GROOMING PAWFINITY ACCOUNT"
BYOD dog wash,2026-09-22,4.8,4.8 stars,Pet supply store,"208 Sumner St, Newton, MA 02459, United States",+1 617-431-4363,http://www.laundromutt.com/,"8RJ5+95 Newton, Massachusetts, USA",,added,False,False,,"Skip to Content
Locations
Services
Products
About Us
Jobs
Contact
Dear Loyal LaundroMutt-Cambridge Community
Last bath day: Sunday, April 26
For the month of April, the Cambridge location will be open limited hours. We would like to invite you to join us for a customer appreciation “Last Bath” Event Weekend on Saturday April 25th and Sunday April 26th. 

After 22 years of fur-flying service, we have come to the difficult decision to consolidate our efforts. We are going to close LaundroMutt-Cambridge, New England’s first and oldest Self Service Dog Wash, in order to focus our energies on the two BYOD Dog Wash locations in Newton Centre and South Boston.

We want to THANK our loyal community for the years of memories, generous support and many fur-baby friendships at this location. We are so proud to have served this community and truly appreciate all the support of this small family business.

Promoting the health and wellness of dogs through bathing, a healthy diet, and mental and physical stimulation.

DIY baths, drop-off baths, and full grooming: we have it all. We also stock a variety of food, treats, gear and accessories, wellness products, and more.

For store hours, check individual stores under Locations in the menu.

DIY Bath
All you need is a dirty dog!

Just walk in and wash your own dog. We provide state-of-the-art stainless steel bathtubs, shampoo mixing units for shampoos, forced-air dryers, towels and brushes. And don’t worry, our friendly staff will get you and your dog set up, help you along the way and clean up after you!  Learn more.

Drop-Off Bath
We do the dirty work for you! (weekdays only)

We offer a drop–off dog wash service by appointment where one of our floor staff will wash your dog for you. This option is for owners who might not have the time to do it yourself or would rather not deal with the mess. Just drop off for up to 1 hour, run some errands and come pick up your sparkling clean pooch! Learn more.

Grooming
A trip to the doggie spa!

Our full-service dog grooming includes bathing, cleaning of the ears (plucking if necessary), nail trim, blow dry, brush out, sanitary-area clean up, trimming and hair cut. Would you like your dog’s teeth brushed? Our groomers will make them sparkle! Your dog will look and feel fabulous! Learn more.

View fullsize
Products

Food: Each store carries a slightly different selection of  all-natural dog foods, so call first to check current availability.

Treats: We carry a wide variety of holistic treats… too many brands to list here. Come in for a taste test.

Toys: Each shop has a large selection of options for all dogs from Chihuahuas to Great Danes.

Dog Gear: Let our helpful staff outfit your pup with raincoats, beds, booties, collars, and other gear.

View fullsize

LaundroMutt Cambridge
489 Concord Ave.
Cambridge, MA 02138
617-864-9274

BYOD – Newton Centre
208 Sumner St.
Newton Centre, MA 02459
617-431-4363

BYOD – South Boston
617 E. Broadway
South Boston, MA 02127
617-765-4800

Home

DIY Bath

Drop-off Bath

Grooming

Products

About

Contact

Jobs"
Petco Grooming,2026-09-22,4.4,4.4 stars,Pet groomer,"304 Western Ave, Brighton, MA 02135, United States",+1 617-254-8800,https://stores.petco.com/ma/brighton/full-service-grooming-brighton-ma-288.html?utm_source=google&utm_campaign=locallist_288_pg,"9V77+3J Brighton, Boston, MA, USA",,added,False,False,,"Buy 3+ Cat Treats, Get 20% OFF

*Exclusions
Apply

Where the pets go to find...
Account
Your store:
Delivering to:
Petco Perks
Services
Deals
Dog Grooming/
MA/
Brighton/
304 Western Ave/
full-service dog grooming
Pet Store
Dog Grooming
Vaccination Clinic
Dog Training
Aquatics Department
Book Now
Petco Dog Grooming in Brighton
(617) 254-8800 ext. 1
304 Western Ave
Brighton MA, 02135
Get Directions
Book Now
Manage Appointment
Grooming Salon Hours
Open Now - Closes at 6:00 PM
Sunday
9:00 AM - 6:00 PM
Monday
8:00 AM - 6:00 PM
Tuesday
8:00 AM - 6:00 PM
Wednesday
8:00 AM - 6:00 PM
Thursday
8:00 AM - 6:00 PM
Friday
8:00 AM - 6:00 PM
Saturday
8:00 AM - 6:00 PM
Store: 288
Our Customers Love Brighton Dog Grooming
Our groomer, Monica, does a wonderful job on our dog. She is very loving and caring and Lucy just loves her.
Andrea K
The customer service and interaction with groomers has always been outstanding. And Rooney always comes home looking and smelling great.
Janine F
Great customer service, dog's teeth were clean, nails trimmed, nice grooming
Cynthia S
Grooming Packages & Pricing in Brighton
BY APPOINTMENT
WALK-IN
Services Available
Bath Only
starts at:
$22
Bath & haircut
starts at:
$38
All Services include
Deep-cleaning shampoo
Blow-Dry
15 Minute Brush
Scented Spritz
Ear Cleaning
Gland Expression
Nail Trim
Add-On Packages
Routine Care
Specialized Care
Essentials (+ $25)
Upgraded shampoo
Nail buffing
Conditioner
Paw balm
Teeth-brushing
Flea Cleanse (+ $25)
Flea shampoo
Moisturizing conditioner
Teeth-brushing
Paw balm
Nail buffing
Shed Release Basic (+ $20)
FURminator undercoat removal
Shed-reducing shampoo and treatment
Second brushout
Hydrating aloe treatment
Shed Release (+ $30 or + $40*)
FURminator undercoat removal
Shed-reducing shampoo and treatment
Second brushout
Hydrating aloe treatment
Teeth-brushing and nail buffing
* Price varies based on size of dog
Book Now
Partner Expertise
Extensive Training
Stylists complete a 10-week paid training program inclusive of online modules, salon observation and hands-on practice with bathing, brushing, nail care, and styling.
Pet Care Focus
Stylists perform a 7-Point Pet Care Check (nose-to-tail), looking for issues like lumps, skin problems, or ear infections, and referring pets to vets when needed.
Learn More
What to Expect
From start to finish, we make your pet’s health and wellbeing our top priority. Each appointment takes approximately 2-4 hours.
1
Check-in & 7 Point Pet Care Check (~15 min)
2
Brush & Clip (~30 min)
3
Full Haircut (~45 min)
4
Bath & Dry (~45 min)
5
Report Card (~10 min)
Sponsored
Find Dog Groomers Near You in Brighton
Dog Grooming at Petco in Brighton provides bathing, haircuts, nail trimming and coat maintenance services designed to help pets look and feel their best. Located inside the Petco pet store in Brighton, grooming services give pet parents access to professional care handled by trained groomers who focus on comfort, safety and personalized attention. Select locations may also offer cat grooming services when a certified cat groomer is available, and pet parents are encouraged to contact their local grooming salon for details on current service availability.
Book Now
FAQs About Brighton Petco Grooming
Does this Petco offer cat grooming?
How is safety ensured for all dog grooming services?
How long does Petco grooming take?
What vaccinations are required for grooming?
What if my pet has special needs or specific sensitivities?
How much do the grooming services cost?
Petco Dog Grooming in Brighton, MA Reviews
What Customers Say

Skilled Groomers

Many customers praise the groomers at Petco Brighton, highlighting their kindness, skill, and ability to make pets feel comfortable. Groomers like Sean, Jasmine, and Monica receive frequent commendations for their excellent care and grooming results.

Positive Experiences

Numerous reviews reflect positive experiences with the grooming services, noting that pets come back looking great and happy. Customers appreciate the friendly and attentive staff, as well as the overall pleasant atmosphere.

Timely Service

Several reviews mention that appointments are generally easy to book and that the grooming services are completed in a timely manner, contributing to a good customer experience.

Service Issues

Some customers report issues with service, including long wait times and miscommunication regarding grooming requests. A few reviews mention negative experiences with specific groomers, indicating that while many have had great experiences, there are instances of dissatisfaction that should be addressed.

Summarized with AI

Other Featured Services
Vaccination Clinic
Opens at 9:00 AM
Book Now
Learn More
Dog Training
Opens at 9:00 AM
Book Now
Learn More
Aquatics Department
Opens at 9:00 AM
Learn More
Download our App
Featured Posts
Grooming
How to Groom Your Wrinkly Dog
Learn how to properly clean and care for wrinkles on a wrinkly dog.
Updated on June 29th, 2026
Grooming
The Most Popular Haircuts for Dogs by Coat Type
Learn about the most popular haircut styles for dogs, curated for their coat type.
Updated on June 28th, 2026
Grooming
Puppy Dandruff: Causes, Symptoms & Treatment
Puppy dandruff is a normal skin condition that occurs due to underactive sebaceous glands. Learn more about symptoms and management of dandruff in puppies on Petco Pet Education Center, formerly Petcoach.
Updated on June 18th, 2026
Grooming
Dog Grooming: Essential Vaccines for Your Dog's Healthy & Safe Visit
In a professional grooming environment, your pet will be exposed to many other dogs. For this reason, grooming facilities have rules regarding the vaccination status of your pet.
Updated on June 18th, 2026
Grooming
Dog Dandruff: 8 Causes & How to Treat Your Dog's Flaky Skin
A shiny, glossy coat is beautiful on a dog. What’s not so beautiful is dandruff: white flakes of dead skin cells.
Updated on June 18th, 2026
Grooming
Dog Sprayed by Skunk? 10 Steps to Remove the Smell
It can be stressful to deal with a dog that has been sprayed by a skunk. Find out how to get rid of the skunk smell on your dog, and how long the smell will last.
Updated on June 18th, 2026
Sponsored
Customer Care
Returns
Shipping Info
Order Lookup
Recalls & Advisories
Store Locator
Help
Contact Us
Website Accessibility Policy
Services
Petco Perks
Dog Grooming
Petco Pay Credit Card
Self-Serve Dog Wash
Positive Dog Training
Veterinary Services
Petco Insurance
Pet Adoption
Autoship
Pet Education Center
Pet Care Sheets
Product Collections
Pets in the Classroom
Corporate
Careers
About Us
Code of Ethics
Event Sponsorships
Vendors
Affiliate Program
Petco Love
Gift Cards
Coupons and Promos
Investors
Sustainability
Advertise with Us
Keep In Touch
Email Address*

By signing up, you consent to receive updates, special offers, program communications and other information via email from Petco.




*Providing your email address means you agree to Petco's Terms of Use and have read our Financial Incentive Terms and Privacy Policy

Download Our App
Terms of UsePrivacy PolicySite MapWebsite Accessibility Policy

©2026 Petco Animal Supplies, Inc. All rights reserved.

Petco Animal Supplies, Inc.® is not an insurer and is not engaged in the business of insurance. PetCoach, LLC is a licensed insurance producer, not an insurer, and a wholly owned subsidiary of Petco Animal Supplies, Inc. The Petco name is used for the brand name. In California, PetCoach, LLC does business as PetCoach Insurance Solutions Agency (CA License No. 0M10414).

Pet insurance plans are marketed and offered by PetCoach, LLC. Pet Insurance plans are underwritten in all states except California by National Casualty Company (NAIC #11991, Columbus, OH), and in California by Veterinary Pet Insurance Company (NAIC #42285, Columbus, OH), both insurers are subsidiaries of Nationwide Mutual Insurance Company. Prior to October 23, 2023, pet insurance policies were underwritten by United States Fire Insurance Company (NAIC #21113. Morristown, NJ).

Pre-existing conditions are not covered. Waiting periods, annual deductible, co-insurance, benefit limits and exclusions may apply. Click here for all terms and conditions. Products, schedules, discounts, and rates may vary and are subject to change. More information available at checkout. Enroll at petco.com/petco-insurance."
Jeana's Dirty Dog Salon and Kitties Too,2026-09-22,4.6,4.6 stars,Pet groomer,"298 Concord Ave, Cambridge, MA 02138, United States",+1 617-650-6421,http://www.jeanasdirtydog.com/,"9VM8+G6 Cambridge, Massachusetts, USA",,added,False,False,jeanasdirtydog@gmail.com,"my account


Jeana's Dirty Dog Salon & Kitties Too!




	
home
 
book now
 
services
 
about jeana
 
contact
	
Welcome to Jeana's Dirty Dog & Kitties Too!

For over thirty years, we've provided gentle professional grooming in a caring environment. As our business evolves, we're proud to specialize in Kitties Too, cat-exclusive grooming with patient, one-on-one care. Cats are groomed in a quiet setting and are typically back with their owners in two hours. Their comfort, safety and well-being come first. We continue to serve our established dog clients during this transition. 




Currently welcoming new cat clients. Dog grooming remains available for established clients. Express nail clipping available for all dogs.





	
Book an Appointment Online

Schedule your appointment online any time, day or night. We'll confirm as soon as we receive your request.

If you have any questions or need assistance, please call or text us at 617-650-6421, if we're busy with a cat and unable to answer, please leave a message and we'll return your call as soon as possible.




Express Cat Nail Trims are available Tuesdays from 5:00-6:pm by appointment only.

Express Dog Nail Trims is available Wednesday through Saturday during regular business hours.










	

(617) 650-6421  298 Concord Ave, Cambridge, MA 02138


	
	
Manage Site Powered by DaySmart"
Jeana's Dirty Dog Salon and Kitties Too,2026-09-22,4.6,4.6 stars,Pet groomer,"298 Concord Ave, Cambridge, MA 02138, United States",+1 617-650-6421,http://www.jeanasdirtydog.com/,"9VM8+G6 Cambridge, Massachusetts, USA",,added,False,False,jeanasdirtydog@gmail.om,"my account


Jeana's Dirty Dog Salon & Kitties Too!




	
home
 
book now
 
services
 
about jeana
 
contact
	
Welcome to Jeana's Dirty Dog & Kitties Too!

For over thirty years, we've provided gentle professional grooming in a caring environment. As our business evolves, we're proud to specialize in Kitties Too, cat-exclusive grooming with patient, one-on-one care. Cats are groomed in a quiet setting and are typically back with their owners in two hours. Their comfort, safety and well-being come first. We continue to serve our established dog clients during this transition. 




Currently welcoming new cat clients. Dog grooming remains available for established clients. Express nail clipping available for all dogs.





	
Book an Appointment Online

Schedule your appointment online any time, day or night. We'll confirm as soon as we receive your request.

If you have any questions or need assistance, please call or text us at 617-650-6421, if we're busy with a cat and unable to answer, please leave a message and we'll return your call as soon as possible.




Express Cat Nail Trims are available Tuesdays from 5:00-6:pm by appointment only.

Express Dog Nail Trims is available Wednesday through Saturday during regular business hours.










	

(617) 650-6421  298 Concord Ave, Cambridge, MA 02138


	
	
Manage Site Powered by DaySmart"
The Clip Joint,2026-09-22,4.6,4.6 stars,Pet groomer,"108 Massachusetts Ave, Arlington, MA 02474, United States",+1 781-646-8485,https://clipjointonline.wixsite.com/clipjoint,"CV36+76 Arlington, Massachusetts, USA",,added,False,False,clipjointonline@gmail.com,"Skip to Main Content
This website was built on Wix. Create yours today.
Get Started
Welcome to The Clip Joint

🐾 Making Tails Wag Since 1974! 🐾
🐶 Learn More About Us 😺
About The Clip Joint

For over 50 years, The Clip Joint Pet Grooming has provided trusted, professional grooming with a personal touch. We deliver everything from full grooms, to simple baths with care, comfort, and attention to detail. We stay current with industry standards to ensure your pet leaves looking great, feeling great, and enjoying the process. At The Clip Joint, your pet’s well-being comes first, and we’re here to make every visit a happy, stress-free experience.

Awards and Recognition
Grooming Gallery

Home

Meet Julie

Policies

Services and Pricing

Book Now

Contact
Email: clipjointonline@gmail.com
Text: 781-363-3341
​


 

 

Forms of Payment accepted
Venmo, Cash or Zelle
Address
​108 Massachusetts Avenue

Arlington, MA 02474

 

 

FIND​ US
Available by appointment only. We do not accept stand-alone appointments for nail trims at this time"
Furry Land Mobile Grooming Boston & Manchester,2026-09-22,4.9,4.9 stars,Pet groomer,,+1 617-351-8082,https://furryland.us/boston-mobile-pet-groomers/,,,added,False,False,,"Skip to content
Services
Locations
About Furry Land
Franchise
Careers
877-726-3345
Boston Mobile Pet Groomer
Call 617-351-8082
Book Now
Professional Cage-Free Grooming at Your Door

Schedule Online in Minutes!

Our Grooming Van Comes to You!

We Groom & Bathe your Dogs & Cats!

Excellent4.9180 reviews
Write a review
Cindy Pereira
3 weeks ago
Diego was wonderful with Nellie. He is very caring and comforting to her and he gives her a great haircut. He is very good about keeping me updated on his arrival and the convenience of having him come to us is wonderful. Five stars
Read more
Manon
1 month ago
Great service and professionalism. Malo is groomed by Furry land every 2-3 months. The best for cockapoo or poddle mix. Thanks for your great work!
Read more
Sarah Wheeler
1 month ago
+0
Diego did an amazing job grooming my dog! He was professional, patient, and clearly cares about the dogs he works with. My pup is looking fantastic, smelling great, and was happy and relaxed after the appointment. The attention to detail was outstanding, and you can tell Diego takes pride in his work. I highly recommend him to anyone looking for a reliable and talented groomer. We’ll definitely be back!
Read more
Michelle Waitkus
2 months ago
+0
Hi, my beautiful dog by the name of Katara just had a full grooming by Kaylee and my Katara looks absolutely gorgeous. Her nails are awesome. Her coat and everything is beautiful. I am so happy and so isn’t my Katara thank you so much Kaylee. I would highly recommend this company for anyone and the best part is they come to you?
Read more
Shelly Dormady
2 months ago
Amazing job!!!! My dog is not easy to groom and has massive anxiety! Cindy was patient and he loved her! I am that “crazy” pet owner and totally recommend their services!
Read more
Edjim Sox
3 months ago
+0
This was my first time using a mobile grooming service and I was so pleased with the professionalism and patience that my groomer Pamela gave to my anxious kitty. She took her time and she gave him a beautiful cut. Would highly recommended her and this mobile service.
Read more
Lisa Cee
3 months ago
+0
Love that they come to my home. My dog is not the easiest to groom and needs a little “extra” care. Thank you for this great service!
Read more
Janette Rivera
3 months ago
Highly recommend! Pamela is awesome thank you!
 
Techa Johnsen
4 months ago
Amazing every single time ao caring and does so well with my skiddish cats
 
Emily N
4 months ago
+0
Diego did a fantastic job on our Pomeranian!
 
Services and Pricing

Furry Land Mobile Grooming provides grooming services for pets of all sizes. Our team offers a variety of options that include:

Small Dogs (0-25 lbs)
Book Now

Bath only: starts at $80*

Medium Dogs (26-50 lbs)
Book Now

Bath only: starts at $100*

Large Dogs (51-80 lbs)
Book Now

Bath only: starts at $120*

Extra Large Dogs (81-110 lbs)
Book Now

Bath only: starts at $140*

Giant Dogs (110+ lbs)
Book Now

Bath only: starts at $160*

Cats
Book Now

*All rates are estimates and can go up depending on breed, size, temperament, coat condition and any other additional services required.

Add On Services

Add on any of these services to your visit:

Blueberry Facial
$20
Mat Removal
Starting at $20
Severe Mat Removal
Starting at $35
Fresh Breath
$20
Book Now
Servicing the Greater Boston Area & Southern New Hampshire

We understand that choosing the right grooming service for your pet can be overwhelming, but Furry Land Mobile Grooming is here to make that decision easy. With our team of caring and skilled groomers, modern equipment, and convenient mobile services, we are the top choice for pet owners in Boston, MA, and the surrounding areas. We are committed to providing the highest level of care and comfort for your furry friend, so you can trust us with all your grooming needs. Contact Furry Land Mobile Grooming today to learn more about our grooming services and book an appointment. We can’t wait to pamper your furry friend and make them feel like a true VIP!

Our Total Care Grooming Package Includes

Inside our mobile pet salon, we have everything on hand to preform grooming services efficiently and safely. We practice “fear-free” grooming and tailor each session for your pet’s specific needs. Our Total Care Service includes:

On-Site Grooming Assessment

Heated Hydrobath with Specialty Shampoo & Conditioner

Full Body Haircut

Nail Clipping

Paw Pad Shave

Eye Cleaning

Ear Cleaning/
Plucking (if applicable)

Full Body Towel & Blow Out

Benefits of Mobile Grooming
Quick Service
We Come to You
Cage Free Grooming
Text & Email Alerts
Service Areas

Our mobile grooming vehicles can come to you in the following cities:

Pet Grooming in Acton, MA
Pet Grooming in Andover, MA
Pet Grooming in Arlington, MA
Pet Grooming in Ashland, MA
Pet Grooming in Ayer, MA
Pet Grooming in Bedford, MA
Pet Grooming in Bellingham, MA
Pet Grooming in Belmont, MA
Pet Grooming in Billerica, MA
Pet Grooming in Blackstone, MA
Pet Grooming in Boston, MA
Pet Grooming in Bourne, MA
Pet Grooming in Brookline, MA
Pet Grooming in Burlington, MA
Pet Grooming in Cambridge, MA
Pet Grooming in Canton, MA
Pet Grooming in Charlton, MA
Pet Grooming in Chelmsford, MA
Pet Grooming in Cohasset, MA
Pet Grooming in Concord, MA
« Previous Next »
877-726-3345
Privacy Policy
Our Story
Reviews
Franchise Opportunities
Careers

©2025 Furry Land™. All Rights Reserved. | Powered by ContentMassive

Penny was just groomed in Wilmington, North Carolina
9 hours ago"
Wag N' Wash Natural Pet Food & Grooming,2026-09-22,4.6,4.6 stars,Pet supply store,"144 Brimbal Ave Unit 11, Beverly, MA 01915, United States",+1 351-227-7227,https://www.wagnwash.com/store/ma/beverly/3024-beverly/3024,"H4FC+59 Beverly, Massachusetts, USA",,added,False,False,,"Sorry, you have been blocked
You are unable to access wagnwash.com
Why have I been blocked?

This website is using a security service to protect itself from online attacks. The action you just performed triggered the security solution. There are several actions that could trigger this block including submitting a certain word or phrase, a SQL command or malformed data.

What can I do to resolve this?

You can email the site owner to let them know you were blocked. Please include what you were doing when this page came up and the Cloudflare Ray ID found at the bottom of this page.

Cloudflare Ray ID: a3f41786bb932a3f • Your IP: Click to reveal • Performance & security by Cloudflare"
Boston Dog Butlers,2026-09-22,4.6,4.6 stars,Dog walker,"398 Columbus Ave Ste 286, Boston, MA 02116, United States",+1 617-712-2082,https://bostondogbutlers.com/,"8WVF+QF Boston, Massachusetts, USA",,added,False,False,butler@bostondogbutlers.com,"Skip to Content
Home
Services
About
Service Areas
Contact
Portal Login
Schedule a Call
Stress-Free Pet Care for Busy Dog Owners
Boston Dog Walker, Dog Training, Park Play, Hiking, & Boarding
⭐⭐⭐⭐⭐
4.9 Stars - 300+ reviews
Trusted, Safe, & Insured
Highly Trained Pet Professionals
100% Service Quality Guarantee
10+ Years in Business
FREE PHONE CONSULTATION

End-to-End Concierge-Quality Pet Care Solutions from Boston’s Best Dog Walkers

What You Can Expect with Boston Dog Butlers!

In addition to our highly trained staff of dedicated dog butlers with decades of experience, who know how to customize care for each of the pets in our care, the Boston Dog Butlers service is truly unique. Here’s how!


Dog Butlers Dedicated to You & Your Dog’s Happiness

Customized reports and fun pictures included with each service and 24/7 customer service. We’re successful when you’re happy and stress free! 

Premium Pet Care at Great Prices

We offer a variety of pet care services to fit your pup’s needs, all at competitive prices. Enjoy the best quality service in the city, without breaking the bank.

Convenient, Reliable, and Flexible Service

Giving your pet the highest quality care can take time and attention around the clock, so let us help! We’re here to take away stress and save you time. 

Easy to Use Tech at Your Fingertips

Easily schedule services, review invoices, and communicate in real time with your Butler all through our convenient app! 

Explore our services

Boston Dog Butlers is the last pet care company you’ll ever need! Our talented team offers everything from dog walking to park play, training to hiking/field trips. We cover the full life cycle of services to create a custom pet care program unique to your furry family member. 

DOG HIKES / FIELD TRIPS
POSITIVE DOG TRAINING
BOARDING & PET SITTING
DOG WALKING
PARK PLAY
PUPPY SERVICES
Services fit for royalty, prices fit for your budget

Our services are designed to keep your pet happy, healthy, and mentally stimulated with the highest quality care!

EXPLORE ALL SERVICES
Easy to use App available right on your Phone!
Explore Our Key Features

With Boston Dog Butlers, our easy to use mobile and desktop app makes arranging your pets fun day of play with their best buddies around town a breeze!

Scheduling
Messaging
Daily Report Card
Client & Pet Details
Get Started with Boston Dog Butlers

Just like our dogs, we love making new friends! A quick 15-minute call helps us know you and your pet better and ensure we have the perfect services to suite your needs! 

Schedule a Call
Where We Work

Boston Dog Butlers covers Boston’s South End, Charlestown,  Cambridge, North End, West End, Back Bay, Brookline, Theatre/Financial Districts, Seaport, and Southie!  Our hiking services also accepts customers further West of Boston so please inquire!

Follow Along

If you want to follow the cutest floof gang in town, then follow our Instagram and Facebook pages for daily pictures of Boston’s best dogs and their Butlers!

rainy days ain’t gonna bring us down!🌧️🐾 . #bostondogbutlers #bostondoghikes #bostondogwalkers #bostondogparks #bostondogservices #dogsofboston #bostondogtraining #boston #westondoghikes #dedhamdoghikes #stonehamdoghikes
About Us

Trotting around town, trips to the park, and playtime with best friends! 

Our dogs love the time they spend roaming with their Boston Dog Butler dog walker because we make sure to spend time doing what dogs love most!

Boston Dog Butlers LLC

butler@bostondogbutlers.com

+1 (617) 712-2082

398 Columbus Ave #286, Boston, MA 02116

Schedule a Call

Blog

Customer Portal

Services Areas

Suffolk County, MA

Services

Dog Walking

Dog Hikes

Park Play

Boarding & Pet Sitting

Positive Dog Training

Puppy Services

Copyright Boston Dog Butlers 2017-2026. All Rights Reserved."
Tail Waggerz,2026-09-22,4.6,4.6 stars,Dog day care center,"REAR BUILDING, 217 California St, Newton, MA 02458, United States",+1 617-340-2163,http://www.tailwaggerzpetcare.com/,"9R83+25 Newton, Massachusetts, USA",,added,False,False,,"NEWTON, MA • (617) 340-2163
FRAMINGHAM, MA • (508) 521-8020
HOME
NEWTON, MA
FRAMINGHAM, MA
PHOTOS
FAQS
TESTIMONIALS
HOLIDAY HOURS
CONTACT
WELCOME TO TAIL WAGGERZ
NEWTON, MA
Daycare • Boarding • Grooming
Apply To Daycare
Book A Groom
FRAMINGHAM, MA
Grooming Only
Book A Groom
DAYCARE
NEWTON ONLY
The professional staff at Tail Waggerz offers cage-free fun all day, 7 days a week.
LEARN MORE          APPLY TODAY
OVERNIGHT BOARDING
NEWTON ONLY
We offer a safe, comfortable, and crate-free experience for dogs we are familiar with.
LEARN MORE          BOOK A RESERVATION
GROOMING
NEWTON & FRAMINGHAM
The professional staff at Tail Waggerz offers full-service grooming at TWO locations to all breeds and sizes.
BOOK NEWTON          BOOK FRAMINGHAM
ABOUT US
Tail Waggerz is proud to offer full service grooming at both our Newton, MA & Framingham, MA locations. Our Newton location also offers crate free daycare & overnight boarding. Our professional groomers strive to meet each customer’s grooming preferences, while still being sensitive and caring towards the safety, comfort, and any special needs of our canine guests. Our experienced daycare & boarding staff aim to meet each individual dog’s needs, energy level, size, age and temperament. All overnight guests are provided with warm beds, blankets and human company during their stay.
NEWTON, MA

	

217 & 227 California St., Newton, MA 02458


	

CALL: (617) 340-2163


	

TEXT: (715) 621-2346

DAYCARE & BOARDING:

MONDAY- FRIDAY: 7:00am-7:00pm (Drop offs before 10:00am ONLY)
WEEKEND DROP OFF HOURS: 8:00am – 10:00am (may pick up from boarding)
WEEKEND PICK UP HOURS: 3:00pm – 5:00pm

GROOMING:

MONDAY- FRIDAY: MONDAY- FRIDAY: 8:00am-5:00pm (by appointment ONLY)

FRAMINGHAM, MA

	

847 Edgell Rd. Unit 5, Framingham, MA 01701


	

CALL: (508) 521-8020


	

TEXT: (417) 739-0504

GROOMING:

TUESDAY: 9:00am – 5:00pm
WEDNESDAY - SATURDAY: 8:00am – 4:00pm

2026 © Tail Waggerz Pet Care
Designed by Sentient"
St Dog Pet Salon,2026-09-22,4.9,4.9 stars,Pet groomer,"372 Watertown St, Newton, MA 02458, United States",+1 617-244-0127,https://stdogpetsalon.com/,"9Q6X+5G Newton, Massachusetts, USA",,added,False,False,info@stdogpetsalon.com,"HOME
SERVICES
ABOUT
FAQS
CONTACT
Book an Appointment
Where Style Meets Comfort for Your Pet
Premium Grooming & Spa Care in Massachusetts Tailored. Gentle. Luxurious.
Book an Appointment
View Services
Transparent pricing. Fear-free techniques. Personalized care.
Our Services
Bath & Blow-Dry

Gentle cleansing with premium shampoos, followed by careful drying and brushing.

Haircut & Styling

Breed-standard or custom cuts designed to highlight your pet’s natural charm.

Cat Grooming

Specialized grooming for cats, including gentle bathing, trimming, and coat care tailored to feline needs.

Deshedding Treatments

Advanced coat care to reduce shedding and promote a healthier skin & coat.

Nail Trimming & Paw Care

Quick, precise trims plus hydrating paw balms for soft, happy paws.

Ear Cleaning & Sanitary Trim

Essential hygiene to keep your pet fresh and comfortable.

Puppy’s First Spa

A soft, patient introduction to grooming for a lifetime of positive experiences.

Fear-Free Grooming

A calm, trust-building approach — ideal for anxious or sensitive pets.

View Full Menu & Pricing
Chauffeur for Your Pet
Busy day? We’ll take it from here.

Our Pick-Up & Drop-Off Service ensures your pet travels comfortably and arrives stress-free — returning home feeling refreshed and fabulous.
Check Availability
Our Happy Clients
From scruffy to stunning — a glimpse of the transformations we lovingly craft every day.
Visit Our Instagram
A closer look at our daily work, transformations, and behind-the-scenes care.
See more on Instagram
Follow @stdogpetsalon
What Pet Parents Say
Happy Tails, Happy Clients.
Give your review
FAQs
How long does a grooming session take?
Do you groom cats?
Do you accept walk-ins?
View all FAQs
Book an Appointment
Ready for a spa day? Schedule your pet’s session in just a few clicks.
Schedule Now
Get in Touch
Have questions? We’re here to help.
Phone:

+1 617-244-0127

Email:

info@stdogpetsalon.com

Address:

372 Watertown St, Newton, MA 02458, United States

Name 
Email 
Phone 
What time would you prefer to be contacted? 
Additional comments or message: 
Send a Message
If you don’t find your preferred time, call us — we’ll do our best to accommodate you.
ST Dog Pet Salon — Where Pets Shine
Quick Links:
Home
Services
About
FAQs
Contact
Social:
Facebook
 
Instagram
 
Google
Legal:
Terms of Service
Privacy Policy

Copyright © ST Dog Pet Salon.

Developed by VBS Group.

All rights reserved."
The Doggy Port South Boston,2026-09-22,,,Pet groomer,"54 Old Colony Ave, Boston, MA 02127, United States",+1 617-564-4686,https://thedoggyport.com/,"8WPV+MM Boston, Massachusetts, USA",,added,False,False,continental@thedoggyport.com,"Skip to main content
Home
About Us
Our Locations
Mobile
Services
Blog
Contact
Call or Text Us
(617) 564-4686
Facebook
 
Instagram
 
Tiktok
BOOK NOW
JOIN OUR VIP LIST
JOIN OUR VIP LIST
JOIN OUR VIP LIST
ABOUT US​

The Doggy Port LLC was created out of the love and admiration we have for our little ones. We wanted to create a cozy, friendly, and safe second home for our fluffy friends; through their experiences, smiles, barks of joy, and play dates with other adorable friends.

Satisfied Fur Friends
3
k
Years Of Experience
7
+
Expert Care.​
Expert Service.​

We provide the highest quality of care to your pet and strive to achieve the results to your satisfaction. Our highly trained professionals bring years of experience to our business while providing compassion, patience, and safety to your pet.

Book Now
Welcome to The Doggy Port – Where Every Tail Wags with Joy!
Grooming
Top-tier styling, hygienic care, and a calm, stress-free vibe for every breed. Personalized attention, polished results—and happier, wagging tails every time.
Learn More
Daycare
Your pup’s home away from home! Enjoy playtime, walks, and new furry friends while you're away.  Personalized care and tasty food options available.
Learn More
Dog Walks
Busy day? Let The Doggy Port handle your dog walks! Enjoy tailored service, daily photos, and updates, keeping your pup happy and you, informed!
Learn More
Overnight Boarding
Cozy stays, snuggles, and space to snooze. Sweet dreams! Heads up: Boarding is available at our West Roxbury location only.
Learn More
Price List
Our Policies
Book Today!

Let your dog enjoy the best care, play, and pampering at The Doggy Port!

Check Our Instagram
thedoggyport
 Can you imagine your dog looking THIS good with
Caught Windsor enjoying another day at daycare! 
 Grooming day without the traffic, the stress, o
A big backyard + lots of friends = the ultimate da
POV: You’re spending the day at The Doggy Port! 
 Look who’s looking pawsitively fabulous!  Lit
Fall cozy vibes have officially arrived at The Dog
 Luxury grooming, right at your doorstep!  Why
Load More
  Follow on Instagram
Adrienne Wilson
3 weeks ago
Hazel LOVES her grooming sessions at the doggy port. she always looks gorgeous and smells so good. We will be back, specifically for Juan, but the whole team is fabulous!
Deborah Banks
3 weeks ago
I am so comfortable leaving my Lovey At the Doggyport in West Roxbury. I feel she is safe and secure while under their care. Highly recommend them.
Phyllis Deleidi
a month ago
I am new to the area and I was in search of a new groomer for my mini Australian shepherd groomed. I couldn’t be happier with the results! Great job done by Valentina!
Monicellia Pruitt
a month ago
Great service!  My dogs love to go there and that’s important to me.
nancy friedlander hosken
a month ago
Our mini dox Maple, looked wonderful after her shave and trim.Juan handled her with love.We've been to The Doggy Port in the past.We hate happy with the service and the environment.
Suzanna Clark
3 months ago
We’ve been taking our dog, Lester, to Juan for a while now. He’s the absolute best!  He always seems happy to see Lester, and Lester is always clean and nails are trimmed well. Les doesn’t like to have his nails trimmed and Juan is so patient with him and he sometimes even provides these adorable pictures!
RiverEducational Consulting
3 months ago
Farley is not an easy dog- it’s fighting chihuahua style. Yet, the crew at DoggyPort were fantastic with him! They were able to wrangle the mighty little one with ease! Thank you!!
scott gorham
3 months ago
The Doggy Port Is the best groomer in Boston and Juan, my dog Bella’s groomer, is world class! As you can see from the pictures, Juan turns Bella from bow to wow!
Michelle Fonseca
5 months ago
I’m very disappointed with my experience.I specifically requested a sanitary trim, expecting the belly and anal areas to be trimmed, but nothing was done. I was still charged $80 for grooming, which I find unreasonable given the service provided.On top of that, it took 2 hours and 30 minutes for what was supposed to be just a bath, and my dog was returned with the area behind the ears and the neck still wet.Overall, this was my first visit and unfortunately will be my last.
Jenn Gillis
6 months ago
My 14 year-old Shih Tzu is near impossible to groom. We've had difficulties over the years and a lot of groomers in the area will not take her. Jhenifer at Doggy Port is so kind and patient, and was able to get my matted, dirty, unable to ser, ungroomable dog perfectly cleaned and spiffied up! My dog is happy, feels so much better and looks amazing!  Jhenifer is a truly a Godsend!!! She deserves way more than 5 stars!!!  I highly recommend her and Doggy Port!!
Contact Us
236 Sumner St, East Boston MA 02128
1729 Centre Street, West Roxbury MA 02132
64 Leominster Rd Sterling MA 01564
646 Ocean Ave, Revere, MA, 02151
Skip the computer work
We create a Gingr account for you!
The Doggy Port
Facebook
 
Instagram
 
Tiktok

Phone: (617) 564-4686
Email: info@thedoggyport.com

BOOK NOW"
The Doggy Port South Boston,2026-09-22,,,Pet groomer,"54 Old Colony Ave, Boston, MA 02127, United States",+1 617-564-4686,https://thedoggyport.com/,"8WPV+MM Boston, Massachusetts, USA",,added,False,False,info@thedoggyport.com,"Skip to main content
Home
About Us
Our Locations
Mobile
Services
Blog
Contact
Call or Text Us
(617) 564-4686
Facebook
 
Instagram
 
Tiktok
BOOK NOW
JOIN OUR VIP LIST
JOIN OUR VIP LIST
JOIN OUR VIP LIST
ABOUT US​

The Doggy Port LLC was created out of the love and admiration we have for our little ones. We wanted to create a cozy, friendly, and safe second home for our fluffy friends; through their experiences, smiles, barks of joy, and play dates with other adorable friends.

Satisfied Fur Friends
3
k
Years Of Experience
7
+
Expert Care.​
Expert Service.​

We provide the highest quality of care to your pet and strive to achieve the results to your satisfaction. Our highly trained professionals bring years of experience to our business while providing compassion, patience, and safety to your pet.

Book Now
Welcome to The Doggy Port – Where Every Tail Wags with Joy!
Grooming
Top-tier styling, hygienic care, and a calm, stress-free vibe for every breed. Personalized attention, polished results—and happier, wagging tails every time.
Learn More
Daycare
Your pup’s home away from home! Enjoy playtime, walks, and new furry friends while you're away.  Personalized care and tasty food options available.
Learn More
Dog Walks
Busy day? Let The Doggy Port handle your dog walks! Enjoy tailored service, daily photos, and updates, keeping your pup happy and you, informed!
Learn More
Overnight Boarding
Cozy stays, snuggles, and space to snooze. Sweet dreams! Heads up: Boarding is available at our West Roxbury location only.
Learn More
Price List
Our Policies
Book Today!

Let your dog enjoy the best care, play, and pampering at The Doggy Port!

Check Our Instagram
thedoggyport
 Can you imagine your dog looking THIS good with
Caught Windsor enjoying another day at daycare! 
 Grooming day without the traffic, the stress, o
A big backyard + lots of friends = the ultimate da
POV: You’re spending the day at The Doggy Port! 
 Look who’s looking pawsitively fabulous!  Lit
Fall cozy vibes have officially arrived at The Dog
 Luxury grooming, right at your doorstep!  Why
Load More
  Follow on Instagram
Adrienne Wilson
3 weeks ago
Hazel LOVES her grooming sessions at the doggy port. she always looks gorgeous and smells so good. We will be back, specifically for Juan, but the whole team is fabulous!
Deborah Banks
3 weeks ago
I am so comfortable leaving my Lovey At the Doggyport in West Roxbury. I feel she is safe and secure while under their care. Highly recommend them.
Phyllis Deleidi
a month ago
I am new to the area and I was in search of a new groomer for my mini Australian shepherd groomed. I couldn’t be happier with the results! Great job done by Valentina!
Monicellia Pruitt
a month ago
Great service!  My dogs love to go there and that’s important to me.
nancy friedlander hosken
a month ago
Our mini dox Maple, looked wonderful after her shave and trim.Juan handled her with love.We've been to The Doggy Port in the past.We hate happy with the service and the environment.
Suzanna Clark
3 months ago
We’ve been taking our dog, Lester, to Juan for a while now. He’s the absolute best!  He always seems happy to see Lester, and Lester is always clean and nails are trimmed well. Les doesn’t like to have his nails trimmed and Juan is so patient with him and he sometimes even provides these adorable pictures!
RiverEducational Consulting
3 months ago
Farley is not an easy dog- it’s fighting chihuahua style. Yet, the crew at DoggyPort were fantastic with him! They were able to wrangle the mighty little one with ease! Thank you!!
scott gorham
3 months ago
The Doggy Port Is the best groomer in Boston and Juan, my dog Bella’s groomer, is world class! As you can see from the pictures, Juan turns Bella from bow to wow!
Michelle Fonseca
5 months ago
I’m very disappointed with my experience.I specifically requested a sanitary trim, expecting the belly and anal areas to be trimmed, but nothing was done. I was still charged $80 for grooming, which I find unreasonable given the service provided.On top of that, it took 2 hours and 30 minutes for what was supposed to be just a bath, and my dog was returned with the area behind the ears and the neck still wet.Overall, this was my first visit and unfortunately will be my last.
Jenn Gillis
6 months ago
My 14 year-old Shih Tzu is near impossible to groom. We've had difficulties over the years and a lot of groomers in the area will not take her. Jhenifer at Doggy Port is so kind and patient, and was able to get my matted, dirty, unable to ser, ungroomable dog perfectly cleaned and spiffied up! My dog is happy, feels so much better and looks amazing!  Jhenifer is a truly a Godsend!!! She deserves way more than 5 stars!!!  I highly recommend her and Doggy Port!!
Contact Us
236 Sumner St, East Boston MA 02128
1729 Centre Street, West Roxbury MA 02132
64 Leominster Rd Sterling MA 01564
646 Ocean Ave, Revere, MA, 02151
Skip the computer work
We create a Gingr account for you!
The Doggy Port
Facebook
 
Instagram
 
Tiktok

Phone: (617) 564-4686
Email: info@thedoggyport.com

BOOK NOW"
Happy Paws Boston,2026-09-22,5.0,5.0 stars,Dog walker,"375 W Broadway, South Boston, MA 02127, United States",+1 617-447-0110,http://www.happypawsboston.com/,"8XQ2+26 South Boston, Boston, MA, USA",,added,False,False,info@happypawsboston.com,"Skip to Content
Home
About Us
Meet The Pack
Services & Rates
Testimonials
Blog
Contact
Training Based South Boston Dog Walking

Happy Paws Pet Care in South Boston puts the fun back in having pets!
Whether you’re looking for training or dog walking services, 
we’ve got you covered.  

Schedule Free Consultation
Dependable Care For Your Four Legged Family Members
Training
Dog Walking
Client Portal

Our pet sitting, dog walking, behavior training, and pet concierge services, are all customized to meet your needs. Our promise is to make your life easier and to give you the peace of mind to focus on what’s most important: Spending time with your beloved pets.

South Boston Dog Walker, Dog Walking South Boston, Dog Walker Southie, Insured Dog walker South Boston

Let us Help

Have you ever postponed a vacation because you didn’t want to leave your pets behind or worried about your canine being alone while you work long hours?

That's why we offer the best dog walking service South Boston, MA has to offer. Often times owning a pet can cause feelings of guilt, worry, and fear.  After all, who will care for your pets like you do, right?

Learn More

Our Promise

Being a pet parent shouldn’t be stressful – and now it doesn’t have to be!

We care for your pets as we do our own four-legged family members, providing them with the same love, high-quality care, and attention they receive from you.

Meet the Pack
See Us in Action

(South Boston dogs in action, that is.)

Follow us on Instagram

Become a valued PAWTNER today! Call us to schedule a free consultation to learn more about how our dog walking and training services can help you or to reserve a pet sitting or pet concierge session.

 Call us at: (617)447-0110 
Schedule Meet and Greet
Contact us

info@happypawsboston.com
(617)447-0110

376 W Broadway 
Boston, MA 02127

Name
First Name
(required)
Last Name
(required)
Email
(required)
Message
(required)
Send
Find dog walking services near you - we’re in South Boston, MA! 

Call Us:

(617) 447 0110

376 W Broadway

Boston, MA 02127 "
Boston's Best Dog Walkers And Pet Services,2026-09-22,5.0,5.0 stars,Dog walker,"168 Neponset Ave, Boston, MA 02122, United States",+1 857-312-0746,https://bostonsbestdogwalkers.com/,"7WVX+6P Boston, Massachusetts, USA",,added,False,False,elias@holamicasa.com,"Skip to content
Sign In
Services
Blog
Train & Play
Features
Portal
Testimonials
Locations
Join Our Team
Partners
Contact
BOSTON'S BEST DOG WALKERS
AND PET SERVICES

Reliable and affordable care on a flexible schedule

Learn More
Fully Automated

Your one stop shop to book services, communicate with your pet's care provider, GPS track a walk, pay a bill, see pictures, or read journal entries.

Wondering where your dog walker is? With our new web portal and app, you can see in real time! Not only that but we'll give you pictures of your pet, and journal entries describing how the experience went. To make life easier, you can also see and schedule our services and set up automatic bill payments.

Read More
ABOUT BOSTON'S BEST DOG WALKERS

For more than 15 years, Boston’s Best Dog Walkers has helped busy pet parents give their dogs the exercise, attention, and care they deserve. 

 

From daily walks and structured daycare to boarding, training, and hiking adventures, we provide dependable pet care that gives you peace of mind.

 

Proudly serving Boston, Quincy, Milton, and nearby communities.

 

WHY PET PARENTS CHOOSE US

GPS-Tracked Walks

Follow every walk with GPS tracking for added transparency and peace of mind.

 

24/7 Service

Flexible pet care when you need it most, from daily walks to boarding and more.

 

Safety Comes First

Our First Aid and CPR-certified team puts your dog’s safety and well-being first.

OUR SERVICES
Bark Bus
Train & Play
Play Groups
Boarding
Training
Cat Visits
All Services
What Our Clients Say
Since I've been using Bostons Best its made me and my dogs life way easier!! There staff is VERY knowledgeable with dog training,dog care,dog wellness and are very friendly.
Cindy Grant-Hester
Chelsea
So friendly and they take such good care of my pitbulls. I live near Seaport Boston and was so happy to find this dog walking company. Sometimes my dogs attend the play groups and they love it! They get to interact with other dogs and run around. Love Boston's best dog walkers and so do my dogs!
Justin D.
Boston, MA
Bostons's Best Dog Walkers has been a GOD send. I've never had a problem with them since I've used them.
Eurisa Tolentino
Marina Bay
Since I've been using Bostons Best its made me and my dogs life way easier!! There staff is VERY knowledgeable with dog training,dog care,dog wellness and are very friendly.
Cindy Grant-Hester
Chelsea
So friendly and they take such good care of my pitbulls. I live near Seaport Boston and was so happy to find this dog walking company. Sometimes my dogs attend the play groups and they love it! They get to interact with other dogs and run around. Love Boston's best dog walkers and so do my dogs!
Justin D.
Boston, MA
See More Testimonials
Class is in session

Our structured train and play school is held daily at our new location: 168 Neponset Ave, Boston.

See Our Schedule

We are a team of Greater Boston pet care professionals. GPS Tracking, Reliable, Experienced, Affordable, Full service 24/7 pet care solutions on a flexible schedule is what makes us Boston’s Best Dog Walkers and Pet Services®, LLC

Links
Sign In
Services
Blog
Train & Play
Features
Portal
Testimonials
Locations
Join Our Team
Partners
Contact
Contact
Phone

857 312 0746


Location

Boston, MA

Email

info@bostonsbestdogwalkers.com

Boston's Best Dog Walkers And Pet Services, LLC 2026 All Rights Reservered

Terms & Conditions

Privacy Policy"
Boston's Best Dog Walkers And Pet Services,2026-09-22,5.0,5.0 stars,Dog walker,"168 Neponset Ave, Boston, MA 02122, United States",+1 857-312-0746,https://bostonsbestdogwalkers.com/,"7WVX+6P Boston, Massachusetts, USA",,added,False,False,info@bostonsbestdogwalkers.com,"Skip to content
Sign In
Services
Blog
Train & Play
Features
Portal
Testimonials
Locations
Join Our Team
Partners
Contact
BOSTON'S BEST DOG WALKERS
AND PET SERVICES

Reliable and affordable care on a flexible schedule

Learn More
Fully Automated

Your one stop shop to book services, communicate with your pet's care provider, GPS track a walk, pay a bill, see pictures, or read journal entries.

Wondering where your dog walker is? With our new web portal and app, you can see in real time! Not only that but we'll give you pictures of your pet, and journal entries describing how the experience went. To make life easier, you can also see and schedule our services and set up automatic bill payments.

Read More
ABOUT BOSTON'S BEST DOG WALKERS

For more than 15 years, Boston’s Best Dog Walkers has helped busy pet parents give their dogs the exercise, attention, and care they deserve. 

 

From daily walks and structured daycare to boarding, training, and hiking adventures, we provide dependable pet care that gives you peace of mind.

 

Proudly serving Boston, Quincy, Milton, and nearby communities.

 

WHY PET PARENTS CHOOSE US

GPS-Tracked Walks

Follow every walk with GPS tracking for added transparency and peace of mind.

 

24/7 Service

Flexible pet care when you need it most, from daily walks to boarding and more.

 

Safety Comes First

Our First Aid and CPR-certified team puts your dog’s safety and well-being first.

OUR SERVICES
Bark Bus
Train & Play
Play Groups
Boarding
Training
Cat Visits
All Services
What Our Clients Say
Since I've been using Bostons Best its made me and my dogs life way easier!! There staff is VERY knowledgeable with dog training,dog care,dog wellness and are very friendly.
Cindy Grant-Hester
Chelsea
So friendly and they take such good care of my pitbulls. I live near Seaport Boston and was so happy to find this dog walking company. Sometimes my dogs attend the play groups and they love it! They get to interact with other dogs and run around. Love Boston's best dog walkers and so do my dogs!
Justin D.
Boston, MA
Bostons's Best Dog Walkers has been a GOD send. I've never had a problem with them since I've used them.
Eurisa Tolentino
Marina Bay
Since I've been using Bostons Best its made me and my dogs life way easier!! There staff is VERY knowledgeable with dog training,dog care,dog wellness and are very friendly.
Cindy Grant-Hester
Chelsea
So friendly and they take such good care of my pitbulls. I live near Seaport Boston and was so happy to find this dog walking company. Sometimes my dogs attend the play groups and they love it! They get to interact with other dogs and run around. Love Boston's best dog walkers and so do my dogs!
Justin D.
Boston, MA
See More Testimonials
Class is in session

Our structured train and play school is held daily at our new location: 168 Neponset Ave, Boston.

See Our Schedule

We are a team of Greater Boston pet care professionals. GPS Tracking, Reliable, Experienced, Affordable, Full service 24/7 pet care solutions on a flexible schedule is what makes us Boston’s Best Dog Walkers and Pet Services®, LLC

Links
Sign In
Services
Blog
Train & Play
Features
Portal
Testimonials
Locations
Join Our Team
Partners
Contact
Contact
Phone

857 312 0746


Location

Boston, MA

Email

info@bostonsbestdogwalkers.com

Boston's Best Dog Walkers And Pet Services, LLC 2026 All Rights Reservered

Terms & Conditions

Privacy Policy"
The Pooped Pooch Pet Supply,2026-09-22,4.9,4.9 stars,Pet supply store,"2284 Dorchester Ave, Boston, MA 02124, United States",+1 617-322-3183,http://thepoopedpooch.com/,"7WFJ+2V Boston, Massachusetts, USA",,added,False,False,,"Skip to Main Content

HOME

SERVICES

STORE

CONTACT

THE BLOG

DAYCARE: 617.755.3288 - 33 Norwood St, 02122

LOWER MILLS STORE: 617.322.3183 - 2284 Dorchester Ave.

SAVIN HILL STORE: 617.514.3745 - 117 Savin Hill Ave. 

INTAKE FORM
CLIENT PORTAL

Providing quality pet care services to Lower Mills, Dorchester, South Boston, and Marina Bay.

​

We treat your pet like our own.

ONLINE SHOPPING AVAILABLE WITH AN EXPANDED DELIVERY AREA!
Click Here

Now offering delivery to Dorchester, South Boston, Quincy, Milton, Roxbury, Roslindale, and JP!

​

ABOUT US

Mark Armour (founder & co-owner), originally from Belfast, Ireland, settled in Boston in 1998 after traveling the world for years. He has worn many hats in his lifetime – chef, bricklayer, travel agent, skydiving instructor, and restaurant manager, to name a few. Check out his blog Here!

 

Mark Walter (co-owner & operations manager), originally from North Carolina, moved to the Boston area in 1997 to attend graduate school for violin performance. He never even started the program, though – sheer panic about the musician’s life forced him to pack up his instrument and go to work behind the scenes of various arts organizations.

​

The pair moved to Dorchester in 2005. When Mark A’s brother- and sister-in-law needed help with their Watertown/Belmont dog-walking company, Active Paws, he assisted them for a couple of weeks. He quickly realized he had found his life’s passion and decided to bring quality dog walking to Dorchester & South Boston. The Pooped Pooch grew exponentially, and Mark W was onboard within a year, both taking care of pets and running the business side of things.

​

After years of caring for animals, the Marks have accumulated a good amount of knowledge about the pet food industry.  Thus was born The Pooped Pooch Pet Supply, now located in both Lower Mills and Savin Hill. The focus of the stores is on natural and holistic pet products, and the Marks are stocking the small shops full of healthy and fun items that were previously unavailable on a local level.

TESTIMONIALS
Gallery

© 2020 by The Pooped Pooch. Proudly created by Cem Senocak

TOP"
Paws On Charles,2026-09-22,4.8,4.8 stars,Pet supply store,"123 Charles St, Boston, MA 02114, United States",+1 617-936-4163,https://www.pawsoncharles.com/,"9W5H+WQ Boston, Massachusetts, USA",,added,False,False,pawsoncharles123@gmail.com,"Skip to Content
SELECT BRANDS
CONTACT US
Now Open!

We offer a wide range of treats and food, leashes and collars, apparel and toys. See a select list of brand below or stop in to check out our full selection!

VIEW SELECT BRANDS 🐾

Follow

Instagram

Hours

Monday – Saturday
10am – 6pm

Sunday                                                                                                                                                                                                        11am - 5pm                                                               




Paws on Charles

123 Charles St 
Boston, MA 02114
P: 617-936-4163

pawsoncharles123@gmail.com"
Hungry Tails,2026-09-22,4.7,4.7 stars,Pet supply store,"147 Maverick St, Boston, MA 02128, United States",+1 610-212-5314,https://hungrytailseb.com/,"9X96+WJ Boston, Massachusetts, USA",,added,False,False,hungrytailseb@gmail.com,"Skip to content
Home
Shop
Deliveries
×
Home
Shop
Deliveries
Rewards
Community
Contact Us
×
Rewards
Community
Contact Us
The East Boston destination for all your BFF’s needs

Our pet store offers the best healthy food, natural treats, quality toys and the best selection of dogs and cats supplies

Check out our stock!
Shop Supplies By Type
Dogs
Cats
Health
Small Pets
Humans
What's new on the blog?
Embracing the Raw Diet for Pets: Pros, Cons, and Getting Started
As pet owners, we always want the best for our furry companions. One way to ensure their optimal health and well-being is through their diet. Over the years, raw diets for pets have gained popularity, and for good reason. But before diving in, it’s essential to understand the pros and cons, how to introduce a…
Read More →
Deciphering the Code: Understanding Pet Food Labels
Navigating the world of pet food labels can feel akin to cracking an ancient code. With their distinct layout, these labels diverge significantly from the familiar nutrition labels on human foods, packing a wealth of information into a compact space. This can leave many pet parents scratching their heads, wondering how to choose the best…
Read More →
Winter Pet Care: Essentials and Tips
As the temperature drops and the snow starts to fall, it’s important to remember that our furry friends need a little extra care during the winter months. Winter pet care is crucial to ensure your pets stay safe, warm, and healthy. In this blog, we’ll explore some winter pet care essentials and tips to help…
Read More →
Mysterious Illness Affecting Dogs in the North East: What You Need to Know
We understand that your furry companions are an integral part of your lives, and their well-being is of utmost importance to you. We want to keep you informed about a concerning situation that has been affecting dogs in the North East and beyond. A mysterious respiratory illness has been sickening dogs across several states in…
Read More →
November is National Senior Pet Month!
As our beloved pets enter their golden years, their needs evolve like ours. Senior pets are generally considered dogs and cats over the age of 7, requiring more attention and specialized care to live comfortably and healthily. Here are some tips, product recommendations, and care advice to ensure our aging furry friends stay happy and…
Read More →
Nutrition for Pets: Fall Edition
As we transition into the cooler months of autumn, the change in season often brings a shift in our diets. Pumpkin spice lattes and apple pies started appearing on our tables, but what about our furry friends? In this blog, we’ll dive into some nutritional tips for your pets this fall season. Seasonal foods are…
Read More →
Reach Out to Us

To learn more about our selection of pet essentials, don’t hesitate to contact us today. You can count on us to help you with all your pet shop needs.

Send Us a Message

10:00 AM - 7:00 PM Daily

147 Maverick St
Boston, MA 02128

(610) 212-5314

hungrytailseb@gmail.com

Subscribe
Categories
Dogs
Cats
Health & Wellness
Small Pets
For Humans
Store Links
Cart
Checkout
My Account
Site Links
Home
Shop
Rewards
Deliveries
Community
Contact Us
Terms of Service

Created with ❤ by RoDojo

© 2026 Hungry Tails. All Rights Reserved."
Hungry Tails,2026-09-22,4.7,4.7 stars,Pet supply store,"147 Maverick St, Boston, MA 02128, United States",+1 610-212-5314,https://hungrytailseb.com/,"9X96+WJ Boston, Massachusetts, USA",,added,False,False,john@gmail.com,"Skip to content
Home
Shop
Deliveries
×
Home
Shop
Deliveries
Rewards
Community
Contact Us
×
Rewards
Community
Contact Us
The East Boston destination for all your BFF’s needs

Our pet store offers the best healthy food, natural treats, quality toys and the best selection of dogs and cats supplies

Check out our stock!
Shop Supplies By Type
Dogs
Cats
Health
Small Pets
Humans
What's new on the blog?
Embracing the Raw Diet for Pets: Pros, Cons, and Getting Started
As pet owners, we always want the best for our furry companions. One way to ensure their optimal health and well-being is through their diet. Over the years, raw diets for pets have gained popularity, and for good reason. But before diving in, it’s essential to understand the pros and cons, how to introduce a…
Read More →
Deciphering the Code: Understanding Pet Food Labels
Navigating the world of pet food labels can feel akin to cracking an ancient code. With their distinct layout, these labels diverge significantly from the familiar nutrition labels on human foods, packing a wealth of information into a compact space. This can leave many pet parents scratching their heads, wondering how to choose the best…
Read More →
Winter Pet Care: Essentials and Tips
As the temperature drops and the snow starts to fall, it’s important to remember that our furry friends need a little extra care during the winter months. Winter pet care is crucial to ensure your pets stay safe, warm, and healthy. In this blog, we’ll explore some winter pet care essentials and tips to help…
Read More →
Mysterious Illness Affecting Dogs in the North East: What You Need to Know
We understand that your furry companions are an integral part of your lives, and their well-being is of utmost importance to you. We want to keep you informed about a concerning situation that has been affecting dogs in the North East and beyond. A mysterious respiratory illness has been sickening dogs across several states in…
Read More →
November is National Senior Pet Month!
As our beloved pets enter their golden years, their needs evolve like ours. Senior pets are generally considered dogs and cats over the age of 7, requiring more attention and specialized care to live comfortably and healthily. Here are some tips, product recommendations, and care advice to ensure our aging furry friends stay happy and…
Read More →
Nutrition for Pets: Fall Edition
As we transition into the cooler months of autumn, the change in season often brings a shift in our diets. Pumpkin spice lattes and apple pies started appearing on our tables, but what about our furry friends? In this blog, we’ll dive into some nutritional tips for your pets this fall season. Seasonal foods are…
Read More →
Reach Out to Us

To learn more about our selection of pet essentials, don’t hesitate to contact us today. You can count on us to help you with all your pet shop needs.

Send Us a Message

10:00 AM - 7:00 PM Daily

147 Maverick St
Boston, MA 02128

(610) 212-5314

hungrytailseb@gmail.com

Subscribe
Categories
Dogs
Cats
Health & Wellness
Small Pets
For Humans
Store Links
Cart
Checkout
My Account
Site Links
Home
Shop
Rewards
Deliveries
Community
Contact Us
Terms of Service

Created with ❤ by RoDojo

© 2026 Hungry Tails. All Rights Reserved."
No Bones About It,2026-09-22,4.3,4.3 stars,Pet groomer,"1786 Beacon St, Brookline, MA 02445, United States",+1 617-277-2627,http://www.nobonesaboutitbrookline.com/,"8VQ4+5W Brookline, Massachusetts, USA",,added,False,False,,"Call us Now: 617-277-2627

HOME
PET SERVICES
DOGGY DAY CARE
GROOMING
PRIVATE TRAINING
TREATS & SUPPLIES
Food And Special Diets
ABOUT US
GALLERY
CONTACT US

NOW ACCEPTING DOGGIE DAY CARE CLIENTS

A FRIENDLY & FUN ENVIRONMENT FOR YOUR PETS

We Groom Toys to Giants! Come Join Our Pack!

Experienced & Compassionate Pet Daycare &
﻿Grooming Services

Welcome to No Bones About It! We know how much you love your pets and we feel the same way too. We have been owner/operated providing quality doggie day care and pet grooming services since 2001 with over 30 years’ experience in the field. Our facility is conveniently located in Brookline, Massachusetts and we offer services for dogs of all sizes, from toys to giants. In addition to our day care and grooming services, we also have a wide retail selection of all-natural dog and cat food, treats, toys, and other supplies to make every pet happy! Call us today to find out more or to schedule your appointment at 617-277-2627.

Services We Offer

Day Care

We have an experienced and knowledgeable staff to ensure that your dog receives the best treatment when they stay with us.

Grooming

We offer quality and friendly dog grooming services. To provide even more convenience we offer Do-It-Yourself Dog Washes.

Treat & Supplies

When you need that special treat or product for your pet, we have a great selection from the leading brands in the industry.

Why Choose Us

Over 30 Years of Experience

Friendly & Compassionate Staff

Large & Small Breeds

Certified & Trained Groomers

Walking Included with Day Care

See What Our Clients Are Saying
HOME
PET SERVICES
HOME
TREATS & SUPPLIES
ABOUT US
GALLERY
CONTACT US

Phone: 617-277-2627

Business Hours: Monday – Friday 7:30 am – 7:00 pm

Saturday & Sunday Closed (Subject to Change)

Content, including images, displayed on this website is protected by copyright laws. Downloading, republication, retransmission or reproduction of content on this website is strictly prohibited. Terms of Use| Privacy Policy
Share by:"
Mimados Pet Grooming - Waltham,2026-09-22,4.8,4.8 stars,Pet groomer,"463 Main St, Waltham, MA 02452, United States",+1 781-894-7297,http://www.mimadospetgrooming.com/,"9QGC+W7 Waltham, Massachusetts, USA",,added,False,False,newton@mimadospetgrooming.com,"HOME
ABOUT US
OUR SERVICES
BOOK NOW – NEWTON, MA
BOOK NOW – WALTHAM, MA
OUR SERVICES
Bath & Brush
Bath, blow dry, nails trim, ear and eye cleaning, sanitary
trim, paw & pad trim, bandana/bow and cologne.
Bath & Haircut
Bath, blow dry, full haircut, nails trim, ear and eye
cleaning, sanitary trim, bandana/bow and cologne.
Teeth brushing
Keep your dog's teeth clean and prevent tartar and
dental disease.
nails trim
Trim your dog's and cat's nails to prevent crooked
footsteps and scratches.
cat day
Cat Grooming, de-shedding & nails trim.
Call and learn more.
more
... and much more!
Contact us for more information

At Mimados, we believe grooming should be a positive and enjoyable experience for every pet. The name “Mimados” means “pampered” in Portuguese—and that’s exactly the experience we strive to provide every day.
My name is Hiago Loiola, and I have been professionally grooming pets for over 13 years. My journey began in 2012, when I was just 15 years old. My mother, a dedicated entrepreneur and one of the strongest people I have ever known, encouraged me to pursue this profession and inspired my love and respect for animals. She taught me the values that continue to guide me today: hard work, perseverance, integrity, and the importance of treating every living being with kindness.
When I moved to the United States in 2021, I carried those lessons with me. After my mother’s unexpected passing in 2022, I was determined to honor her legacy by building something that reflected the values she worked so hard to instill in me. One year later, with the help of a special friend who trusted in my values ​​and knowledge, I opened the first Mimados location.
Today, Mimados is more than a grooming salon—it’s a place where pets are treated like family. We proudly offer a cage-free environment designed to help pets feel comfortable, relaxed, and at home. Whether your pet enjoys socializing and playing or needs a quieter, private space, we tailor our care to their individual personality and needs.
Our mission is simple: to provide exceptional grooming services while creating a safe, loving, and stress-free experience for every pet that walks through our doors.
At Mimados, your furry family members receive the same level of care, patience, and dedication that has guided me throughout my career and continues to inspire everything we do.
We look forward to welcoming you and your pet to the Mimados family.

BOOK NOW
Choose your location
WHAT OUR CLIENTS SAY
Amazing experience! From the moment I walked in, I was greeted with a smile. Seemed that the people grooming enjoyed what they were doing. Gentlemen in the back was smiling while doing his job. Wonderful lady ask if I like the outcome of the grooming. Thank you
Valerie Zuniga
★★★★★
Mimados was highly recommended to us. Booking was easy and the staff was nice. Their place was big, clean, and fun for the dogs. Additionally, they don’t put the dogs in crates while waiting, they allow them to go free and play (if they get along with other dogs). They did a good job on his hair and managed to cut his nails. They also gave him breaks in between the steps of the grooming process. He came out happy and clean. We would come back.
Meg Lederman
★★★★★
First time taking my pup to the groomers and when I got there is looked like a little day care I loved that! The staff was amazingly nice and helpful. The end result was absolutely adorable! We already rebooked our next appointment
Danielle Johnson
★★★★★
Mimados and the staff were great with my cat! They do appointments for cats only on Monday, but the process for dropping him off and picking up was so easy. They gave him a good dry shampoo, cleaned out his ears and cut his nails. Money well spent, and we will definitely go back!!
Heidi Visocchi
★★★★★
Same great service as the Waltham location and they always take the best care of my 2 Great Pyrenees! My dogs always seem happy and well cared for when I come to pick them up! Highly recommend!
Emily Bartolomeo
★★★★★
Amazing experience! From the moment I walked in, I was greeted with a smile. Seemed that the people grooming enjoyed what they were doing. Gentlemen in the back was smiling while doing his job. Wonderful lady ask if I like the outcome of the grooming. Thank you
Valerie Zuniga
★★★★★
Mimados was highly recommended to us. Booking was easy and the staff was nice. Their place was big, clean, and fun for the dogs. Additionally, they don’t put the dogs in crates while waiting, they allow them to go free and play (if they get along with other dogs). They did a good job on his hair and managed to cut his nails. They also gave him breaks in between the steps of the grooming process. He came out happy and clean. We would come back.
Meg Lederman
★★★★★
Highly recommend! I’ve had different experiences with grooming salons around MA, but this one is definitely the best! My puppy has never looked better before  and the salon itself, staff, service — amazing!
Anna Sokolova
★★★★★
The best grooming salon I’ve been to! Clean, safe and welcoming atmosphere. The staff is professional, knowledgeable and caring; excellent groomers! They went above and beyond to make my Duke feel comfortable and safe. We are extremely happy with the service and highly recommend it!!!
Janaina G.
★★★★★
We love Mimados! They are very gentle and kind to all the dogs who come through. Our 9lb chihuahua/yorkie is pretty timid but has a great experience here and comes home smelling good with a new accessory whether it’s a bandana, bow, or gems! Carolina is really good with the little ones!
Kimberly Punches
★★★★★
I love love love the job that Mimados does for grooming my pup! They know how to groom an Australian shepherd perfectly without going too short. Mimados is so gentle with my pup and he always comes home smelling and looking great. You can tell that Hiago loves what he does based on how well he treats his pups. He really is an artist when it comes to grooming and I'm so grateful I found this place. If I could give 10 stars I would!! |
Sindhu Sahadevan
★★★★★
One of my long haired kitties had an issue on his back end (I won’t get into details), and it needed someone to clean it up. I called Mimodas Pet Grooming and they were able to accommodate me later the next day. They were gentle with my kitty and cleaned him up. I was also able to see the process. The shop is clean and the people are caring.
Lucy Segal
★★★★★
Highly recommend! I’ve had different experiences with grooming salons around MA, but this one is definitely the best! My puppy has never looked better before  and the salon itself, staff, service — amazing!
Anna Sokolova
★★★★★
The best grooming salon I’ve been to! Clean, safe and welcoming atmosphere. The staff is professional, knowledgeable and caring; excellent groomers! They went above and beyond to make my Duke feel comfortable and safe. We are extremely happy with the service and highly recommend it!!!
Janaina G.
★★★★★
FAQ’s
Q. When should my puppy come in for it’s first groom?
Q. How often should my pet be groomed?
Q. How often does my dog need a nail trimming and do I need and appointment?
Q. My dog is old, can it be groomed?
Q. How much does it cost for my pet to be groomed?
Q. How long does it take to groom my pet?
PHOTO GALLERY
mimadospetgrooming

Home of pet pampering
 Newton, MA (857) 746-3194
 Waltham, MA (781) 894-7297
Book online or call us

Freshly groomed and ready for cuddles! 
Spa day = best day 
Tuesday 
Saturday 
Friday 
Thursday 
Wednesday 
Tuesday 
Saturday 
Groomed with patience. Finished with love.  #h
Happy dogs start with gentle hands and lots of lov
Friday 
CARREGAR MAIS
  Seguir no Instagram
FOLLOW US
Instagram
Facebook
Are you ready to get started?
Newton Location: 1175 Walnut St Unit 2 - Newton, MA 02461.
(857) 746-3194 or BOOK ONLINE
newton@mimadospetgrooming.com
Waltham Location: 463 Main St - Waltham, MA 02452
(781) 894-7297 or BOOK ONLINE
waltham@mimadospetgrooming.com

Mimados Pet Grooming 2026 | 463 Main St, Waltham, MA-02452 | 1175 Walnut St Unit 2, Newton MA-02461.

Privacy
Terms
Contact"
Mimados Pet Grooming - Waltham,2026-09-22,4.8,4.8 stars,Pet groomer,"463 Main St, Waltham, MA 02452, United States",+1 781-894-7297,http://www.mimadospetgrooming.com/,"9QGC+W7 Waltham, Massachusetts, USA",,added,False,False,waltham@mimadospetgrooming.com,"HOME
ABOUT US
OUR SERVICES
BOOK NOW – NEWTON, MA
BOOK NOW – WALTHAM, MA
OUR SERVICES
Bath & Brush
Bath, blow dry, nails trim, ear and eye cleaning, sanitary
trim, paw & pad trim, bandana/bow and cologne.
Bath & Haircut
Bath, blow dry, full haircut, nails trim, ear and eye
cleaning, sanitary trim, bandana/bow and cologne.
Teeth brushing
Keep your dog's teeth clean and prevent tartar and
dental disease.
nails trim
Trim your dog's and cat's nails to prevent crooked
footsteps and scratches.
cat day
Cat Grooming, de-shedding & nails trim.
Call and learn more.
more
... and much more!
Contact us for more information

At Mimados, we believe grooming should be a positive and enjoyable experience for every pet. The name “Mimados” means “pampered” in Portuguese—and that’s exactly the experience we strive to provide every day.
My name is Hiago Loiola, and I have been professionally grooming pets for over 13 years. My journey began in 2012, when I was just 15 years old. My mother, a dedicated entrepreneur and one of the strongest people I have ever known, encouraged me to pursue this profession and inspired my love and respect for animals. She taught me the values that continue to guide me today: hard work, perseverance, integrity, and the importance of treating every living being with kindness.
When I moved to the United States in 2021, I carried those lessons with me. After my mother’s unexpected passing in 2022, I was determined to honor her legacy by building something that reflected the values she worked so hard to instill in me. One year later, with the help of a special friend who trusted in my values ​​and knowledge, I opened the first Mimados location.
Today, Mimados is more than a grooming salon—it’s a place where pets are treated like family. We proudly offer a cage-free environment designed to help pets feel comfortable, relaxed, and at home. Whether your pet enjoys socializing and playing or needs a quieter, private space, we tailor our care to their individual personality and needs.
Our mission is simple: to provide exceptional grooming services while creating a safe, loving, and stress-free experience for every pet that walks through our doors.
At Mimados, your furry family members receive the same level of care, patience, and dedication that has guided me throughout my career and continues to inspire everything we do.
We look forward to welcoming you and your pet to the Mimados family.

BOOK NOW
Choose your location
WHAT OUR CLIENTS SAY
Amazing experience! From the moment I walked in, I was greeted with a smile. Seemed that the people grooming enjoyed what they were doing. Gentlemen in the back was smiling while doing his job. Wonderful lady ask if I like the outcome of the grooming. Thank you
Valerie Zuniga
★★★★★
Mimados was highly recommended to us. Booking was easy and the staff was nice. Their place was big, clean, and fun for the dogs. Additionally, they don’t put the dogs in crates while waiting, they allow them to go free and play (if they get along with other dogs). They did a good job on his hair and managed to cut his nails. They also gave him breaks in between the steps of the grooming process. He came out happy and clean. We would come back.
Meg Lederman
★★★★★
First time taking my pup to the groomers and when I got there is looked like a little day care I loved that! The staff was amazingly nice and helpful. The end result was absolutely adorable! We already rebooked our next appointment
Danielle Johnson
★★★★★
Mimados and the staff were great with my cat! They do appointments for cats only on Monday, but the process for dropping him off and picking up was so easy. They gave him a good dry shampoo, cleaned out his ears and cut his nails. Money well spent, and we will definitely go back!!
Heidi Visocchi
★★★★★
Same great service as the Waltham location and they always take the best care of my 2 Great Pyrenees! My dogs always seem happy and well cared for when I come to pick them up! Highly recommend!
Emily Bartolomeo
★★★★★
Amazing experience! From the moment I walked in, I was greeted with a smile. Seemed that the people grooming enjoyed what they were doing. Gentlemen in the back was smiling while doing his job. Wonderful lady ask if I like the outcome of the grooming. Thank you
Valerie Zuniga
★★★★★
Mimados was highly recommended to us. Booking was easy and the staff was nice. Their place was big, clean, and fun for the dogs. Additionally, they don’t put the dogs in crates while waiting, they allow them to go free and play (if they get along with other dogs). They did a good job on his hair and managed to cut his nails. They also gave him breaks in between the steps of the grooming process. He came out happy and clean. We would come back.
Meg Lederman
★★★★★
Highly recommend! I’ve had different experiences with grooming salons around MA, but this one is definitely the best! My puppy has never looked better before  and the salon itself, staff, service — amazing!
Anna Sokolova
★★★★★
The best grooming salon I’ve been to! Clean, safe and welcoming atmosphere. The staff is professional, knowledgeable and caring; excellent groomers! They went above and beyond to make my Duke feel comfortable and safe. We are extremely happy with the service and highly recommend it!!!
Janaina G.
★★★★★
We love Mimados! They are very gentle and kind to all the dogs who come through. Our 9lb chihuahua/yorkie is pretty timid but has a great experience here and comes home smelling good with a new accessory whether it’s a bandana, bow, or gems! Carolina is really good with the little ones!
Kimberly Punches
★★★★★
I love love love the job that Mimados does for grooming my pup! They know how to groom an Australian shepherd perfectly without going too short. Mimados is so gentle with my pup and he always comes home smelling and looking great. You can tell that Hiago loves what he does based on how well he treats his pups. He really is an artist when it comes to grooming and I'm so grateful I found this place. If I could give 10 stars I would!! |
Sindhu Sahadevan
★★★★★
One of my long haired kitties had an issue on his back end (I won’t get into details), and it needed someone to clean it up. I called Mimodas Pet Grooming and they were able to accommodate me later the next day. They were gentle with my kitty and cleaned him up. I was also able to see the process. The shop is clean and the people are caring.
Lucy Segal
★★★★★
Highly recommend! I’ve had different experiences with grooming salons around MA, but this one is definitely the best! My puppy has never looked better before  and the salon itself, staff, service — amazing!
Anna Sokolova
★★★★★
The best grooming salon I’ve been to! Clean, safe and welcoming atmosphere. The staff is professional, knowledgeable and caring; excellent groomers! They went above and beyond to make my Duke feel comfortable and safe. We are extremely happy with the service and highly recommend it!!!
Janaina G.
★★★★★
FAQ’s
Q. When should my puppy come in for it’s first groom?
Q. How often should my pet be groomed?
Q. How often does my dog need a nail trimming and do I need and appointment?
Q. My dog is old, can it be groomed?
Q. How much does it cost for my pet to be groomed?
Q. How long does it take to groom my pet?
PHOTO GALLERY
mimadospetgrooming

Home of pet pampering
 Newton, MA (857) 746-3194
 Waltham, MA (781) 894-7297
Book online or call us

Freshly groomed and ready for cuddles! 
Spa day = best day 
Tuesday 
Saturday 
Friday 
Thursday 
Wednesday 
Tuesday 
Saturday 
Groomed with patience. Finished with love.  #h
Happy dogs start with gentle hands and lots of lov
Friday 
CARREGAR MAIS
  Seguir no Instagram
FOLLOW US
Instagram
Facebook
Are you ready to get started?
Newton Location: 1175 Walnut St Unit 2 - Newton, MA 02461.
(857) 746-3194 or BOOK ONLINE
newton@mimadospetgrooming.com
Waltham Location: 463 Main St - Waltham, MA 02452
(781) 894-7297 or BOOK ONLINE
waltham@mimadospetgrooming.com

Mimados Pet Grooming 2026 | 463 Main St, Waltham, MA-02452 | 1175 Walnut St Unit 2, Newton MA-02461.

Privacy
Terms
Contact"
Pooch Parlour | Dog Grooming Salon | Pet Grooming in Auburndale,2026-09-22,4.9,4.9 stars,Pet groomer,"283 Auburn St, Auburndale, MA 02466, United States",+1 617-965-5640,https://poochparlourinc.com/,"8QW3+M9 Auburndale, Newton, MA, USA",,added,False,False,,"Ir para o conteúdo
HOME
SERVICES
GALLERY
HOURS
CONTACT
283 Auburn St, Auburnddale, MA
(617) 965-5640
Facebook
Call to Book an Appointment
(617) 965-5640
Welcome to Pooch Parlour
Pooch Parlour is the premier dog grooming salon in the area. We have over 20 years of professional experience in grooming. Bring your pooch in for a day of professional pampering here at Pooch Parlour.
We are looking forward to meeting you and your pooch!
Our Services
The grooming procedure consists of 2 professional shampoos followed by a coat of conditioning treatment, half hour brushing, nails clipped, ear cleaning and plucking, and your requested hairstyle or the standard breed haircut. Additional charge for brushing and dematting may be applied. Ask for details and pricing.
Anal Glands
$30
Appointment
Nail Grinding
$30
Appointment
De-skunk
$15
Appointment
Special Shampoo
$10
Appointment
Contact Us
283 Auburn St., Auburnddale, MA 02466
(617) 965-5640
Pooch Parlour | Dog Grooming Saloon | Pet Grooming in Auburndale
HOME
SERVICES
GALLERY
CONTACT
CONTACT AND LOCATION
283 Auburn St., Auburnddale, MA 02466
(617) 965-5640
HOURS
Mon - Sat: 7:30am - 4pm
Sunday: Closed
2025 © Pooch Parlour Inc. | All Rights Reserved | Developed by New Digital"
Pick of the Litter,2026-09-22,4.1,4.1 stars,Pet groomer,"393 Hancock St, Quincy, MA 02171, United States",+1 617-770-0283,https://rymaps.xyz/business/pick-of-the-litter-9ma6oc,"7XFF+FJ Quincy, Massachusetts, USA",,added,False,False,worldmapscenter@yandex.com,"RyMaps
.com
Home
Businesses
Categories
Countries
Cities
Contact
Home
Categories
Pet groomer
Pet groomer
Open Now
Pick of the Litter
Quincy, United States
4.1
(39 reviews)
Call Now
Get Directions

ADDRESS

Quincy, United States

PHONE

+1 617-770-0283

TODAY'S HOURS

8:30AM-4PM

Share
Save
About Us
Pick of the Litter
Pet groomer
4.1
(39)
Verified
Quincy
Available

At Pick of the Litter, nestled in the heart of Quincy, we believe pet grooming is more than just a service; it's a commitment to the well-being and happiness of your beloved companions. As the owner, I'm deeply committed to operating on a foundation of ethical practices and unwavering integrity. We understand that your pets are family, and we treat them with the same care and respect we would want for our own. Our core principles revolve around fair treatment for both our furry clients and our dedicated staff. We prioritize gentle handling, positive reinforcement techniques, and creating a stress-free environment for every animal that walks through our doors. We believe in transparency and open communication, discussing grooming options and...

Read More
What We Offer

Our comprehensive range of services

5 Services Available
Quality Guaranteed
Professional Team
Wheelchair accessible entrance
Wheelchair accessible parking lot
Debit cards
NFC mobile payments
Credit cards
How to Get Here

Navigation & directions

Quincy, United States
Step-by-step directions

Alright, looking for ""Pick of the Litter"" in Quincy? No problem, I can help! You'll find it at 393 Hancock Street, right in the heart of Quincy Center. It's a pretty busy area, so keep your eyes peeled!

If you're driving, Hancock Street can get congested, especially during rush hour. Aim for the off-peak times. Parking is usually available on the street, but it can be tricky. Try the nearby city parking lot behind the Hancock Street stores.

Taking the T (the ""T"" is what we call the metro in Boston!) is super easy. Just hop off at the Quincy Center station on the Red Line, and it's a short walk north on Hancock Street. The MBTA bus also stops frequently along Hancock Street.

Walking? Hancock Street is easily walkable from most of Quincy Center. Look for the large brick building with street-level businesses. You'll see ""Pick of the Litter"" between a cafe and a dry cleaner. Don't mistake it for the Bank of America building further down the street! Welcome to Quincy!

Google Maps
Copy Address

City

Quincy

Country

United States

Find Us

Visit our location

ADDRESS

393 Hancock St, Quincy, MA 02171

PHONE

+1 617-770-0283

CITY

Quincy

COUNTRY

United States

Open in Google Maps
Pick of the Litter
393 Hancock St, Quincy, MA 02171
×
+
−
 Leaflet | © OpenStreetMap contributors
Business Hours

Weekly schedule

OPEN NOW
Monday
8:30AM-4PM
TODAY
Tuesday
8:30AM-4PM
Wednesday
Closed
Thursday
8:30AM-4PM
Friday
8:30AM-4PM
Saturday
8:30AM-4PM
Sunday
8:30AM-4PM
Updated Weekly
Local Time Zone
PI
Pick of the Litter

Pet groomer

Phone

+1 617-770-0283

Address

Quincy, United States

Today's Hours

8:30AM-4PM

Discover more
Geographic Reference
Business & Industrial
Legal Forms
Call Now
Get Directions
ADVERTISING
Want Your Ad Here?

Put your brand in front of people who are actively searching for local businesses on RyMaps.

Displayed on business listing pages
Email us for pricing and availability
Advertise With Us

worldmapscenter@yandex.com

Discover more
Language Resources
Privacy Policy
Businesses
QUICK NAVIGATION
About Us
Services
Directions
Location
Business Hours
Business Directory

Discover the best local businesses in your area. Read authentic reviews, find contact information, and connect with quality service providers.

Quick Links
Home
Categories
Countries
Cities
Contact
Legal
Privacy Policy
Legal Notice
Terms of Service (AGB)
Cookie Policy

© 2025 Business Directory. All rights reserved.

Privacy Policy
Legal Notice
Terms of Service
Cookie Policy"
Dog Village Salon,2026-09-22,4.2,4.2 stars,Pet groomer,"434 Common St, Belmont, MA 02478, United States",+1 617-932-1424,http://www.dogvillagesalon.com/,"9RJG+J4 Belmont, Massachusetts, USA",,added,False,False,info@dogvillagesalon.com,"WE’LL TAKE CARE OF YOU PET

WE ARE DOG VILLAGE SALON

WE’LL TAKE CARE OF YOU PET

WE ARE DOG VILLAGE SALON

1
2
	
HOME
ABOUT
SERVICES
BOOKING GROOMING
PORTFOLIO
CONTACT
	
All
 
Groomers
GROOMERS

GROOMERS

GROOMERS

GROOMERS

GROOMERS

GROOMERS

GROOMERS

GROOMERS

GROOMERS

GROOMERS

GROOMERS

GROOMERS

GROOMERS

GROOMERS

LOAD MORE POSTS

Designed with love By GARAGE PRINT STUDIO"
Polkadog Bakery,2026-09-22,4.7,4.7 stars,Pet supply store,"217 Newbury St, Boston, MA 02116, United States",+1 857-753-4176,http://www.polkadog.com/pages/bakery,"9W29+2F Boston, Massachusetts, USA",,added,False,False,accessibility@polkadog.com,"For screen-reader mode - click the first button of the website
Accessibility Screen-Reader Guide, Feedback, and Issue Reporting | New window
SKIP TO CONTENT

Score a FREE Treat Dispenser when you spend $50+ on Polkadog training treats

30% OFF your first subscription order!

Free shipping on treat orders of $75+!

Polkadog Treats
The Market
Rewards & Subscriptions
About
Log in
Cart
SHOP FOOD, TREATS & MORE
Fresh Homestyle Meals
Portland Pet Food Grandma Ada's Turkey & Yams Homestyle Dog Meal
Portland Pet Food Grandma Ada's Turkey & Yams Homestyle Dog Meal
Regular price
From $6.99 USD
Portland Pet Food Winnie's Lamb N' Rice Homestyle Dog Meal
Portland Pet Food Winnie's Lamb N' Rice Homestyle Dog Meal
Regular price
From $6.99 USD
Portland Pet Food Homestyle Dog Meals Variety 4-Pack
Portland Pet Food Homestyle Dog Meals Variety 4-Pack
Regular price
$26.99 USD
Portland Pet Food Wally's Salmon N' Rice Homestyle Dog Meal
Portland Pet Food Wally's Salmon N' Rice Homestyle Dog Meal
Regular price
From $6.99 USD
VIEW ALL
SKIP TO PRODUCT INFORMATION
Open media 1 in modal

BONES & CO

Bones & Co Barkin' Beef Freeze-Dried Dog Food
 

(42)
42 total reviews

Size
12oz
 25oz
 7LB
Variant sold out or unavailable
View full details 
Wellness Essentials
Native Pet - Omega Oil
Native Pet - Omega Oil
Regular price
$26.99 USD
Native Pet - Air Dried Allergy Chews
Native Pet - Air Dried Allergy Chews
Regular price
$24.99 USD
Native Pet - The Daily
Native Pet - The Daily
Regular price
$34.99 USD
Native Pet - Organic Pumpkin Powder
Native Pet - Organic Pumpkin Powder
Regular price
$39.99 USD
The Reviews are in!
Rated 5 out of 5 stars
My dog loved these crunchy treats especially Clam Chowda! We use them as rewards when we play at the beach.
Read More
Rated 5 out of 5 stars
Sensei can only eat duck right now and finding these treats was so great!!! He loves them!!!
Read More
Rated 5 out of 5 stars
Delicious and high quality
Read More
Rated 5 out of 5 stars
Another hit for Laia. Anything that uses simple ingredients is a winner for us.
Read More
Rated 5 out of 5 stars
My lil princess is so picky. She loves them. I break them apart so she can eat the easier. Will be getting more as bag is getting empty.
Read More
Rated 5 out of 5 stars
My dogs love them. Perfect size for my lil ankle bitters.
Read More
Rated 5 out of 5 stars
Sawyer loves all favors of the earth animal chews! He has one small one after breakfast & a medium one after we have our supper! He is waiting for one now!
Read More
Rated 5 out of 5 stars
Sawyer loves all favors of the earth animal chews! He has one small one after breakfast & a medium one after we have our supper! He is waiting for one now!
Read More
Rated 5 out of 5 stars
Sawyer loves all favors of the earth animal chews! He has one small one after breakfast & a medium one after we have our supper! He is waiting for one now!
Read More
Rated 5 out of 5 stars
Sawyer loves all favors of the earth animal chews! He has one small one after breakfast & a medium one after we have our supper! He is waiting for one now!
Read More
Rated 5 out of 5 stars
Sawyer loves all favors of the earth animal chews! He has one small one after breakfast & a medium one after we have our supper! He is waiting for one now!
Read More
Rated 5 out of 5 stars
Sawyer loves all favors of the earth animal chews! He has one small one after breakfast & a medium one after we have our supper! He is waiting for one now!
Read More
Rated 5 out of 5 stars
I bought it for my grandma's dog, and she loved it. fit perfectly and stayed on.
Read More
Rated 5 out of 5 stars
My girls love these. Sometimes as a treat sometimes as a topper
Read More
Rated 5 out of 5 stars
My girls love these. Sometimes as a treat sometimes as a topper
Read More
Rated 5 out of 5 stars
I rarely buy my pup, Shug, packaged treats. He is a meat eater and will ignore most treats. I love that he can sample treats to make sure what he likes. I always know what I go home with will be enjoyed. My picky pup loves his visits to your store!
Read More
Rated 5 out of 5 stars
My 11 lb dog loves the large size bone. They last for a very long time. I’ll try the smaller size next time just for fun. Tip, she didn’t seem interested at first so I soaked just the end in warm water to bring out the sent and she went nuts, now she knows and I don’t have to do that anymore.
Read More
Rated 5 out of 5 stars
We're fans of this brand of toys (and have been fans for 12+ years!) so I'm not surprised that this lobster is durable and a new favorite toy for my dog. She usually breaks the squeakers in her toys pretty quickly, but this is going strong several weeks after she first got it. Can't beat that!
Read More
Rated 5 out of 5 stars
We're fans of this brand of toys (and have been fans for 12+ years!) so I'm not surprised that this lobster is durable and a new favorite toy for my dog. She usually breaks the squeakers in her toys pretty quickly, but this is going strong several weeks after she first got it. Can't beat that!
Read More
Rated 5 out of 5 stars
My babies go bonkers for these haddock skins. Ordered two 1lb bags last time and they have nearly demolished them. Sad that the 1lb bags aren't available this time and I'm hoping they come back in stock soon.
Read More
Popular Collections
Treats
Party Time!
Best Sellers
Supplies
Join the Polkadog Community

Follow us @polkadog & @polkadogevents

Blog posts
Explore the Blog
What Are the Benefits of Fish for Dogs?

Discover the benefits of fish for dogs, including protein, omega-3 fatty acids, skin and coat support, joint health, brain health, and more.

Read More
Is Fish Good for Dogs? A Complete Guide

Fish can be a healthy addition to your dog’s diet when fed safely. Learn the benefits of fish for dogs, which types are best, what to avoid, and how to...

Read More
Can Dogs Eat Seaweed? What Pet Parents Should Know

Can dogs eat seaweed safely? Discover the potential health benefits, important safety considerations, and how to choose high-quality seaweed products for dogs.

Read More
Score $5 off in reward points just for signing up—your dog will thank you.
Email
SUBSCRIBE
By submitting your email you agree to our Terms of Use and Sale and Privacy Policy. You will receive email communications from us for marketing, informational, and promotional purposes and can opt-out at any time.
Facebook
Instagram
Locations
Cranston
Canton
Chestnut Hill
Dedham
Hingham
Lynnfield
Jamaica Plain
Newbury Street
North End
Seaport
South End
Find Polkadog Near You
About Us
Our Story
The Polkablog
Pup of the Month
Brand Ambassador Program
Careers
Customer Service
Account
Loyalty Program
Refer
FAQ
Contact Us
Pickup and Delivery
Shipping & Returns
Wholesale
Account login
Apply for an account
ACCESSIBILITY
© 2026, Polkadog
Privacy Policy
Terms of Use
Shipping & Returns
Accessibility Support

We are committed to making our website accessible to all customers. If you experience difficulty using this site, please contact us at accessibility@polkadog.com or call 339.502.9843 so we can assist you.

YOUR BASKET OF JOY
LOGIN
Close Cart
Progress: 0%
You are $75.00 away from FREE SHIPPING *on select items
Your cart is empty!

Add your favorite items to your cart.

SHOP NOW

TREAT YOURSELF
Paw-picked favorites. Proven to increase joy.
Polkadog Cod Skins
Price
$12.99
QUICK VIEW
SIZE
Polkadog Wonder Nuggets Peanut Butter
Price
$13.49
QUICK VIEW
SIZE
Polkadog Chicken Strip Jerky Dog Treats
Price
$17.99
QUICK VIEW
SIZE
Stash Jumbo Bully Stick Dog Chew
Price
$6.99
QUICK VIEW
SIZE
Portland Pet Food Grandma Ada's Turkey & Yams Homestyle Dog Meal
Price
$6.99
QUICK VIEW
QUANTITY
Native Pet - Omega Oil
Price
$26.99
QUICK VIEW
ADD"
Polkadog Bakery,2026-09-22,4.7,4.7 stars,Pet supply store,"217 Newbury St, Boston, MA 02116, United States",+1 857-753-4176,http://www.polkadog.com/pages/bakery,"9W29+2F Boston, Massachusetts, USA",,added,False,False,hey@craftpip.com,"For screen-reader mode - click the first button of the website
Accessibility Screen-Reader Guide, Feedback, and Issue Reporting | New window
SKIP TO CONTENT

Score a FREE Treat Dispenser when you spend $50+ on Polkadog training treats

30% OFF your first subscription order!

Free shipping on treat orders of $75+!

Polkadog Treats
The Market
Rewards & Subscriptions
About
Log in
Cart
SHOP FOOD, TREATS & MORE
Fresh Homestyle Meals
Portland Pet Food Grandma Ada's Turkey & Yams Homestyle Dog Meal
Portland Pet Food Grandma Ada's Turkey & Yams Homestyle Dog Meal
Regular price
From $6.99 USD
Portland Pet Food Winnie's Lamb N' Rice Homestyle Dog Meal
Portland Pet Food Winnie's Lamb N' Rice Homestyle Dog Meal
Regular price
From $6.99 USD
Portland Pet Food Homestyle Dog Meals Variety 4-Pack
Portland Pet Food Homestyle Dog Meals Variety 4-Pack
Regular price
$26.99 USD
Portland Pet Food Wally's Salmon N' Rice Homestyle Dog Meal
Portland Pet Food Wally's Salmon N' Rice Homestyle Dog Meal
Regular price
From $6.99 USD
VIEW ALL
SKIP TO PRODUCT INFORMATION
Open media 1 in modal

BONES & CO

Bones & Co Barkin' Beef Freeze-Dried Dog Food
 

(42)
42 total reviews

Size
12oz
 25oz
 7LB
Variant sold out or unavailable
View full details 
Wellness Essentials
Native Pet - Omega Oil
Native Pet - Omega Oil
Regular price
$26.99 USD
Native Pet - Air Dried Allergy Chews
Native Pet - Air Dried Allergy Chews
Regular price
$24.99 USD
Native Pet - The Daily
Native Pet - The Daily
Regular price
$34.99 USD
Native Pet - Organic Pumpkin Powder
Native Pet - Organic Pumpkin Powder
Regular price
$39.99 USD
The Reviews are in!
Rated 5 out of 5 stars
My dog loved these crunchy treats especially Clam Chowda! We use them as rewards when we play at the beach.
Read More
Rated 5 out of 5 stars
Sensei can only eat duck right now and finding these treats was so great!!! He loves them!!!
Read More
Rated 5 out of 5 stars
Delicious and high quality
Read More
Rated 5 out of 5 stars
Another hit for Laia. Anything that uses simple ingredients is a winner for us.
Read More
Rated 5 out of 5 stars
My lil princess is so picky. She loves them. I break them apart so she can eat the easier. Will be getting more as bag is getting empty.
Read More
Rated 5 out of 5 stars
My dogs love them. Perfect size for my lil ankle bitters.
Read More
Rated 5 out of 5 stars
Sawyer loves all favors of the earth animal chews! He has one small one after breakfast & a medium one after we have our supper! He is waiting for one now!
Read More
Rated 5 out of 5 stars
Sawyer loves all favors of the earth animal chews! He has one small one after breakfast & a medium one after we have our supper! He is waiting for one now!
Read More
Rated 5 out of 5 stars
Sawyer loves all favors of the earth animal chews! He has one small one after breakfast & a medium one after we have our supper! He is waiting for one now!
Read More
Rated 5 out of 5 stars
Sawyer loves all favors of the earth animal chews! He has one small one after breakfast & a medium one after we have our supper! He is waiting for one now!
Read More
Rated 5 out of 5 stars
Sawyer loves all favors of the earth animal chews! He has one small one after breakfast & a medium one after we have our supper! He is waiting for one now!
Read More
Rated 5 out of 5 stars
Sawyer loves all favors of the earth animal chews! He has one small one after breakfast & a medium one after we have our supper! He is waiting for one now!
Read More
Rated 5 out of 5 stars
I bought it for my grandma's dog, and she loved it. fit perfectly and stayed on.
Read More
Rated 5 out of 5 stars
My girls love these. Sometimes as a treat sometimes as a topper
Read More
Rated 5 out of 5 stars
My girls love these. Sometimes as a treat sometimes as a topper
Read More
Rated 5 out of 5 stars
I rarely buy my pup, Shug, packaged treats. He is a meat eater and will ignore most treats. I love that he can sample treats to make sure what he likes. I always know what I go home with will be enjoyed. My picky pup loves his visits to your store!
Read More
Rated 5 out of 5 stars
My 11 lb dog loves the large size bone. They last for a very long time. I’ll try the smaller size next time just for fun. Tip, she didn’t seem interested at first so I soaked just the end in warm water to bring out the sent and she went nuts, now she knows and I don’t have to do that anymore.
Read More
Rated 5 out of 5 stars
We're fans of this brand of toys (and have been fans for 12+ years!) so I'm not surprised that this lobster is durable and a new favorite toy for my dog. She usually breaks the squeakers in her toys pretty quickly, but this is going strong several weeks after she first got it. Can't beat that!
Read More
Rated 5 out of 5 stars
We're fans of this brand of toys (and have been fans for 12+ years!) so I'm not surprised that this lobster is durable and a new favorite toy for my dog. She usually breaks the squeakers in her toys pretty quickly, but this is going strong several weeks after she first got it. Can't beat that!
Read More
Rated 5 out of 5 stars
My babies go bonkers for these haddock skins. Ordered two 1lb bags last time and they have nearly demolished them. Sad that the 1lb bags aren't available this time and I'm hoping they come back in stock soon.
Read More
Popular Collections
Treats
Party Time!
Best Sellers
Supplies
Join the Polkadog Community

Follow us @polkadog & @polkadogevents

Blog posts
Explore the Blog
What Are the Benefits of Fish for Dogs?

Discover the benefits of fish for dogs, including protein, omega-3 fatty acids, skin and coat support, joint health, brain health, and more.

Read More
Is Fish Good for Dogs? A Complete Guide

Fish can be a healthy addition to your dog’s diet when fed safely. Learn the benefits of fish for dogs, which types are best, what to avoid, and how to...

Read More
Can Dogs Eat Seaweed? What Pet Parents Should Know

Can dogs eat seaweed safely? Discover the potential health benefits, important safety considerations, and how to choose high-quality seaweed products for dogs.

Read More
Score $5 off in reward points just for signing up—your dog will thank you.
Email
SUBSCRIBE
By submitting your email you agree to our Terms of Use and Sale and Privacy Policy. You will receive email communications from us for marketing, informational, and promotional purposes and can opt-out at any time.
Facebook
Instagram
Locations
Cranston
Canton
Chestnut Hill
Dedham
Hingham
Lynnfield
Jamaica Plain
Newbury Street
North End
Seaport
South End
Find Polkadog Near You
About Us
Our Story
The Polkablog
Pup of the Month
Brand Ambassador Program
Careers
Customer Service
Account
Loyalty Program
Refer
FAQ
Contact Us
Pickup and Delivery
Shipping & Returns
Wholesale
Account login
Apply for an account
ACCESSIBILITY
© 2026, Polkadog
Privacy Policy
Terms of Use
Shipping & Returns
Accessibility Support

We are committed to making our website accessible to all customers. If you experience difficulty using this site, please contact us at accessibility@polkadog.com or call 339.502.9843 so we can assist you.

YOUR BASKET OF JOY
LOGIN
Close Cart
Progress: 0%
You are $75.00 away from FREE SHIPPING *on select items
Your cart is empty!

Add your favorite items to your cart.

SHOP NOW

TREAT YOURSELF
Paw-picked favorites. Proven to increase joy.
Polkadog Cod Skins
Price
$12.99
QUICK VIEW
SIZE
Polkadog Wonder Nuggets Peanut Butter
Price
$13.49
QUICK VIEW
SIZE
Polkadog Chicken Strip Jerky Dog Treats
Price
$17.99
QUICK VIEW
SIZE
Stash Jumbo Bully Stick Dog Chew
Price
$6.99
QUICK VIEW
SIZE
Portland Pet Food Grandma Ada's Turkey & Yams Homestyle Dog Meal
Price
$6.99
QUICK VIEW
QUANTITY
Native Pet - Omega Oil
Price
$26.99
QUICK VIEW
ADD"
Polkadog Bakery,2026-09-22,4.7,4.7 stars,Pet supply store,"217 Newbury St, Boston, MA 02116, United States",+1 857-753-4176,http://www.polkadog.com/pages/bakery,"9W29+2F Boston, Massachusetts, USA",,added,False,False,orders@polkadog.com,"For screen-reader mode - click the first button of the website
Accessibility Screen-Reader Guide, Feedback, and Issue Reporting | New window
SKIP TO CONTENT

Score a FREE Treat Dispenser when you spend $50+ on Polkadog training treats

30% OFF your first subscription order!

Free shipping on treat orders of $75+!

Polkadog Treats
The Market
Rewards & Subscriptions
About
Log in
Cart
SHOP FOOD, TREATS & MORE
Fresh Homestyle Meals
Portland Pet Food Grandma Ada's Turkey & Yams Homestyle Dog Meal
Portland Pet Food Grandma Ada's Turkey & Yams Homestyle Dog Meal
Regular price
From $6.99 USD
Portland Pet Food Winnie's Lamb N' Rice Homestyle Dog Meal
Portland Pet Food Winnie's Lamb N' Rice Homestyle Dog Meal
Regular price
From $6.99 USD
Portland Pet Food Homestyle Dog Meals Variety 4-Pack
Portland Pet Food Homestyle Dog Meals Variety 4-Pack
Regular price
$26.99 USD
Portland Pet Food Wally's Salmon N' Rice Homestyle Dog Meal
Portland Pet Food Wally's Salmon N' Rice Homestyle Dog Meal
Regular price
From $6.99 USD
VIEW ALL
SKIP TO PRODUCT INFORMATION
Open media 1 in modal

BONES & CO

Bones & Co Barkin' Beef Freeze-Dried Dog Food
 

(42)
42 total reviews

Size
12oz
 25oz
 7LB
Variant sold out or unavailable
View full details 
Wellness Essentials
Native Pet - Omega Oil
Native Pet - Omega Oil
Regular price
$26.99 USD
Native Pet - Air Dried Allergy Chews
Native Pet - Air Dried Allergy Chews
Regular price
$24.99 USD
Native Pet - The Daily
Native Pet - The Daily
Regular price
$34.99 USD
Native Pet - Organic Pumpkin Powder
Native Pet - Organic Pumpkin Powder
Regular price
$39.99 USD
The Reviews are in!
Rated 5 out of 5 stars
My dog loved these crunchy treats especially Clam Chowda! We use them as rewards when we play at the beach.
Read More
Rated 5 out of 5 stars
Sensei can only eat duck right now and finding these treats was so great!!! He loves them!!!
Read More
Rated 5 out of 5 stars
Delicious and high quality
Read More
Rated 5 out of 5 stars
Another hit for Laia. Anything that uses simple ingredients is a winner for us.
Read More
Rated 5 out of 5 stars
My lil princess is so picky. She loves them. I break them apart so she can eat the easier. Will be getting more as bag is getting empty.
Read More
Rated 5 out of 5 stars
My dogs love them. Perfect size for my lil ankle bitters.
Read More
Rated 5 out of 5 stars
Sawyer loves all favors of the earth animal chews! He has one small one after breakfast & a medium one after we have our supper! He is waiting for one now!
Read More
Rated 5 out of 5 stars
Sawyer loves all favors of the earth animal chews! He has one small one after breakfast & a medium one after we have our supper! He is waiting for one now!
Read More
Rated 5 out of 5 stars
Sawyer loves all favors of the earth animal chews! He has one small one after breakfast & a medium one after we have our supper! He is waiting for one now!
Read More
Rated 5 out of 5 stars
Sawyer loves all favors of the earth animal chews! He has one small one after breakfast & a medium one after we have our supper! He is waiting for one now!
Read More
Rated 5 out of 5 stars
Sawyer loves all favors of the earth animal chews! He has one small one after breakfast & a medium one after we have our supper! He is waiting for one now!
Read More
Rated 5 out of 5 stars
Sawyer loves all favors of the earth animal chews! He has one small one after breakfast & a medium one after we have our supper! He is waiting for one now!
Read More
Rated 5 out of 5 stars
I bought it for my grandma's dog, and she loved it. fit perfectly and stayed on.
Read More
Rated 5 out of 5 stars
My girls love these. Sometimes as a treat sometimes as a topper
Read More
Rated 5 out of 5 stars
My girls love these. Sometimes as a treat sometimes as a topper
Read More
Rated 5 out of 5 stars
I rarely buy my pup, Shug, packaged treats. He is a meat eater and will ignore most treats. I love that he can sample treats to make sure what he likes. I always know what I go home with will be enjoyed. My picky pup loves his visits to your store!
Read More
Rated 5 out of 5 stars
My 11 lb dog loves the large size bone. They last for a very long time. I’ll try the smaller size next time just for fun. Tip, she didn’t seem interested at first so I soaked just the end in warm water to bring out the sent and she went nuts, now she knows and I don’t have to do that anymore.
Read More
Rated 5 out of 5 stars
We're fans of this brand of toys (and have been fans for 12+ years!) so I'm not surprised that this lobster is durable and a new favorite toy for my dog. She usually breaks the squeakers in her toys pretty quickly, but this is going strong several weeks after she first got it. Can't beat that!
Read More
Rated 5 out of 5 stars
We're fans of this brand of toys (and have been fans for 12+ years!) so I'm not surprised that this lobster is durable and a new favorite toy for my dog. She usually breaks the squeakers in her toys pretty quickly, but this is going strong several weeks after she first got it. Can't beat that!
Read More
Rated 5 out of 5 stars
My babies go bonkers for these haddock skins. Ordered two 1lb bags last time and they have nearly demolished them. Sad that the 1lb bags aren't available this time and I'm hoping they come back in stock soon.
Read More
Popular Collections
Treats
Party Time!
Best Sellers
Supplies
Join the Polkadog Community

Follow us @polkadog & @polkadogevents

Blog posts
Explore the Blog
What Are the Benefits of Fish for Dogs?

Discover the benefits of fish for dogs, including protein, omega-3 fatty acids, skin and coat support, joint health, brain health, and more.

Read More
Is Fish Good for Dogs? A Complete Guide

Fish can be a healthy addition to your dog’s diet when fed safely. Learn the benefits of fish for dogs, which types are best, what to avoid, and how to...

Read More
Can Dogs Eat Seaweed? What Pet Parents Should Know

Can dogs eat seaweed safely? Discover the potential health benefits, important safety considerations, and how to choose high-quality seaweed products for dogs.

Read More
Score $5 off in reward points just for signing up—your dog will thank you.
Email
SUBSCRIBE
By submitting your email you agree to our Terms of Use and Sale and Privacy Policy. You will receive email communications from us for marketing, informational, and promotional purposes and can opt-out at any time.
Facebook
Instagram
Locations
Cranston
Canton
Chestnut Hill
Dedham
Hingham
Lynnfield
Jamaica Plain
Newbury Street
North End
Seaport
South End
Find Polkadog Near You
About Us
Our Story
The Polkablog
Pup of the Month
Brand Ambassador Program
Careers
Customer Service
Account
Loyalty Program
Refer
FAQ
Contact Us
Pickup and Delivery
Shipping & Returns
Wholesale
Account login
Apply for an account
ACCESSIBILITY
© 2026, Polkadog
Privacy Policy
Terms of Use
Shipping & Returns
Accessibility Support

We are committed to making our website accessible to all customers. If you experience difficulty using this site, please contact us at accessibility@polkadog.com or call 339.502.9843 so we can assist you.

YOUR BASKET OF JOY
LOGIN
Close Cart
Progress: 0%
You are $75.00 away from FREE SHIPPING *on select items
Your cart is empty!

Add your favorite items to your cart.

SHOP NOW

TREAT YOURSELF
Paw-picked favorites. Proven to increase joy.
Polkadog Cod Skins
Price
$12.99
QUICK VIEW
SIZE
Polkadog Wonder Nuggets Peanut Butter
Price
$13.49
QUICK VIEW
SIZE
Polkadog Chicken Strip Jerky Dog Treats
Price
$17.99
QUICK VIEW
SIZE
Stash Jumbo Bully Stick Dog Chew
Price
$6.99
QUICK VIEW
SIZE
Portland Pet Food Grandma Ada's Turkey & Yams Homestyle Dog Meal
Price
$6.99
QUICK VIEW
QUANTITY
Native Pet - Omega Oil
Price
$26.99
QUICK VIEW
ADD"
Polkadog Bakery,2026-09-22,4.9,4.9 stars,Pet supply store,"57 Salem St, Boston, MA 02113, United States",+1 857-310-5184,http://polkadog.com/,"9W7V+7H Boston, Massachusetts, USA",,added,False,False,,
Dog City by Bostons Best Dog Walkers and Pet Services,2026-09-22,5.0,5.0 stars,Dog walker,"390 Harrison Ave, Boston, MA 02118, United States",+1 857-312-0746,http://www.bostonsbestdogwalkers.com/,"8WVP+HF Boston, Massachusetts, USA",,added,False,False,elias@holamicasa.com,"Skip to content
Sign In
Services
Blog
Train & Play
Features
Portal
Testimonials
Locations
Join Our Team
Partners
Contact
BOSTON'S BEST DOG WALKERS
AND PET SERVICES

Reliable and affordable care on a flexible schedule

Learn More
Fully Automated

Your one stop shop to book services, communicate with your pet's care provider, GPS track a walk, pay a bill, see pictures, or read journal entries.

Wondering where your dog walker is? With our new web portal and app, you can see in real time! Not only that but we'll give you pictures of your pet, and journal entries describing how the experience went. To make life easier, you can also see and schedule our services and set up automatic bill payments.

Read More
ABOUT BOSTON'S BEST DOG WALKERS

For more than 15 years, Boston’s Best Dog Walkers has helped busy pet parents give their dogs the exercise, attention, and care they deserve. 

 

From daily walks and structured daycare to boarding, training, and hiking adventures, we provide dependable pet care that gives you peace of mind.

 

Proudly serving Boston, Quincy, Milton, and nearby communities.

 

WHY PET PARENTS CHOOSE US

GPS-Tracked Walks

Follow every walk with GPS tracking for added transparency and peace of mind.

 

24/7 Service

Flexible pet care when you need it most, from daily walks to boarding and more.

 

Safety Comes First

Our First Aid and CPR-certified team puts your dog’s safety and well-being first.

OUR SERVICES
Bark Bus
Train & Play
Play Groups
Boarding
Training
Cat Visits
All Services
What Our Clients Say
Since I've been using Bostons Best its made me and my dogs life way easier!! There staff is VERY knowledgeable with dog training,dog care,dog wellness and are very friendly.
Cindy Grant-Hester
Chelsea
So friendly and they take such good care of my pitbulls. I live near Seaport Boston and was so happy to find this dog walking company. Sometimes my dogs attend the play groups and they love it! They get to interact with other dogs and run around. Love Boston's best dog walkers and so do my dogs!
Justin D.
Boston, MA
Bostons's Best Dog Walkers has been a GOD send. I've never had a problem with them since I've used them.
Eurisa Tolentino
Marina Bay
Since I've been using Bostons Best its made me and my dogs life way easier!! There staff is VERY knowledgeable with dog training,dog care,dog wellness and are very friendly.
Cindy Grant-Hester
Chelsea
So friendly and they take such good care of my pitbulls. I live near Seaport Boston and was so happy to find this dog walking company. Sometimes my dogs attend the play groups and they love it! They get to interact with other dogs and run around. Love Boston's best dog walkers and so do my dogs!
Justin D.
Boston, MA
See More Testimonials
Class is in session

Our structured train and play school is held daily at our new location: 168 Neponset Ave, Boston.

See Our Schedule

We are a team of Greater Boston pet care professionals. GPS Tracking, Reliable, Experienced, Affordable, Full service 24/7 pet care solutions on a flexible schedule is what makes us Boston’s Best Dog Walkers and Pet Services®, LLC

Links
Sign In
Services
Blog
Train & Play
Features
Portal
Testimonials
Locations
Join Our Team
Partners
Contact
Contact
Phone

857 312 0746


Location

Boston, MA

Email

info@bostonsbestdogwalkers.com

Boston's Best Dog Walkers And Pet Services, LLC 2026 All Rights Reservered

Terms & Conditions

Privacy Policy"
Dog City by Bostons Best Dog Walkers and Pet Services,2026-09-22,5.0,5.0 stars,Dog walker,"390 Harrison Ave, Boston, MA 02118, United States",+1 857-312-0746,http://www.bostonsbestdogwalkers.com/,"8WVP+HF Boston, Massachusetts, USA",,added,False,False,info@bostonsbestdogwalkers.com,"Skip to content
Sign In
Services
Blog
Train & Play
Features
Portal
Testimonials
Locations
Join Our Team
Partners
Contact
BOSTON'S BEST DOG WALKERS
AND PET SERVICES

Reliable and affordable care on a flexible schedule

Learn More
Fully Automated

Your one stop shop to book services, communicate with your pet's care provider, GPS track a walk, pay a bill, see pictures, or read journal entries.

Wondering where your dog walker is? With our new web portal and app, you can see in real time! Not only that but we'll give you pictures of your pet, and journal entries describing how the experience went. To make life easier, you can also see and schedule our services and set up automatic bill payments.

Read More
ABOUT BOSTON'S BEST DOG WALKERS

For more than 15 years, Boston’s Best Dog Walkers has helped busy pet parents give their dogs the exercise, attention, and care they deserve. 

 

From daily walks and structured daycare to boarding, training, and hiking adventures, we provide dependable pet care that gives you peace of mind.

 

Proudly serving Boston, Quincy, Milton, and nearby communities.

 

WHY PET PARENTS CHOOSE US

GPS-Tracked Walks

Follow every walk with GPS tracking for added transparency and peace of mind.

 

24/7 Service

Flexible pet care when you need it most, from daily walks to boarding and more.

 

Safety Comes First

Our First Aid and CPR-certified team puts your dog’s safety and well-being first.

OUR SERVICES
Bark Bus
Train & Play
Play Groups
Boarding
Training
Cat Visits
All Services
What Our Clients Say
Since I've been using Bostons Best its made me and my dogs life way easier!! There staff is VERY knowledgeable with dog training,dog care,dog wellness and are very friendly.
Cindy Grant-Hester
Chelsea
So friendly and they take such good care of my pitbulls. I live near Seaport Boston and was so happy to find this dog walking company. Sometimes my dogs attend the play groups and they love it! They get to interact with other dogs and run around. Love Boston's best dog walkers and so do my dogs!
Justin D.
Boston, MA
Bostons's Best Dog Walkers has been a GOD send. I've never had a problem with them since I've used them.
Eurisa Tolentino
Marina Bay
Since I've been using Bostons Best its made me and my dogs life way easier!! There staff is VERY knowledgeable with dog training,dog care,dog wellness and are very friendly.
Cindy Grant-Hester
Chelsea
So friendly and they take such good care of my pitbulls. I live near Seaport Boston and was so happy to find this dog walking company. Sometimes my dogs attend the play groups and they love it! They get to interact with other dogs and run around. Love Boston's best dog walkers and so do my dogs!
Justin D.
Boston, MA
See More Testimonials
Class is in session

Our structured train and play school is held daily at our new location: 168 Neponset Ave, Boston.

See Our Schedule

We are a team of Greater Boston pet care professionals. GPS Tracking, Reliable, Experienced, Affordable, Full service 24/7 pet care solutions on a flexible schedule is what makes us Boston’s Best Dog Walkers and Pet Services®, LLC

Links
Sign In
Services
Blog
Train & Play
Features
Portal
Testimonials
Locations
Join Our Team
Partners
Contact
Contact
Phone

857 312 0746


Location

Boston, MA

Email

info@bostonsbestdogwalkers.com

Boston's Best Dog Walkers And Pet Services, LLC 2026 All Rights Reservered

Terms & Conditions

Privacy Policy"
Precious Pets Inc,2026-09-22,4.7,4.7 stars,Pet groomer,"11 Somerset Ave, Winthrop, MA 02152, United States",+1 781-286-8801,http://www.preciouspetsinc.com/,"92G7+22 Winthrop, Massachusetts, USA",,added,False,False,preciouspets02152@gmail.com,"Skip to Content
Contact
Our Services
Full Grooming for Dogs
Face Feet and Tail
Full Grooming for Cats
Lions Cut
All Services
NEW LOCATION AT 11 SOMERSET AVE IN WINTHROP MA 02151 AS WELL AS MOBILE GROOMING
Learn More
Precious Pets started in 1991 with my grandmother Caroline and my mother Madeline. My mother was in grooming school and Caroline wanted to open a salon for her so, that’s just what she did! We started out on Mountain Ave in Revere Ma were I would take clippers and give my stuffed animals the infamous “puppy cut”. According to my nana it was perfect. We have moved twice since and landed in Winthrop where we have been since 2007. When 2020 reared it’s ugly head we had to change the way we operated our business just like everyone else. We toyed around with the idea of going mobile but with the uncertainty of what our world would look like I just couldn’t make the jump. Fast forward to now and I couldn’t be more sure that this is our best move. I am so thrilled to be bringing my talented team on the road for your convenience. Mobile grooming has so much to offer. One on one service, no distractions. Amazing benefits for animals who struggle with behavioral and medical issues.  We look forward to providing quality service at the comfort of your own home.
Follow us on socialFollow us on socialFollow us on socialFollow us on socialFollow us on socialFollow us on social
Follow us on social
Contact Us
Name
First Name
(required)
Last Name
(required)
Email
(required)
Subject
(required)
Message
(required)
Send

Precious Pets Inc 

11 Somerset Ave Winthrop Ma 02152

Preciouspets02152@gmail.com"
Tricked Out Pup,2026-09-22,5.0,5.0 stars,Dog trainer,"83 Pembroke St, Boston, MA 02118, United States",+1 857-957-0991,http://www.trickedoutpup.com/,"8WRF+RH Boston, Massachusetts, USA",,added,False,False,trickedoutpup26@gmail.com,"Skip to Main Content

Home

Services

About

Contact

Call Today
Focus, Enrichment, Rewarding.
+ A Few Tricks!
Get in Touch
Welcome to Tricked Out Pup!

Your Ultimate Destination for Pawsitive Growth and Joyful Canine Adventures

​

Please be aware that our space is limited, accommodating only 25 dogs for an exclusive and personalized experience.

 

Tricked Out Pup is a specialized daycare for small and medium-sized dogs. Our structured program includes park play, basic training, group walks, and engaging activities to keep your dogs happy and well-behaved. We focus on fostering good manners and proper play. After a snack break and a power nap with soothing music, there's more fun and a group walk before your dogs head home. Join us in making your pup the best they can be!

Our Services
Why Choose Tricked Out Pup?

Our structured doggy daycare is a haven of play and learning where your beloved pup can socialize, exercise, and thrive. From engaging park play sessions to clicker classes that boost obedience, etiquette classes that polish manners, and group walks that encourage socialization, every day at our daycare is a playful, educational adventure for your furry friend.

 

With a rich heritage in dog training and a deep love for our four-legged friends, we're committed to making your pup the best they can be. Our offerings span a spectrum of services, from essential obedience training that forms the foundation of canine discipline to delightful tricks that showcase your dog's talents.

Read More
What We Offer

At Tricked Out Pup, we offer a range of specialized dog services designed to cater to the unique needs and preferences of both you and your beloved canine companion. Explore our services to uncover how we can assist you and your dog in creating a joyful and harmonious life together.

Dog Daycare

For those times when you're on the go, our dog daycare center is your pup's home away from home. Trust us to provide a safe and engaging environment where your dog can socialize, exercise, and play under the watchful eye of our trained staff.

​

READ MORE

Obedience Dog Training

From mastering essential commands like recall, come, heel, and wait/stay to addressing behavioral issues such as leash aggression, our obedience dog training covers all aspects of canine discipline.

​

READ MORE

Puppy Training

Start your pup on the right paw with our expert puppy training services. We'll guide your young companion through their formative stages, ensuring they develop into well-behaved, confident dogs.

​

READ MORE

East Fenway, South End and Backbay Area Coverage

We proudly serve the entire East Fenway, South End and Backbay area, making our comprehensive range of services accessible to dog lovers across the region.

​

Ready to embark on a transformative journey with your pup? Contact Tricked Out Pup today and discover how we can create a harmonious and joyful life with your beloved pup.

Get in Touch

Address

83 Pembroke St, Boston, MA 02118

Contact

trickedoutpup26@gmail.com

(857) 957-0991

Socials

© 2023 Tricked Out Pup. Powered by Consumr Buzz."
The Daily Stroll,2026-09-22,4.4,4.4 stars,Dog day care center,"1117 Commonwealth Ave, Boston, MA 02215, United States",+1 617-860-6154,http://thedailystrollllc.com/,"9V2F+MJ Boston, Massachusetts, USA",,added,False,False,thedailystrollllc@gmail.com,"Skip to Content
About
Daycare Locations
Services
Book a Groom
New Clients
Existing Clients
WE LET THE DOGS OUT!

 Home of Brookline’s Premier Dog Daycare, Grooming, and Dog Walking Services.

Boston Dog Company 

Welcome to our dog company in Boston, the ultimate destination for pet owners looking for exceptional services without a hefty price tag. At The Daily Stroll, our low-cost dog company prioritizes the health and happiness of your pets. Our dedicated professionals offer comprehensive services designed to cater to every aspect of your dog's well-being. From daily walks to overnight stays, we're committed to providing the utmost care as the leading dog company in Boston.

E-mail us
What Services Does The Daily Stroll Offer? 

Your one-stop shop for dog daycare, boarding, grooming, and walking in Brookline.
 We offer affordable, high-quality pet care services designed to meet the unique needs of every dog. From reliable dog walking in Brookline, to professional dog grooming, to comfortable and caring dog boarding less than 8 miles from Boston Logan, we’re here to help your dog stay happy, healthy, and well cared for.

Our team provides personalized care you can trust - whether your dog needs daily walks, a fresh groom, or a safe and loving place to stay while you’re away.

Locations
Brookline:
Grooming Salon

417 Harvard Street

Learn More
Allston:
All Size Dog Daycare

1117 Commonwealth Avenue

Learn More
Brookline: 
Small Dog Daycare (<30lbs)

405 Harvard Street

Learn More
Coolidge Corner:
All Size Dog Daycare

310 Harvard Street

Learn More
A Little About Us

Started in 2014, The Daily Stroll has grown to offer dog daycare, walking, and grooming services. We are committed to the best treatment and care for your pups, whether at the spa or a nice hour-long walk down the street with some of your pup's best pals! At The Daily Stroll, we strive to emphasize and build on the relationships of our staff and your pups! Our employees have prior experience handling and caring for animals and are thoroughly trained before beginning employment. We want our handlers to be your pup's new best friend! 

In times when your pet needs medical attention, our partnership with a low-cost dog clinic provides the necessary healthcare services without a financial burden. As a premier pet salon, we offer grooming services that leave your pet looking and feeling their best. Our grooming specialists at the dog company are committed to providing a luxurious experience that caters to your pet's unique needs. As a low-cost dog company and premier pet salon, we believe in making top-notch grooming accessible for all. If your pet deserves a day of indulgence, our dog company is here to deliver with care and expertise.

Pamper Your Pet at Our Premier Salon 

In addition to our range of services, our dog company takes pride in our state-of-the-art premier pet salon, where your canine companion can be pampered to perfection. Prepare to be amazed by the transformation and joy that our services can bring to your beloved pet. To schedule a grooming session or learn more about our full range of services, don't hesitate to contact us and let our dog company be your partner in pet care excellence.

E-mail us
Join our mailing list

Sign up with your email address to receive news and updates.

 Sign Up

“My dog, Otis, LOVES going to daycare at The Daily Stroll. All the dogs are super friendly and playful. The DS staff are very attentive and ensure all the dogs are cared for and the locations are clean and well-kept. I highly recommend The Daily Stroll!”

— Nick with Otis

Follow our journey.
The Daily Stroll

Mailing Address:
417 Harvard Street
Brookline, MA 02446

Grooming Services: 617-860-6154

Daycare/Walking Inquiries: 617-869-2150

Small Dog Daycare: 617-991-7674

All Size Dog Daycare: 617-548-4834


TheDailyStrollLLC@gmail.com

Hours

Walking Services:
10AM-5PM Monday through Friday

Grooming Services:
8AM-4PM Monday through Saturday at 417 Harvard St location

11AM-6PM Wednesday through Saturday at the 310 Harvard St location

Daycare Services:
7AM-7PM Monday through Friday
9AM-5PM Saturdays at 310 Harvard St Only (Early Drop-Off 7-9am & Late Pick-Up 5-7pm Available for an additional $10 fee)

Join our mailing list

Sign up with your email address to receive news and updates.

 Sign Up"
The Dog Retreat and Spa,2026-09-22,4.8,4.8 stars,Dog day care center,"219 Bear Hill Rd, Waltham, MA 02451, United States",+1 781-604-7387,https://thedogretreat.com/,"9PMP+GC Waltham, Massachusetts, USA",,added,False,False,info@thedogretreat.com,"Skip to content
SERVICES
ABOUT
REVIEWS
GALLERY
BLOG
Client Login
Contact
Luxury Care for Dogs Who Deserve the Best.

Premium lodging, safe & engaging daycare, Luxury spa, and physical rehabilitation—all under one roof in Waltham, MA

Proof of town/city dog licenses is required

Daycare

Choose the style that fits your pup best: Regular Daycare offers safe, social play in larger groups (15:1 ratio), while Enrichment Daycare provides smaller groups (8:1 ratio) with enriching activities.

Explore Daycare
Overnight Lodging

From private suites to cage-free cuddle spaces, our lodging is designed for total relaxation. Each room features raised bedding, soft music, and personalized attention. With trained staff on-site day and night, you can rest easy knowing your pup is cared for around the clock.

Explore Lodging
Grooming

Everything from gentle baths and haircuts to coat conditioning, de-shedding, and pawdicures. Our groomers use high end products that leave coats soft, skin healthy, and dogs smelling amazing. Grooming services seven days a week, ensuring your dog always looks and feels their best

Explore Dog Grooming
Physical Rehabilitation

From post-surgery recovery to mobility challenges and strength conditioning, our certified rehab team helps dogs heal, build confidence, and move with comfort. Programs include treadmill therapy, balance and conditioning exercises, as well as fitness and conditioning.

Explore Rehabilitation
All-Inclusive Pet Retreat

From daycare to lodging, grooming, and physical rehab, we’ve got your dog’s every need covered in one convenient location.

All-Inclusive Pet Retreat
Staffed 24/7

Day or night, our team is on-site, watching over every bark, yawn, and playful jump with loving attention. Lodging pups are never left alone.

Staffed 24/7
High Safety Standards

We maintain strict safety with supervised play, clean comfortable spaces, and a low staff-to-dog ratio of 1:12–15. Outdoor yards are reinforced with underground mesh to keep even determined diggers safe.

High Safety Standards
State-Of-The-Art Facility

Built with a hi-flow air system featuring UV sanitizing light that kills 99.9% of viruses, bacteria, mold, and pathogens—helping prevent the spread of illness. Our cleaning system uses only animal-safe solutions throughout.

State-Of-The-Art Facility
Luxury All Over

Multiple indoor & outdoor play parks keep pups active and happy. Our largest indoor park has cushioned flooring to protect joints, while our outdoor spaces provide fresh air and safe social play.

Luxury All Over
Training

We’re thrilled to announce our partnership with MSPCA–Angell. Together, we’re bringing professional, reward-based training group classes right to our facility. Their certified behaviorist focus on building confidence, good manners, and stronger bonds between dogs and their families.

Whether you’re starting with a new puppy or helping an older dog refine their skills, MSPCA–Angell’s small-group classes offer the structure and support every dog needs to succeed.

Learn More
Keep Dogs On A Non-Retractable Leash With A Well-Fitted Harness Or Martingale.

We understand your dog may be great off-leash; however, with our facility located right next to a busy road and the highway, it is not worth the risk. Leash security is essential for everyone’s safety.

Give Space To Other Dogs Waiting Outside The Door.

Some dogs may be reactive,or nervous on leash. Please avoid leash greetings, even if dogs know each other from daycare. On-leash interactions can lead to barrier frustration, tension, or defensive behavior.

Call Upon Arrival For Our Main Unit.

Our main-unit door is locked 24/7 for safety reasons.

When you arrive, please call, and a staff member will let you in.

The doorbell is for use during off-hours when phones are offline.

Supervise Children Closely.

Not all dogs are comfortable around children, and loud noises or quick movements can increase stress for pets waiting in the lobby or outside.

Please keep children calm, nearby, and supervised at all times.

Whether your pet is here for a day or a month, they are part of our family.

Services
Lodging
Daycare
Grooming
Physical Rehab
Daycare Services
(781) 604-7387
info@thedogretreat.com
Physical Rehabilitation Center
781-548-3248
PhysicalRehab@TheDogRetreat.com
219 Bear Hill Rd, Waltham, MA, 02451
Main Lobby Hours
Mon–Friday 7:00am – 7:00pm
Saturday 9:00am To 5:00pm
Sunday 10:00am To 4:00pm
Physical Rehab Hours
Monday – Friday Appointment Only
Follow Us
thedogretreatandspa
rehab_at_thedogretreat
The Dog Retreat & Spa- Waltham

THE DOG RETREAT & SPA © 2026 - ALL RIGHT RESERVED | POLICIES & FAQS

Go to Top"
The Dog Retreat and Spa,2026-09-22,4.8,4.8 stars,Dog day care center,"219 Bear Hill Rd, Waltham, MA 02451, United States",+1 781-604-7387,https://thedogretreat.com/,"9PMP+GC Waltham, Massachusetts, USA",,added,False,False,physicalrehab@thedogretreat.com,"Skip to content
SERVICES
ABOUT
REVIEWS
GALLERY
BLOG
Client Login
Contact
Luxury Care for Dogs Who Deserve the Best.

Premium lodging, safe & engaging daycare, Luxury spa, and physical rehabilitation—all under one roof in Waltham, MA

Proof of town/city dog licenses is required

Daycare

Choose the style that fits your pup best: Regular Daycare offers safe, social play in larger groups (15:1 ratio), while Enrichment Daycare provides smaller groups (8:1 ratio) with enriching activities.

Explore Daycare
Overnight Lodging

From private suites to cage-free cuddle spaces, our lodging is designed for total relaxation. Each room features raised bedding, soft music, and personalized attention. With trained staff on-site day and night, you can rest easy knowing your pup is cared for around the clock.

Explore Lodging
Grooming

Everything from gentle baths and haircuts to coat conditioning, de-shedding, and pawdicures. Our groomers use high end products that leave coats soft, skin healthy, and dogs smelling amazing. Grooming services seven days a week, ensuring your dog always looks and feels their best

Explore Dog Grooming
Physical Rehabilitation

From post-surgery recovery to mobility challenges and strength conditioning, our certified rehab team helps dogs heal, build confidence, and move with comfort. Programs include treadmill therapy, balance and conditioning exercises, as well as fitness and conditioning.

Explore Rehabilitation
All-Inclusive Pet Retreat

From daycare to lodging, grooming, and physical rehab, we’ve got your dog’s every need covered in one convenient location.

All-Inclusive Pet Retreat
Staffed 24/7

Day or night, our team is on-site, watching over every bark, yawn, and playful jump with loving attention. Lodging pups are never left alone.

Staffed 24/7
High Safety Standards

We maintain strict safety with supervised play, clean comfortable spaces, and a low staff-to-dog ratio of 1:12–15. Outdoor yards are reinforced with underground mesh to keep even determined diggers safe.

High Safety Standards
State-Of-The-Art Facility

Built with a hi-flow air system featuring UV sanitizing light that kills 99.9% of viruses, bacteria, mold, and pathogens—helping prevent the spread of illness. Our cleaning system uses only animal-safe solutions throughout.

State-Of-The-Art Facility
Luxury All Over

Multiple indoor & outdoor play parks keep pups active and happy. Our largest indoor park has cushioned flooring to protect joints, while our outdoor spaces provide fresh air and safe social play.

Luxury All Over
Training

We’re thrilled to announce our partnership with MSPCA–Angell. Together, we’re bringing professional, reward-based training group classes right to our facility. Their certified behaviorist focus on building confidence, good manners, and stronger bonds between dogs and their families.

Whether you’re starting with a new puppy or helping an older dog refine their skills, MSPCA–Angell’s small-group classes offer the structure and support every dog needs to succeed.

Learn More
Keep Dogs On A Non-Retractable Leash With A Well-Fitted Harness Or Martingale.

We understand your dog may be great off-leash; however, with our facility located right next to a busy road and the highway, it is not worth the risk. Leash security is essential for everyone’s safety.

Give Space To Other Dogs Waiting Outside The Door.

Some dogs may be reactive,or nervous on leash. Please avoid leash greetings, even if dogs know each other from daycare. On-leash interactions can lead to barrier frustration, tension, or defensive behavior.

Call Upon Arrival For Our Main Unit.

Our main-unit door is locked 24/7 for safety reasons.

When you arrive, please call, and a staff member will let you in.

The doorbell is for use during off-hours when phones are offline.

Supervise Children Closely.

Not all dogs are comfortable around children, and loud noises or quick movements can increase stress for pets waiting in the lobby or outside.

Please keep children calm, nearby, and supervised at all times.

Whether your pet is here for a day or a month, they are part of our family.

Services
Lodging
Daycare
Grooming
Physical Rehab
Daycare Services
(781) 604-7387
info@thedogretreat.com
Physical Rehabilitation Center
781-548-3248
PhysicalRehab@TheDogRetreat.com
219 Bear Hill Rd, Waltham, MA, 02451
Main Lobby Hours
Mon–Friday 7:00am – 7:00pm
Saturday 9:00am To 5:00pm
Sunday 10:00am To 4:00pm
Physical Rehab Hours
Monday – Friday Appointment Only
Follow Us
thedogretreatandspa
rehab_at_thedogretreat
The Dog Retreat & Spa- Waltham

THE DOG RETREAT & SPA © 2026 - ALL RIGHT RESERVED | POLICIES & FAQS

Go to Top"
Groom With Me,2026-09-22,5.0,5.0 stars,Pet groomer,"527 Nantasket Ave Unit C, Hull, MA 02045, United States",+1 781-783-4989,http://www.groomwithme.com/,"74MG+5C Hull, Massachusetts, USA",,added,False,False,groomwithme2020@gmail.com,"Home
Pet Grooming Services
About
Community
[FAQ]
Careers

Truffles, Standard Poodle

One-on-one pet grooming and wellness focused cooperative-care in a crate-free facility with private grooming rooms or in our mobile grooming van.

We focus on calm, assertive energy to provide quality grooming, training, and wellness with the patience, compassion, attention to detail, and love that you have been looking for.
Groom With Me - Hull Salon

TEXT: 209-651-2829 or please use our book here button below!



Book SALON here

Groom With Me - South Shore Mobile

If you are an established South Shore Mobile client TEXT: 629-205-7130


Text for MOBILE here

Have a Special Pet or Unique Grooming Situation?

Every pet is special, and we understand that some companions may need a little more time, consideration, and planning before their grooming appointment.
If your pet has unique needs, grooming sensitivities, anxiety, behavioral concerns, a challenging grooming history, or you simply have questions or concerns you’d like to discuss first, we welcome the opportunity to connect with you before scheduling. A conversation ahead of time can help us better understand your companion, ease your concerns, and determine how Groom With Me can provide the safest, most supportive experience possible.
Please call 781-783-4989 or email groomwithmellc@gmail.com, and a member of our team will be happy to learn more about your pet and discuss the best way we can assist.
We look forward to getting to know you and your companion(s)!

Explore our LinkTree to learn more about Groom With Me and our commitment to being an advocate, cooperative-care grooming partner, and wellness specialist for pets and the people who love them.

Connect with us here: LinkTree

Groom With Me Team

Jennifer, Founder
Adin, Operations Manager
Kailen, Groomer
Kristy, Groomer
David, Groomer's Tech
Kristina, Groomer Tech

(updated group photo coming)

Serving pets and their people

Groom With Me
527C Nantasket Ave, Hull MA
(781) 783-4989
groomwithmellc@gmail.com
(accessible by car, boat, bus, ferry, bike)

South Shore Serving: Hull, Hingham, Cohasset, Scituate, Duxbury, Marshfield, Pembroke, Plymouth,Halifax, Rockland, Norwell, Hanover, Abington, Weymouth, and many more.

Transportation available for grooming and vet appointments with advanced notice


Monday 8am-4pm
Tuesday 8am-4pm
Wednesday 8am-7pm
Thursday 8am-4pm
Friday 8am-4pm
Saturday Closed
Sunday Closed

Nail Trim Clinics on the 2nd Friday of each month 10am - 12pm
(no appointment necessary, rabies certificate required)"
Groom With Me,2026-09-22,5.0,5.0 stars,Pet groomer,"527 Nantasket Ave Unit C, Hull, MA 02045, United States",+1 781-783-4989,http://www.groomwithme.com/,"74MG+5C Hull, Massachusetts, USA",,added,False,False,groomwithmellc@gmail.com,"Home
Pet Grooming Services
About
Community
[FAQ]
Careers

Truffles, Standard Poodle

One-on-one pet grooming and wellness focused cooperative-care in a crate-free facility with private grooming rooms or in our mobile grooming van.

We focus on calm, assertive energy to provide quality grooming, training, and wellness with the patience, compassion, attention to detail, and love that you have been looking for.
Groom With Me - Hull Salon

TEXT: 209-651-2829 or please use our book here button below!



Book SALON here

Groom With Me - South Shore Mobile

If you are an established South Shore Mobile client TEXT: 629-205-7130


Text for MOBILE here

Have a Special Pet or Unique Grooming Situation?

Every pet is special, and we understand that some companions may need a little more time, consideration, and planning before their grooming appointment.
If your pet has unique needs, grooming sensitivities, anxiety, behavioral concerns, a challenging grooming history, or you simply have questions or concerns you’d like to discuss first, we welcome the opportunity to connect with you before scheduling. A conversation ahead of time can help us better understand your companion, ease your concerns, and determine how Groom With Me can provide the safest, most supportive experience possible.
Please call 781-783-4989 or email groomwithmellc@gmail.com, and a member of our team will be happy to learn more about your pet and discuss the best way we can assist.
We look forward to getting to know you and your companion(s)!

Explore our LinkTree to learn more about Groom With Me and our commitment to being an advocate, cooperative-care grooming partner, and wellness specialist for pets and the people who love them.

Connect with us here: LinkTree

Groom With Me Team

Jennifer, Founder
Adin, Operations Manager
Kailen, Groomer
Kristy, Groomer
David, Groomer's Tech
Kristina, Groomer Tech

(updated group photo coming)

Serving pets and their people

Groom With Me
527C Nantasket Ave, Hull MA
(781) 783-4989
groomwithmellc@gmail.com
(accessible by car, boat, bus, ferry, bike)

South Shore Serving: Hull, Hingham, Cohasset, Scituate, Duxbury, Marshfield, Pembroke, Plymouth,Halifax, Rockland, Norwell, Hanover, Abington, Weymouth, and many more.

Transportation available for grooming and vet appointments with advanced notice


Monday 8am-4pm
Tuesday 8am-4pm
Wednesday 8am-7pm
Thursday 8am-4pm
Friday 8am-4pm
Saturday Closed
Sunday Closed

Nail Trim Clinics on the 2nd Friday of each month 10am - 12pm
(no appointment necessary, rabies certificate required)"
Toureen Pet Resort and Spa,2026-09-22,4.5,4.5 stars,Dog day care center,"380 Pleasant St, Watertown, MA 02472, United States",+1 617-923-3800,http://www.toureenkennels.com/,"9Q8X+M8 Watertown, Massachusetts, USA",,added,False,False,service@toureenkennels.com,"Skip to content
617-923-3800
service@toureenkennels.com
380 Pleasant St., Watertown, MA 02472
Home
About us
Services
Testimonials
Boarding Blog
Contact Us
Follow Us On Facebook
Comforting pet boarding and daycare
when you can’t be with them.
Schedule Services Online
The “pur-fect” place,
for your feline friend.
Schedule Services Online
Professional grooming services
to keep them looking their best!
Schedule Services Online
Comforting pet boarding and daycare
when you can’t be with them.
Schedule Services Online
The “pur-fect” place,
for your feline friend.
Schedule Services Online
Professional grooming services
to keep them looking their best!
Schedule Services Online
Comforting pet boarding and daycare
when you can’t be with them.
Schedule Services Online
The “pur-fect” place,
for your feline friend.
Schedule Services Online
Professional grooming services
to keep them looking their best!
Schedule Services Online
Best Doggy Daycare and Pet Boarding in Watertown Massachusetts – Since 1926

Since 1926, Toureen Pet Resort and Spa has been the heart of pet care in Watertown, MA, earning its place as the best pet boarding and dog daycare in Greater Boston. Our family-owned legacy, spanning three generations, serves pets from Belmont, Newton, Wellesley, Cambridge, Boston, Waltham, Wellesley, and even Cape Cod. Centrally located, our custom-designed boarding kennel and pet resort offers easy access, avoiding Boston’s downtown hustle. For local and traveling pets, dog boarding in Watertown, MA and cat boarding at Toureen means peace of mind and unparalleled care.

peter T.
2 weeks ago
My family has been using Toureen for at least 45 years! They are excellent ! I highly recommend !
Response from the owner:Peter, thank you so much for your wonderful review and recommendation! Knowing that your family has trusted Toureen with your pets for more than 45 years means a great deal to us. We’re incredibly grateful to have served generations of your family and truly appreciate your continued trust and loyalty. We look forward to caring for your family’s pets for many years to come!
Kasia G.
2 weeks ago
Fantastic❤️ They were so friendly and the place was super cute! Walter pup was very happy going... read more
D
3 months ago
Takes care of our dog very well.
Response from the owner:Thank you very much for taking the time to share your review of Toureen Pet Resort & Spa. It really means a lot to us. It's our honor to care for your dog and we're happy to know it gives you peace of mind. The Toureen Pet Resort & Spa Staff
Steve F.
5 months ago
Top Notch! Don’t go anywhere else. Our dog Nash gets so excited to go to Toureen that we feel bad... read more
Response from the owner:Thank you so much for your fantastic review! We’re delighted to hear how excited Nash is to come to Toureen — that kind of tail-wagging enthusiasm makes our day! Our team loves caring for him and being part of his routine, and it’s wonderful to know you feel confident and supported each time he visits. We truly appreciate your trust and recommendation!
Ryan M.
7 months ago
Great experience every time we go. Brian grooms my dog and he always goes an excellent job. He's a... read more
Response from the owner:Thank you so much, Ryan! We’re thrilled to hear you and your pup always have a great experience with us. Brian will be so happy to know his care and dedication make a difference. We truly appreciate your recommendation and look forward to seeing you both again soon!
Kevin O.
11 months ago
You can feel confident and assured that your pet will be well taken care of at Toureen. We've... read more
Response from the owner:This review made our day—thank you! Peace of mind is exactly what we aim for: thoughtful supervision, predictable routines, and a team chosen for skill and gentle handling. We’re glad you’ve found our pricing fair and our care dependable for your Weimaraner, no matter the length of stay. Please let us know any preferences to note for her next boarding, daycare day, or groom—we’re here to keep everything just right. With appreciation, Toureen Pet Resort & Spa
Carmine C.
11 months ago
We been going here for 25 years. We even drive further now since we move. We feel safe leaving our... read more
Response from the owner:Carmine, this means the world to us. For 25 years you’ve trusted our family with your pups—now Larry and Frank— even driving farther after your move. That loyalty means the world to us. As a third-generation, family-owned resort, our promise has never changed: your dogs’ health, safety, and comfort come first every single visit. Please give Larry and Frank an extra ear scratch from our team, and thank you for being part of the Toureen family since… well, almost forever! —From our family at Toureen Pet Resort & Spa
Andy A.
a year ago
The take such good care of my dog.
Response from the owner:Andy, thank you! Caring for your dog’s health, safety, and comfort is our first promise—every visit. I’ll share this with our team; it’ll make their day. We can’t wait to welcome your pup back soon. —From our family at Toureen Pet Resort & Spa
Alan D.
a year ago
Great grooming and boarding. Our puppy seemed happy and energetic when we picked him up and the... read more
Response from the owner:Alan, we’re so glad your puppy had a great stay and that the PWD groom was just right. Our grooming team focuses on safe techniques and thoughtful, breed-specific finishes, and our boarding team keeps the day balanced so pups go home relaxed and bright-eyed. Thank you for trusting us! —Warmly, Toureen’s third-generation owner
Renee R.
a year ago
I've been coming here for many years. I've taken my shitzhzu here+ now my lab/ retriever. Despite... read more
Response from the owner:Thank you Renee, for being such a longtime part of the Toureen family! We’re so glad to hear you’ve trusted us with both your Shih Tzu and now your Lab/Retriever, that means a lot to our team. It’s wonderful to know your pup feels comfortable coming in and leaves looking and smelling fantastic! We really appreciate your patience and kind words, and we’ll be sure to pass your compliments along to our groomers.
Diana B.
a year ago
Professional and friendly staff. My dog is always excited to come here and stay!
Response from the owner:Thank you, Diana, for sharing such thoughtful feedback. Knowing your dog is excited to come back is exactly what we strive for every day. We appreciate your support and are grateful to be your trusted choice for care at Toureen Pet Resort & Spa.
Sara R.
a year ago
simply the best !!! would not bring my dog anywhere else.
Andrew N.
a year ago
We have taken our boxer lab mix to daycare here for years. They take phenomenal care of him. And he... read more
Julie B.
a year ago
My dog loves going to “school” and playing with his friends. The staff are the best – super... read more
Michelle G.
a year ago
My dog is obsessed with Toureen! She's been going to daycare here 1-2x/week for the past 1.5 years,... read more
Meisui R.
a year ago
I have brought my cat here every 3-4months for the last ~two years for grooming, intermittent... read more
Patty B.
a year ago
I board my cat here when I travel. Bella gets lots of love and care.
Jacob M.
a year ago
Facility is clean and well-maintained.
The staff are reliable and friendly – keeping the right... read more
Robert W.
a year ago
Staff is always friendly and welcoming. Service is top notch.
Luis R.
a year ago
I recommend the place is awesome, and the staffers there listen to the facts. Plus the hours are... read more
Aroline H.
a year ago
Our pup was treated so well by the welcoming staff! He was happy to visit the second time, too (as... read more
David W.
a year ago
Had grooming done, excellent job. The facility is really clean and top notch staff
Sebastian D.
a year ago
Fantastic staff make this an outstanding doggie daycare!
Jennifer C.
2 years ago
Toureen is better than we could have hoped for. We can’t thank the caring and attentive staff... read more
Mary A.
2 years ago
Our puppy loves it there! The staff are wonderful, helpful, and efficient.

My dog is so happy coming to Toureen Pet Resort and Spa!

Andy A. | Newton, Ma.

DOGGIE DAYCARE
BOARDING
GROOMING
Exceptional Dog Boarding
Our first doggy daycare customer of the day!

Our dog boarding redefines comfort for dogs of all ages. Choose overnight boarding with Stay and Play ($95/night, group play or individual) or suite boarding ($115/night) for extra luxury.

Spacious, climate-controlled pens with high-quality bedding ensure restful nights, while our sanitary artificial turf supports safe outdoor play, grouped by size, age, and personality. Optional 20-minute play times ($15 each) add extra fun. From Belmont to Newton, Toureen’s dog boarding in Massachusetts is the best dog boarding choice.

Cozy Cat Boarding in Greater Boston
Loving care for your pretty kitties!

For cat boarding in the Greater Boston area, Toureen Pet Resort and Spa provides a tranquil haven for your feline friend ($35/night). Our cats relax in spacious, climate-controlled condos, some featuring clear-backed windows for ample natural light and luxurious bedding for ultimate comfort. Pet owners from Cambridge, Waltham and adjacent towns, rely on our pet boarding expertise to ensure their cats’ happiness and safety.

Vibrant Doggy Daycare

Our doggy day care keeps puppies and adult dogs active and engaged. Full-day ($48, 7am–6pm) or half-day ($38) options include group play in classes of 25 – 40, tailored for safe, positive socialization. Puppies under six months enjoy separate daycare groups to foster healthy development. Non-porous indoor flooring and outdoor artificial turf ensure a clean, fun environment. Easily accessible from Belmont and Newton, Toureen’s dog day care is a Boston area favorite.

Full-Service Pet Spa

Pamper your dog or cat with our grooming services at Toureen’s pet spa. Our breed-specific grooming supports large breeds like German Shepherds and Boxers, small breeds like French Bulldogs and Bichons Frises, and cats from long-hair Persians to short-hair Siamese. Each session enhances pet wellness with baths, trims, and care. Pet owners from Wellesley, Cambridge to Waltham pair grooming with boarding for a complete resort day spa experience.

Centrally Located and Easily Accessible From Boston, Brighton, Brookline, Cambridge, Newton, and Waltham

Boston: Head west on the Mass Pike (I-90 W) toward Newton and take Exit 127, then follow Washington Street into Watertown; continue via Adams Street, Bridge Street, and Pleasant Street to arrive—quick, direct, and highway-friendly.

Brighton: Follow Washington Street into Watertown, then transition to Adams Street, Bridge Street, and Pleasant Street; it’s a short, predictable route with minimal turns.

Brookline: Take Cypress Street toward Washington Street, connect via Parsons Street and N Beacon Street, then continue to Pleasant Street into Watertown; a simple surface-street drive with consistent flow.

Cambridge: Use Western Avenue to access I-90 W, take Exit 127 to Newton, then follow Washington Street, Adams Street, Bridge Street, and Pleasant Street into Watertown; a smooth mix of river road and highway.

Newton: Drive via Lowell Avenue and California Street to Bridge Street, then turn onto Pleasant Street into Watertown; fast local roads with straightforward wayfinding.

Waltham: From Main Street, take Elm Street to River Street; continue onto Pleasant Street and turn onto our entrance—an easy local route, perfect when you’re looking for dog daycare near Waltham.

Why Toureen Shines
We love boarding with Toureen!

Toureen is more than a boarding kennel—it’s a full-service pet resort blending boarding, daycare, and grooming. Our professional caregivers, with personal pet experience, combine deep animal care knowledge, a knack for making pets feel at home, and respect for individual needs. Housed with the Massachusetts Animal Medical Center and affiliated with Blue Pearl in Waltham, we ensure safety and health, requiring dog vaccinations to prevent canine influenza and other diseases. From Cape Cod to Greater Boston, our clean, modern boarding facilities set the standard for pet boarding in Boston.

Our Commitment to Pet Happiness

We prioritize safety, cleanliness, and love, ensuring pets are happy and healthy. Spacious boarding pens, well-ventilated cat condos, and non-porous surfaces reflect our high standards. Our thoughtful grouping creates safe, healthy social interactions, while fair pricing—seen as an investment in pet health, happiness, and security—delivers value. Pet owners in Wellesley, Belmont, Newton, Cambridge, and Waltham find our central Watertown, MA location a convenient escape from Boston MA traffic.

Visit or Contact Us

Explore Toureen Monday–Friday 8am–6pm, Saturday 8am–5pm, or Sunday 10am–5pm at 380 Pleasant St., Watertown, MA. For the best tour, visit mid-morning or mid-afternoon to see our lively daycare and boarding areas. New daycare clients need a first-day reservation for orientation, but returning pets can drop in. Have a question about core vaccines, pet suite services, or pet travel? Call 617-923-3800 or send us a message with our “contact us page”.

Book Your Pet’s Stay Today

Give your dogs and cats the best pet hotel experience at Toureen Pet Resort and Spa. Reserve dog boarding in Watertown, MA, cat boarding, or doggy daycare by calling 617-923-3800. With easy access from Wellesley, Belmont, Newton, Cambridge, Waltham, and beyond, Toureen is Greater Boston’s trusted pet boarding destination. Let your pet enjoy a vacation as much as you do!

Boarding and Daycare Frequently Asked Questions
I’m looking for Boston dog boarding. Is Toureen located in Boston?

Toureen Pet Resort & Spa is located in Watertown, MA, offering a convenient alternative to the hustle and traffic of downtown Boston. If you’re searching for Boston dog boarding, Toureen provides easy access from the Greater Boston area without the challenges of navigating busy city streets, ensuring a stress-free drop-off and pick-up experience for you and your pet.

When is the best time to visit and tour the facility?

You’re welcome to visit anytime we’re open (M-F from 8-6; Sat 8-5; Sun 10-5). However, in order to avoid waiting for us to finish serving our clients during busy drop-off and pick-up times, we recommend avoiding the first or last two hours of the day.  The mid-morning to mid-afternoon timing will also provide you with the best sense of what our supervised daycare and boarding areas are like when most of our guests are here.

Do I need to make a reservation, or call ahead, before bringing my dog or cat for daycare?

We only require a reservation for your pet’s first day with us, when we will orient and assess them to ensure the best possible experience for them – and you!  Otherwise, returning clients do not need to make a reservation.

Do I need to bring food for my dog or cat?

The food we serve is Science Diet – Sensitive Stomach brand, but you are welcome to provide any meals or treats that your dog or cat prefers, or requires due to allergies.  For any food you provide, we would appreciate it in labeled zip-top bags (pre-measured is preferable, but not required).

Can my dog play outside?

Yes! We maintain a large, safe, and sanitary outside space for dogs to explore and enjoy the freedom and fun of playing and socializing with new and old friends. Our caring, energetic supervisory staff thoughtfully separates groups of dogs by age, size and personality, and works to ensure that each guest enjoys a balanced, healthy day.

380 Pleasant St., Watertown, MA 02472
Phone: (617) 923-3800
Centrally located in Watertown, MA, Toureen Pet Resort & Spa serves Boston, Newton, Belmont and surrounding communities.
Hours of Operation
Mon–Fri. 7:00 a.m - 6:00 p.m.
Sat. 8:00 a.m - 5:00 p.m.
Sun. 10:00 a.m. - 5:00 p.m.
© 2026 Toureen Pet Resort & Spa, All Rights Reserved
Privacy Policy
Terms and Conditions
Care Agreement"
Polkadog Bakery,2026-09-22,4.8,4.8 stars,Pet supply store,"256 Shawmut Ave, Boston, MA 02118, United States",+1 617-338-5155,http://polkadog.com/,"8WVJ+8J Boston, Massachusetts, USA",,added,False,False,,
Robins Nest Pet Salon,2026-09-22,4.8,4.8 stars,Pet groomer,"4 Mt Vernon St, Arlington, MA 02476, United States",+1 339-368-7277,https://robinsnestpet.top/,"CR9M+F2 Arlington, Massachusetts, USA",,added,False,False,,"Sorry, you have been blocked
You are unable to access dogrb.com
Why have I been blocked?

This website is using a security service to protect itself from online attacks. The action you just performed triggered the security solution. There are several actions that could trigger this block including submitting a certain word or phrase, a SQL command or malformed data.

What can I do to resolve this?

You can email the site owner to let them know you were blocked. Please include what you were doing when this page came up and the Cloudflare Ray ID found at the bottom of this page.

Cloudflare Ray ID: a3f439a7d96e02de • Your IP: Click to reveal • Performance & security by Cloudflare"
"Boston's Best Dog Walkers and Pet Services, LLC (main)",2026-09-22,4.9,4.9 stars,Dog walker,"25 Northern Ave, Boston, MA 02210, United States",+1 857-312-0746,http://www.bostonsbestdogwalkers.com/,"9X32+8W Boston, Massachusetts, USA",,added,False,False,elias@holamicasa.com,"Skip to content
Sign In
Services
Blog
Train & Play
Features
Portal
Testimonials
Locations
Join Our Team
Partners
Contact
BOSTON'S BEST DOG WALKERS
AND PET SERVICES

Reliable and affordable care on a flexible schedule

Learn More
Fully Automated

Your one stop shop to book services, communicate with your pet's care provider, GPS track a walk, pay a bill, see pictures, or read journal entries.

Wondering where your dog walker is? With our new web portal and app, you can see in real time! Not only that but we'll give you pictures of your pet, and journal entries describing how the experience went. To make life easier, you can also see and schedule our services and set up automatic bill payments.

Read More
ABOUT BOSTON'S BEST DOG WALKERS

For more than 15 years, Boston’s Best Dog Walkers has helped busy pet parents give their dogs the exercise, attention, and care they deserve. 

 

From daily walks and structured daycare to boarding, training, and hiking adventures, we provide dependable pet care that gives you peace of mind.

 

Proudly serving Boston, Quincy, Milton, and nearby communities.

 

WHY PET PARENTS CHOOSE US

GPS-Tracked Walks

Follow every walk with GPS tracking for added transparency and peace of mind.

 

24/7 Service

Flexible pet care when you need it most, from daily walks to boarding and more.

 

Safety Comes First

Our First Aid and CPR-certified team puts your dog’s safety and well-being first.

OUR SERVICES
Bark Bus
Train & Play
Play Groups
Boarding
Training
Cat Visits
All Services
What Our Clients Say
Since I've been using Bostons Best its made me and my dogs life way easier!! There staff is VERY knowledgeable with dog training,dog care,dog wellness and are very friendly.
Cindy Grant-Hester
Chelsea
So friendly and they take such good care of my pitbulls. I live near Seaport Boston and was so happy to find this dog walking company. Sometimes my dogs attend the play groups and they love it! They get to interact with other dogs and run around. Love Boston's best dog walkers and so do my dogs!
Justin D.
Boston, MA
Bostons's Best Dog Walkers has been a GOD send. I've never had a problem with them since I've used them.
Eurisa Tolentino
Marina Bay
Since I've been using Bostons Best its made me and my dogs life way easier!! There staff is VERY knowledgeable with dog training,dog care,dog wellness and are very friendly.
Cindy Grant-Hester
Chelsea
So friendly and they take such good care of my pitbulls. I live near Seaport Boston and was so happy to find this dog walking company. Sometimes my dogs attend the play groups and they love it! They get to interact with other dogs and run around. Love Boston's best dog walkers and so do my dogs!
Justin D.
Boston, MA
See More Testimonials
Class is in session

Our structured train and play school is held daily at our new location: 168 Neponset Ave, Boston.

See Our Schedule

We are a team of Greater Boston pet care professionals. GPS Tracking, Reliable, Experienced, Affordable, Full service 24/7 pet care solutions on a flexible schedule is what makes us Boston’s Best Dog Walkers and Pet Services®, LLC

Links
Sign In
Services
Blog
Train & Play
Features
Portal
Testimonials
Locations
Join Our Team
Partners
Contact
Contact
Phone

857 312 0746


Location

Boston, MA

Email

info@bostonsbestdogwalkers.com

Boston's Best Dog Walkers And Pet Services, LLC 2026 All Rights Reservered

Terms & Conditions

Privacy Policy"
"Boston's Best Dog Walkers and Pet Services, LLC (main)",2026-09-22,4.9,4.9 stars,Dog walker,"25 Northern Ave, Boston, MA 02210, United States",+1 857-312-0746,http://www.bostonsbestdogwalkers.com/,"9X32+8W Boston, Massachusetts, USA",,added,False,False,info@bostonsbestdogwalkers.com,"Skip to content
Sign In
Services
Blog
Train & Play
Features
Portal
Testimonials
Locations
Join Our Team
Partners
Contact
BOSTON'S BEST DOG WALKERS
AND PET SERVICES

Reliable and affordable care on a flexible schedule

Learn More
Fully Automated

Your one stop shop to book services, communicate with your pet's care provider, GPS track a walk, pay a bill, see pictures, or read journal entries.

Wondering where your dog walker is? With our new web portal and app, you can see in real time! Not only that but we'll give you pictures of your pet, and journal entries describing how the experience went. To make life easier, you can also see and schedule our services and set up automatic bill payments.

Read More
ABOUT BOSTON'S BEST DOG WALKERS

For more than 15 years, Boston’s Best Dog Walkers has helped busy pet parents give their dogs the exercise, attention, and care they deserve. 

 

From daily walks and structured daycare to boarding, training, and hiking adventures, we provide dependable pet care that gives you peace of mind.

 

Proudly serving Boston, Quincy, Milton, and nearby communities.

 

WHY PET PARENTS CHOOSE US

GPS-Tracked Walks

Follow every walk with GPS tracking for added transparency and peace of mind.

 

24/7 Service

Flexible pet care when you need it most, from daily walks to boarding and more.

 

Safety Comes First

Our First Aid and CPR-certified team puts your dog’s safety and well-being first.

OUR SERVICES
Bark Bus
Train & Play
Play Groups
Boarding
Training
Cat Visits
All Services
What Our Clients Say
Since I've been using Bostons Best its made me and my dogs life way easier!! There staff is VERY knowledgeable with dog training,dog care,dog wellness and are very friendly.
Cindy Grant-Hester
Chelsea
So friendly and they take such good care of my pitbulls. I live near Seaport Boston and was so happy to find this dog walking company. Sometimes my dogs attend the play groups and they love it! They get to interact with other dogs and run around. Love Boston's best dog walkers and so do my dogs!
Justin D.
Boston, MA
Bostons's Best Dog Walkers has been a GOD send. I've never had a problem with them since I've used them.
Eurisa Tolentino
Marina Bay
Since I've been using Bostons Best its made me and my dogs life way easier!! There staff is VERY knowledgeable with dog training,dog care,dog wellness and are very friendly.
Cindy Grant-Hester
Chelsea
So friendly and they take such good care of my pitbulls. I live near Seaport Boston and was so happy to find this dog walking company. Sometimes my dogs attend the play groups and they love it! They get to interact with other dogs and run around. Love Boston's best dog walkers and so do my dogs!
Justin D.
Boston, MA
See More Testimonials
Class is in session

Our structured train and play school is held daily at our new location: 168 Neponset Ave, Boston.

See Our Schedule

We are a team of Greater Boston pet care professionals. GPS Tracking, Reliable, Experienced, Affordable, Full service 24/7 pet care solutions on a flexible schedule is what makes us Boston’s Best Dog Walkers and Pet Services®, LLC

Links
Sign In
Services
Blog
Train & Play
Features
Portal
Testimonials
Locations
Join Our Team
Partners
Contact
Contact
Phone

857 312 0746


Location

Boston, MA

Email

info@bostonsbestdogwalkers.com

Boston's Best Dog Walkers And Pet Services, LLC 2026 All Rights Reservered

Terms & Conditions

Privacy Policy"
Go Play,2026-09-22,4.4,4.4 stars,Dog day care center,"1046 Massachusetts Ave, Arlington, MA 02476, United States",+1 781-325-6088,https://www.goplaypetcare.com/,"CRCH+5V Arlington, Massachusetts, USA",,added,False,False,goplayarlington@yahoo.com,"	
GO PLAY! PET CARE - SERVING ARLINGTON, MA
	
HOME DAYCARE & PUPPY PRE-SCHOOL DOG GROOMING GROUP DOG TRAINING PRIVATE DOG TRAINING ABOUT US MORE...
 

Welcome to Go Play!  - Celebrating our 20th anniversary!

Established in 2006, we opened the first dog daycare in Arlington in historic Brattle Square.

We continue to hold ourselves to the highest standards and provide our clients with a ""one stop shop"" for puppy daycare pre-school, adult dog daycare, dog training, and dog grooming!

With our experienced and professional staff, you can be assured your dog will receive nothing but the very best care. If you have ever considered daycare, training, or grooming for the canine in your life and appreciate attentive staff working in a safe, positive, and structured environment, Go Play! is here for you!


	
Our Hours & Location
​
 Go Play!
1046 Massachusetts Ave
Arlington, MA, 02476

Daycare & Grooming Hours:
Monday through Friday
8:00am - 6:00pm

Group Classes held most weeknight evenings. Our class schedule can be found here!
​
For the safety of our grooming & daycare clients, our front & back doors are kept locked. We are closed to the public and do not allow drop-in visits.
We provide virtual tours to anyone interested in seeing our space.

We are a small company and allow our employees to spend holidays with family and friends. 
​We are closed for the following dates in 2026: 5/25, 6/29 - 7/10, 9/7, 11/26 - 27, 12/24 - 1/1. 

Texts preferred (all calls will be returned by the end of the business day): (781) 325 - 6088
GoPlayArlington@Yahoo.com
RAVEN WOLF
​JACK RUSSELL TERRIERS
	
Proudly powered by Weebly"
Golden Paws Pet Grooming,2026-09-22,4.6,4.6 stars,Pet groomer,"395 Lowell St, Lexington, MA 02420, United States",+1 781-274-9144,https://goldenpawspetgrooming.com/,"CRX2+GG Lexington, Massachusetts, USA",,added,False,False,goldenpawslexington@gmail.com,"Golden Paws
PET GROOMING
Home
Services
Breed Grooming
Service Areas
(781) 274-9144
Book Appointment
LEXINGTON, MASSACHUSETTS
Professional Dog Grooming in Lexington, MA. Serving Arlington, Woburn, Winchester & Surrounding Communities

For over 20 years, Golden Paws has been the trusted destination for professional pet grooming in Lexington and the surrounding towns, where every visit is tailored, every pet is cherished, and every coat leaves looking its very best.

Book Appointment
Call (781) 274-9144
Text us
4.6 ★ Google rating
5,000+ happy pets
20+ years
20+
YEARS OF EXPERIENCE
4.6 ★
GOOGLE RATING
5,000+
HAPPY PETS GROOMED
25+ Towns
PROUDLY SERVED
OUR SERVICES
Tailored to every pet's needs

Every grooming session is personalized to your pet's breed, coat, and temperament. No cookie-cutter cuts, just exceptional, individualized care.

THE REFRESH
Bath & Tidy Trim

Gentle warm bath, brush-out, nail trim, ear cleaning, and face-feet-fanny trim, plus your choice of complimentary teeth brushing or anal gland expression. The perfect refresh between full grooms.

SIGNATURE
Full Wash & Cut

Deep bath, breed-standard cut, blow-dry, ear cleaning, nail trim, sanitary trim, and paw cleaning, the full experience.

ALSO AVAILABLE
Senior Dog Package
Medicated Shampoo
De-shedding Treatment
Teeth Brushing
Express Appointments
Nail Trim & File
Dematting Service
Schedule a visit
Explore all grooming services
BREED GROOMING
Explore care by breed and coat type

Some dogs need precision scissoring, some need coat maintenance, and some need shedding control. Browse the breeds we groom most often at Golden Paws.

POPULAR
Goldendoodles & Doodles

Mat-prone, high-maintenance coats that do best on a consistent 4 to 6 week schedule with thorough brush-outs and coat-health-first grooming.

PRECISION
Poodles

Continuously growing coats that reward regular maintenance, scissor detail, and a grooming plan matched to the owner's preferred length.

UNDERCOAT
Golden Retrievers

Heavy seasonal shedding, feathering, and coat preservation make retriever grooming very different from haircut breeds.

BROWSE ALL
See All Breed Pages

Visit the breed grooming hub for Doodles, Poodles, Shih Tzus, Schnauzers, Bichons, Retrievers, Spaniels, and more.

TRANSFORMATIONS
See the Golden Paws difference

Real pets, real results.

Book your pet's transformation
CLIENT LOVE
Trusted by local pet families

Don't just take our word for it, hear from the families who trust us with their pets.

★★★★★

""Best groomer ever! They really care about my pup and do a wonderful job with my Bernedoodle. I highly recommend them!!!""

Bibi D. · Arlington, MA · Google Review
★★★★★

""Really happy with my grooming experiences at Golden Paws. They did a great job; my dogs look and smell beautiful, the staff was very friendly and the price was right. Took my very matted Shih Tzu puppy and made him into a rock star! Also, had no problem dealing with my other pup, who has an attitude when it comes grooming. Much Appreciated!""

Siobhan R. · Lexington, MA · Google Review
★★★★★

""Took our puppy in today for her first grooming! The staff was incredibly thoughtful during the booking process, taking the time to follow up with me and really understand what we were looking for. I was a little nervous since she has some separation anxiety, but she was so excited when she got in that she happy-peed, lol! When we picked her up, we were told she did really well. Couldn't be happier, overall, it was a wonderful experience, and they did an excellent job. 😊""

Kamryn K. · Woburn, MA · Google Review
★★★★★

""Really top notch grooming! My little guy got such a good haircut here ppl stopped me on walks to ask where he was groomed!""

Anne E. · Lexington, MA · Google Review
Book your appointment
OUR STORY
20 years of exceptional care

For more than two decades, Golden Paws has been the trusted grooming destination for the area's most discerning pet families, where artistry meets genuine compassion.

We prioritize pet safety and well-being above all else. Whether it's our medicated healing shampoo for dogs with skin sensitivities, our gentle de-shedding treatments, or our specialized care for senior and anxious dogs, every decision we make is guided by what's best for your pet, not just what looks good.

Severely matted coats are always humanely shaved down rather than painfully brushed through, and every pet receives a 5 - 8 week grooming schedule recommendation to keep their coat healthy and comfortable year-round.

Est. 20+ years · 395 Lowell St, Lexington, MA
HOW IT WORKS
Simple, seamless, stress-free
1
Book online or call/text

Schedule easily via our online booking system.

(781) 274-9144
2
Drop off

Bring your pet to our Lexington salon for a personalized grooming session.

3
Pick up & shine

Your beautifully groomed, happy pet is ready to strut their stuff.

Book your appointment
COMMON QUESTIONS
Frequently asked questions
Is Golden Paws appointment-only, or can I walk in?
How often should my dog be professionally groomed?
My dog's coat is matted. What happens at the appointment?
Do you groom cats?
What towns does Golden Paws serve?
How do I book an appointment?
Find us in Lexington
395 Lowell St, Lexington, MA 02420
(781) 274-9144
goldenpawslexington@gmail.com
@goldenpawspet
Tue – Sat: 8:00 AM – 4:00 PM
Lexington
Arlington
Woburn
Burlington
Winchester
Belmont
Bedford
Lincoln
Waltham
Stoneham
Watertown
Medford
See all service areas →

A good share of our regulars come from just over the line: Arlington dogs make the ten-minute run up Mass Ave via the Minuteman Bikeway, Bedford is barely over the town line on Route 4/225, Burlington owners take the ten-minute drive down Route 3 or 128, and dogs from Medford and Watertown make the fifteen- to twenty-minute trip out via I-93 or Route 2 for a calmer, appointment-only visit.

Golden Paws
PET GROOMING

Where every coat leaves looking its very best.

CONTACT
395 Lowell St, Lexington, MA 02420
(781) 274-9144
goldenpawslexington@gmail.com
@goldenpawspet
HOURS
Tuesday – Saturday
8:00 AM – 4:00 PM
Sunday – Monday: Closed
NAVIGATE
Home
Services
Services Hub
Breed Grooming
Service Areas
Book Appointment
SERVICE AREAS
Arlington, MA
Bedford, MA
Belmont, MA
Burlington, MA
Lincoln, MA
Medford, MA
Stoneham, MA
Waltham, MA
Watertown, MA
Winchester, MA
Woburn, MA
See all areas →
© 2026 Golden Paws Pet Grooming Inc. All rights reserved.
Lexington, MA"
Stinky's Kittens & Doggies Too,2026-09-22,3.7,3.7 stars,Pet store,"110 Bristol Rd, Somerville, MA 02144, United States",+1 617-623-0265,http://stinkyskittens-doggiestoo.com/,"CV2P+4W Somerville, Massachusetts, USA",,added,False,False,stinkysgrooming@msn.com,"Home
Services
Shop Online
Photo Galery
Policy
About Us


The One place for pet grooming, pet sitting, natural pet supplies and giftware for you and your pet..

 

At stinky's, we take time to ensure the safety of our clients pets never compromising our high level of service. Our furry clients are guaranteed our undivided attention at all times. Our goal is simple: to develop a life-long relationship with you and your pet by providing the best professional and compassionate grooming and pet sitting service.

Payment is expected when grooming services are rendered, and before the start of any pet sitting services.

 

Address:

Stinky's Kittens & Doggies Too..
110 Bristol Rd.
Somerville MA 02144-1323
stinkysgrooming@msn.com
(617) 623-0265

scan our address to your mobile phone here!


Hours Of Operations:

Mon. & Tues: 9:30am - 5:30pm
Thus: 9:30am - 6:00pm
Fri: 9:30am - 6:00pm
Sat: 9:30am - 5:00pm


Closed Sun, Wed and Major Holidays


Grooming By Appointment
Call For Nail Trims Only

In-store Payment Options:





Now Hiring Pet Sitters!!
Please email or visit the store

 


Proud Member Of:
"
Polkadog Bakery,2026-09-22,4.7,4.7 stars,Pet supply store,"119 Seaport Blvd Unit A, Boston, MA 02210, United States",+1 617-936-3957,http://polkadog.com/,"9X24+93 Boston, Massachusetts, USA",,added,False,False,,
Polkadog Bakery,2026-09-22,4.8,4.8 stars,Pet supply store,"42 South St, Boston, MA 02130, United States",+1 617-522-1931,http://polkadog.com/,"8V5M+7V Boston, Massachusetts, USA",,added,False,False,,
The Dog Scoop,2026-09-22,4.8,4.8 stars,Dog day care center,"216 Webster St, Newton, MA 02465, United States",+1 617-244-8944,http://www.thedogscoop.com/,"8QX7+FG Newton, Massachusetts, USA",,added,False,False,info@thedogscoop.com,"Skip to content

info@thedogscoop.com

(617) 244-8944

Facebook
 
Instagram
About Us
Daycare
Boarding
Grooming
FAQs
My Account
Join Our Pack!
Fill Out Our New Client Form
Click here
Daycare

Mon – Fri: 7:00 am – 7:00 pm

Sat – Sun: CLOSED

Boarding

Mon – Fri: 7:00 am – 7:00 pm

Sat – Sun: 10:00 am – 5:00 pm

Holidays: 10:00 am – 5:00 pm

Grooming

Mon – Fri: 9:00 am – 5:00 pm

Sat – Sun: CLOSED

Join Our Pack!
Fill Out Our New Client Form
Click here
Daycare

Mon – Fri: 7:00 am – 7:00 pm

Sat – Sun: CLOSED

Boarding

Mon – Fri: 7:00 am – 7:00 pm

Sat – Sun: 10:00 am – 5:00 pm

Holidays: 10:00 am – 5:00 pm

Grooming

Mon – Fri: 9:00 am – 5:00 pm

Sat – Sun: CLOSED

Welcome To The Pack

 

The Dog Scoop, located in West Newton, Massachusetts, is a pioneer in canine daycare and boarding. A Best of Boston pick, The Dog Scoop is known for its caring, experienced staff, and its outstanding customer service. The Dog Scoop operates with an “Open Pack” concept with plenty of indoor and outdoor areas for dogs to play, socialize, and relax. We believe in letting your dog be a dog!

 

The Dog Scoop’s popular daycare program has been operating since 2003. We also provide boarding and bathing services in our on-site grooming facility, part of the expanded grooming and boarding space we opened in December 2012.

 

The Dog Scoop is committed to providing your dog with a happy, safe, enjoyable environment whether it’s for a day, an overnight, or during your extended vacation. Call (617) 244-8944 for more information today!

Our Services
Daycare
Boarding
Grooming
This is the best daycare ever. My dog LOVES it. All of the attendants are warm, kind, and happy to be there!! At other daycares my pup would lag behind, not wanting to go in. But here she drags me in!!
Liv
We would HIGHLY recommend the Dog Scoop for daycare, grooming, overnights and any of their other services – it’s a FUN place for your 4-legged loved one!
Sarah
I wanted to let you know how happy I’ve been with The Dog Scoop. Your operation is one of the best run businesses that I have ever dealt with & I have appreciated your patience with the frequent schedule changes I have had to make over the past year in particular. It goes without saying that I will continue to recommend you guys to anyone I know who is looking for dog daycare in the Newton area.
David
My very sensitive rescue has been at the Dog Scoop for 3 years. I wouldn’t want her with any other daycare! The staff are nothing short of incredible. Dedicated, fastidious, empathetic. Total dog lovers.
Gillian
We love the Dog Scoop and so does our high-energy dog! They are always friendly, kind, help sort out what you and your dog needs. The access to both indoor and outdoor space makes this place perfect for our dog. We are just so grateful to have the extended support for our dog through Dog Scoop.
Yaminette
We have been taking our dog to The Dog Scoop for 7 years, they are amazing! They have been wonderful and accommodating and are just the best! We love them sooo much and so does our dog!
Stephanie
Our dog has been going here for a few years now. They're fantastic. They know what they're doing. Good communication. They seem very responsible and helpful. Our dog had some random behavioral problem and they were extremely flexible and helpful.
Sean
This is the best daycare ever. My dog LOVES it. All of the attendants are warm, kind, and happy to be there!! At other daycares my pup would lag behind, not wanting to go in. But here she drags me in!!
Liv
We would HIGHLY recommend the Dog Scoop for daycare, grooming, overnights and any of their other services – it’s a FUN place for your 4-legged loved one!
Sarah
DAYCARE

Monday – Friday: 7:00 am – 7:00 pm

Saturday & Sunday: CLOSED

Holidays: CLOSED

BOARDING (by appointment only)


Monday – Friday Drop Off: 7:00 am – 7:00 pm

Saturday & Sunday Drop Off: 10:00 – 5:00 pm

Holiday Drop Off: 10:00 – 5:00 pm

GROOMING (by appointment only)

Monday – Friday: 9:00 am – 5:00 pm"
Love for paws Dog Grooming,2026-09-22,4.8,4.8 stars,Pet groomer,"812 Main St, Malden, MA 02148, United States",+1 781-420-7562,https://instagram.com/_loveforpawsgrooming?igshid=MzRlODBiNWFlZA==,"CWMJ+MQ Malden, Massachusetts, USA",,added,False,False,,"Log In
Sign Up
_loveforpawsgrooming
1,066 followers
935 following
💜🐾Love for Paws🐾💜
🐶Love is a four paws word 💜🐾
❤️Certified professional groomer +6y
🛁 Monday-Wednesday-Thursday-Friday-Saturday
📲 By appo... 
more
wa.me/message/OKEFYO6FOUYJH1
Before❗️After 🐶
Cute faces 💜
Our Services 💜🐶
Reviews ⭐️🐶
Artistic 💜
Promo 💜🐶
Before/after ❤️
Color’s 🐶
!!!Avisos!!!
Penteados ❤️
Show more posts from _loveforpawsgrooming
Meta
About
Blog
Jobs
Help
API
Privacy
Terms
Locations
Popular
Instagram Lite
Meta AI
Muse
Threads
Contact Uploading & Non-Users
Meta Verified
English
Afrikaans
العربية
Čeština
Dansk
Deutsch
Ελληνικά
English
English (UK)
Español (España)
Español
فارسی
Suomi
Français
עברית
Bahasa Indonesia
Italiano
日本語
한국어
Bahasa Melayu
Norsk
Nederlands
Polski
Português (Brasil)
Português (Portugal)
Русский
Svenska
ภาษาไทย
Filipino
Türkçe
中文(简体)
中文(台灣)
বাংলা
ગુજરાતી
हिन्दी
Hrvatski
Magyar
ಕನ್ನಡ
മലയാളം
मराठी
नेपाली
ਪੰਜਾਬੀ
සිංහල
Slovenčina
தமிழ்
తెలుగు
اردو
Tiếng Việt
中文(香港)
Български
Français (Canada)
Română
Српски
Українська
© 2026 Instagram from Meta
See photos, videos and more from _loveforpawsgrooming
Sign up and never miss a post from _loveforpawsgrooming.
Sign up
Log in"
Belmont Pet Shop,2026-09-22,4.5,4.5 stars,Pet supply store,"17 Flett Rd, Belmont, MA 02478, United States",+1 617-484-4216,https://belmontpetshop.com/,"9RM9+JP Belmont, Massachusetts, USA",,added,False,False,,"Skip to content

Belmont Pet Shop
Home 
Pet Products & Services
Pet Supplies
 
Small Pet Grooming
 
Pet Boarding
 Shop Now Gallery 
Contact
Reviews
 
Feedback
(617) 484-4216
Welcome to
Belmont Pet Shop
SHOP NOW
Your Local Pet Store in Belmont, MA

Welcome to Belmont Pet Shop Your neighborhood pet store since 1948 – where quality, care, and community come first. For over 75 years, Belmont Pet Shop has proudly served the Belmont, MA community with a simple promise: we only carry products we trust for our own pets. That means no filler foods, no trendy gimmicks—just honest, high-quality pet care from people who truly care. We’re more than just a pet supply store. We’re your local go-to for expert grooming, small animal boarding, walk-in

TREAT YOUR PET TO THE BEST – CONTACT US

Your Local Pet Store

If you’re looking for an all-in-one pet store in Belmont, MA, Belmont Pet Shop is the place to visit. We offer all of the most popular pet services, including grooming, training and boarding, as well as a full line of pet products and supplies for your animals. We have an excellent selection of dog and cat food, leashes, collars, dog beds, cat toys and much, much more. Our full range of grooming services include bathing, hair trimming, nail trimming, gland expression, ear cleaning and just about anything else your pet could need. Going away on vacation? We also provide small animal boarding for reptiles, birds, hamsters, guinea pigs, ferrets, mice, rabbits, gerbils and other small pets in your absence.

Who We Are

We have been proudly providing pet supplies in Belmont, MA since 1948 and in that time we have accumulated a wealth of knowledge, experience and resident support, resulting in a number of prestigious awards. We have been selected as the number one pet store regionally for the last four years running, and number one in Belmont, MA for the last 16 years in a row. With these accomplishments, it’s clear that we are much more than a simple seller of dog beds in Belmont, MA. Take a look at a few of the other reasons why people in the area choose to contact us to take care of their supply needs:

We offer high-quality supplies and food in Belmont, MA
We offer a huge range of pet products including toys, leashes, beds and collars in Belmont, MA
We are Massachusetts State certified pet groomers
We are members of The United States Humane Society, The Belmont, MA Watertown Local First and Cat Connection

CALL US TODAY

See What Our Customers Are Saying
Laura G.

Good spot to find healthy pet food – not processed crap. Staff seems to love their job. Prices are slightly higher than I’m used to paying but worth it since they usually have my dog’s food in stock.

Maggie H.

My dog gets very anxious getting his nails trimmed- so much so that other places have just given up. When I brought him here, though, they were able to calm him down and do his nails, no problem. Very pleased with their service.

Dakota S.

Such a wide array of things! Great staff! Helped me with my 1.5 pound puppy which is a feet in itself.

Quentin F.

Belmont pet shop has a great selection of food, treats and pet supplies and a very helpful staff. Two paws waaay up!

Contact Us Today!

Belmont Pet Shop has been proudly serving the people and pets of Belmont, MA since 1948, and our caring staff is dedicated to continuing to uphold our dedication to excellent product selection and service. No matter if you’re new to pet ownership or you’ve been a committed animal lover for decades, you’ll find just what you need here.

Serving the following areas: Belmont, MA | Watertown, MA | Newton,, MA | Lexington, MA | Cambridge, MA | Waltham, MA | Arlington, MA | Medford, MA | Somervile, MA |Boston, Ma Winchester, MA

TREAT YOUR PET TO THE BEST – CONTACT US

Location
17 Flett Rd
Belmont, MA 02478
 (617) 484-4216
    

Quick Links

PET SUPPLIES & GROOMING
SHOP NOW
CONTACT US

Business Hours
Monday – Friday: 9:00 AM – 6:00 PM
Saturday: 9:00 AM – 5:30 PM
Sunday: 10:00 AM – 5:00 PM
© 2026 Belmont Pet Shop. All Rights Reserved | Terms of Conditions | Privacy Policy | Sitemap
Sign up for updates!

Get news from Belmont Pet Shop in your inbox; including deals, nutrition tips, and pet world news!

Email
 Sign up!

By submitting this form, you are consenting to receive marketing emails from: Belmont Pet Shop, 17 Flett Road, Belmont, MA, 02478, US, http://www.belmontpetshop.com. You can revoke your consent to receive emails at any time by using the SafeUnsubscribe® link, found at the bottom of every email. Emails are serviced by Constant Contact."
Posh Pet LLC,2026-09-22,4.5,4.5 stars,Pet groomer,,+1 339-221-3446,https://book.squareup.com/appointments/30e7f972-655b-4142-88b5-bb7c2a502226/location/B6M166FKSWDD1/services,,,added,False,False,joeber.rst@gmail.com,"Posh Pet LLC
Services
Nail service

🐾Careful trimming and grinding of overgrown nails to restore comfort.

$40.00 ・ 25 min

Ear treatment

🐾 Ear cleaning: A ear check and if required gentle cleaning to wipe away wax and debris.

$25.00 ・ 15 min

Brush out & deshed

🐾Leaves your pet fluffy, soft, and looking their best.

$50.00 ・ 25 min

Shave No bath

🐾Smooth shave

$85.00 ・ 1 hr 15 min

Dental care

🐾A dental check and gel and breath-freshening application to help promote oral health.

$15.00 ・ 10 min

Dog walking

$30.00 ・ 30 min

Complete bath pkg

Includes nail trim, nail grind, dental, ear cleaming, thorough baths, blow dry, brushout/furminator

Price varies ・ 45 min+

Complete bath & haircut pkg

Includes nail trim, nail grind, dental, ear cleaning, thorough baths, blow dry, brushout, haircut and sanitary cut. Trims are discounted.

Price varies ・ 1 hr 15 min+

Appointment summary
No services added yet
Next
Powered by Square
Cookie Preferences"
Paws To Consider,2026-09-22,5.0,5.0 stars,Dog walker,"24 Hall St, Boston, MA 02130, United States",+1 617-983-5434,https://www.pawstoconsider.com/,"8V3P+XG Boston, Massachusetts, USA",,added,False,False,info@pawstoconsider.com," 
HOME
 
ABOUT US
 
SERVICES
 
REVIEWS
 
CONTACT US
 
BOOK APPOINTMENT

CAT CARE

	
123
AWARD WINNING, AFFORDABLE, TRUSTED DOG WALKING SERVICE
ABOUT PAWS TO CONSIDER

Established in 2002, Paws to Consider has been walking dogs in Boston ever since, and with our team of professional dog walkers, Paws has consistently provided outstanding dog walking and pet care service in Jamaica Plain, Brookline, West Roxbury, Roxbury, Hyde Park and Allston.

With a focus on quality, consistency and attention to detail, Paws is always willing to go above and beyond to ensure your dog enjoys a top of the line walk. Paws is fully bonded and insured and our team of walkers are experienced, background checked, vetted and trained to handle all types of dogs and situations. Every client is assigned a primary and back up walker to ensure availability for walks, and for the dog walker to build a strong rapport and bond with your dog. *

READ MORE
SERVICES
Dog Walking
Cat Care
Pet Sitting
Dog Training
PHOTOS FROM OUR WALKS

We are fully bonded and insured, NAPPS certified and offer GPS, Notes, and Photos with every walk

MAKE AN APPOINTMENT
Street Address *
Address Line 2 *
City *
Alabama
Alaska
American Samoa
Arizona
Arkansas
California
Colorado
Connecticut
Delaware
District of Columbia
Florida
Georgia
Guam
Hawaii
Idaho
Illinois
Indiana
Iowa
Kansas
Kentucky
Louisiana
Maine
Maryland
Massachusetts
Michigan
Minnesota
Mississippi
Missouri
Montana
Nebraska
Nevada
New Hampshire
New Jersey
New Mexico
New York
North Carolina
North Dakota
Northern Mariana Islands
Ohio
Oklahoma
Oregon
Pennsylvania
Puerto Rico
Rhode Island
South Carolina
South Dakota
Tennessee
Texas
Utah
U.S. Virgin Islands
Vermont
Virginia
Washington
West Virginia
Wisconsin
Wyoming
Armed Forces Americas
Armed Forces Europe
Armed Forces Pacific
State *
Zip Code *
 
Choose Service Request
Dog Walk
Cat Care
Pet Sitting
Transportation
Frequency of Visits
Daily
Weekly
Varies
Submit
OUR GALLERY

OPENING HOURS

}
	

Monday - Sunday      9:00AM - 9:00PM

}
	

Walking Hours          10:00AM - 4:00PM

We proudly serve the following areas: Jamaica Plain, Brookline, West Roxbury, Roxbury, Roslindale, Hyde Park, Allston, Mission Hill, Brighton, Dedham, Dorchester, Chestnut Hill, Mattapan, South Boston, Needham, Newton
BONDED AND INSURED
	

We provide service to our clients 7 days a week and will be there when you can’t, to love your pet (almost) as much as you do! Paws to Consider is fully insured and bonded, and a proud member of the National Association of Professional Pet Sitters (NAPPS).

PAWS TO CONSIDER

24 Hall St.
Jamaica Plain, MA 02130

Phone:           +1 617-983-5434

Email:            info@pawstoconsider.com

© 2026 Paws To Consider. All Rights Reserved | Sitemap A/B | Privacy Policy
We're offline

Leave a message"
