Name,Date,Rating,Total Reviews,Category,Address,Phone,Website,Plus Code,Hours,Status,Offer,Bad Website,email,website_content
Little Ark Dog Grooming,2026-09-23,4.7,4.7 stars,Pet groomer,"748 14th St, San Francisco, CA 94114, United States",+1 415-626-7574,http://www.littlearkgrooming.com/,"QH9C+42 Duboce Triangle, San Francisco, CA, USA",,added,False,False,,
Velvet Paw Studio SF,2026-09-23,5.0,5.0 stars,Pet groomer,"431 Stockton St, San Francisco, CA 94108, United States",+1 415-531-4297,http://www.velvetpawstudiosf.com/,"QHRV+23 Union Square, San Francisco, CA, USA",,added,False,False,velvetpawstudiosf@gmail.com,"Home
Book Online
Portfolio Page
My Addresses
Log In

Professional Dog Grooming in San Francisco | Velvet Paw Studio SF

Professional one-on-one grooming at Velvet Paw Studio SF, focused on your dog’s comfort and well-being.

Book an Appointment
Every Dog Deserves a Velvet Paw Experience
All Services
Bath & Brush
Full Groom
Deshedding
Quick Services
Bath & Brush (Small)

1 hr

50 US dollars

$50

Book Now
Bath and Brush (Medium)

1 hr 30 min

65 US dollars

$65

Book Now
Bath & Brush (Large)

1 hr 30 min

75 US dollars

$75

Book Now
Bath & Brush Session (X-Large)

2 hr

95 US dollars

$95

Book Now
Full Groom (Small)

1 hr 30 min

100 US dollars

$100

Book Now
Full Groom (Medium)

1 hr 30 min

115 US dollars

$115

Book Now
Full Groom (Large)

2 hr

135 US dollars

$135

Book Now
Full Groom (X-Large)

2 hr

155 US dollars

$155

Book Now
Puppy Grooming

1 hr 30 min

85 US dollars

$85

Book Now
Full Deshedding Treatment (Small)

1 hr 30 min

125 US dollars

$125

Book Now
Full Deshedding Treatment (Medium)

1 hr 30 min

150 US dollars

$150

Book Now
Full Deshedding Treatment (Large)

2 hr

180 US dollars

$180

Book Now
Full Deshedding Treatment (X-Large)

2 hr

210 US dollars

$210

Book Now
Teeth Brushing

15 min

10 US dollars

$10

Book Now
Nail Trim

15 min

20 US dollars

$20

Book Now
Anal Glands

15 min

20 US dollars

$20

Book Now
Every grooming service at Velvet Paw Studio SF includes:
🛁 Bath with premium shampoo
🫐 Blueberry facial
💨 Blow dry & complete brush out
✂️ Nail trim or nail grinding
👂 Ear cleaning or ear plucking (when appropriate)
🦷 Teeth brushing
🐾 External anal gland expression (when appropriate)
🐕 Paw pad & sanitary trim
✨ Finishing spray
🎀 Complimentary bandana

Precision & Detail • Calm Experience • One-on-One Care • Gentle Handling • Refined Results

Guided by a Calm, Artisanal Philosophy

At Velvet Paw Studio SF, grooming is done one dog at a time in a calm, private setting. Every bath, trim, and finish is handled with care, precision, and attention to detail.

Certified Professional Bather

Certified Professional Bather with comprehensive safety training focused on health and sanitation standards in the grooming salon.

Certifications & Training

At Velvet Paw Studio SF, your dog’s safety and comfort are our highest priorities. We continuously advance our expertise through ongoing education and specialized training to uphold the highest grooming standards.

Certified Professional Groomer

Certified Professional Groomer with advanced training in precision scissoring and refined, detail-oriented styling.

Certified Pet Stylist

Certified Pet Stylist with advanced training in creative, detail-oriented grooming and refined finishing techniques.

Get in touch with Velvet Paw Studio SF

We focus on quality and attention to detail in every one-on-one session. Located in San Francisco, our calm, controlled environment ensures your dog stays comfortable and well cared for.

San Francisco, CA

velvetpawstudiosf@gmail.com

+1(415)531-4297

By Appointment Only • Mon - Fri

Velvet Paw Studio SF

Professional dog grooming in San Francisco. Please fill out the form below to request an appointment for your furry friend.

Owner's First Name*
Owner's Last Name*
Email Address*
Phone
Dog's Breed*
Dog's Size*
Small (under 20 lbs)
Medium (20-50 lbs)
Large (50-90 lbs)
Extra Large (90+ lbs)
Grooming Session Details
Request Appointment

Thoughtful grooming for a calm and happy pet.

              Velvet Paw Studio SF 

Contact

San Francisco, CA
velvetpawstudiosf@gmail.com

+1(415)531-4297

Information

Privacy Policy
Terms of Service
Booking Policies

Connect

Paw-sitively Pampered One Dog at a Time.

© 2026 Velvet Paw Studio SF."
Pawz Spa Grooming,2026-09-23,4.7,4.7 stars,Pet groomer,"2826 Geary Blvd, San Francisco, CA 94118, United States",+1 415-828-6808,https://www.pawz-spa.com/,"QHJ2+X5 Laurel Heights, San Francisco, CA, USA",,added,False,False,pawzspasf@gmail.com,"HOMEABOUT USSERVICESABOUT MECONTACT
ABOUT US
ESTABLISHED IN 2018

Tina Your Expert Groomer  Certified Pet Groomer Since 2012

2826 GEARY BLVD. SAN FRANCISCO,  CA 94118
CONTACT 415-828-6808

FINE LUXURY GROOMING IN 
INNER RICHMOND
& 
LAUREL HEIGHTS
FOR DOGS OF ALL BREED 

   Our business specialize in dog grooming. We would love to meet your dog and we believe your dog would love our grooming services. Grooming your pet is a very important part of your dog’s health, hygiene, and overall well-being. Not to mention it makes them  look and feel better. A routine grooming also allows you to examine your pet's coat, teeth, eyes, ears and nails for health problems.

SERVICES

REGULAR BATH 
INCLUDES THE FOLLOWING:
SPA BATH W/ QUALITY SHAMPOO 
BLUEBERRY FACIAL WASH
HAND BLOW DRYING
BRUSH OUT
FULL BATH WITH PARTIAL GROOM 
INCLUDES THE FOLLOWING:
SPA BATH W/ QUALITY SHAMPOO 
BLUE BERRY FACE WASH
HAND BLOW DRYING
BRUSH OUT
GLANDS EXPRESSED (UPON REQUEST)
EAR CLEANING (PLUCKING ADDITIONAL)
SANITARY AND FOOT PAD TRIM
NAIL TRIM (DREMEL ADDITIONAL)

BATH BENEFITS 

Bathing your dog isn’t just good for their hygiene it is also an excellent chance to check for abnormal scratches, bumps, fleas, and other abnormalities. These things are easier to see when their hair is wet and flat against their body. 

FULL GROOM W/ SPA BATH 
INCLUDES THE FOLLOWING:
FULL SPA BATH
AND
FULL BODY AND FACE HAIRCUT 
FULL GROOM BENEFITS

Canine haircut can remove excess fur, painful mats, dander, and shedded hair that can cause skin irritation. These irritants can often lead to excessive itching and stratching causing lesions that become infected. 

There are a few factors that determine your pup's groom and bath routine: hair length, activity level, allergies and skin conditions. Depending on those factors, your pup may need a groom and bath more or less often.

A LA CARTE - WALK IN SERVICES STAND ALONE

 Nail Trim - $15 - $30

Ear Wash and Plucking - $10-$20

Gland Expressed - $25

Teeth Brushing - $10 

A LA CARTE - ADD ON SERVICES TO BATH OR GROOM 

Furminator (Fur Desheding) - $20 & Up

Light Trim (Any Area) Less Than 10 Min - $20

Eliminate Flea Deep Cleaning Shampoo - $5 & Up

Dematting ( $1 a minute) 

Nail Dremel - $5-$15

Ear Plucking - $5-20

EXAMPLE OF STARTING PRICES 
SMALL: MALTESE, YORKSHIRE, CHIHUAHUA, 
TOY POODLES (UNDER 14LBS)

Bath with light Trim $70-up Full groom $105-up

MEDIUM: DOODLES, LABRADOR, BASSET HOUND 

Bath with light Trim $85-up Full Groom $135-up

LARGE: GOLDEN RETRIEVER, HUSKIES, STANDARD POODLES, LARGE DOODLES

Bath with Trim $110- up Full Groom $155-up

ABOUT ME

Pawz Spa Grooming is a high end dog grooming spa, established and owned by master groomer, Tina Kwong, who started the business back in 2016, with her first location located over by Union St. 
With over 10 years of dog grooming experience, Tina Kwong is rated as one of Bay Area’s top dog groomers, according to sfist.com. Her dedication to her craft, as well as her love for dogs has garnered her a huge loyal following of clients, which is why her schedule is always fully booked throughout the year. 

Unlike most dog grooming places here in the Bay Area, Pawz Spa Grooming offers an exclusive one on one dog grooming service, focusing on just one dog at a time, with immaculate dedication to aesthetic details, hygiene, and complete customer satisfaction. 
Dogs are always promptly groomed on schedule and at a competitive price, reflecting Tina’s core business philosophy of great service and at a great price.

CONTACT

By Appointment Only

Phone: 415-828-6808

Business Hours:

Tues- Sat 10 AM - 4 PM

Mon & Sun Closed

Find Us on Yelp and Facebook!

OUR LOCATION

2826 Geary Blvd. San Francisco , Ca 94118

YELPFACEBOOK"
The Dog Barber,2026-09-23,4.7,4.7 stars,Pet groomer,"1903 Market St, San Francisco, CA 94103, United States",+1 415-552-7387,http://www.thedogbarbersf.com/,"QHCF+4W Mint Hill, San Francisco, CA, USA",,added,False,False,roberto@thedogbarbersf.com,"Skip to Main Content
 
A new concept in full-service pet grooming

Voted 2015 Best Dog Groomer by San Francisco Magazine

2018 Top 3 Pet Grooming by San Francisco Magazine

2026 Best Pet Groomer by Modern Luxury Magazine

Home

About

Grooming Services

Make an Appointment

Testimonials & Awards

The Dog Barber, where your pet will be treated with love and care.
Make an Appointment
 
415-552-PETS (7387)
Call Us
Check What Our Clients Are Saying About Us!

 

OPENING HOURS
​

MONDAY - SATURDAY

9:00 am - 6:00 pm

​

SUNDAY  - CLOSED

 

ADDRESS
​

1903 Market Street (between Guerrero St. and Duboce St.)

San Francisco, CA 94103

​

Conveniently located near Duboce Triangle

​

roberto@thedogbarbersf.com
T / 415-552-PETS (7387)

​

FIND​ US
Call Us

© 2026 by The Dog Barber, San Francisco, dog grooming, san francisco pet grooming, dog wash, san francisco dogs, wash, dog."
Showtime Grooming,2026-09-23,4.5,4.5 stars,Pet groomer,"1929 Hyde St, San Francisco, CA 94109, United States",+1 415-933-1907,https://www.showtimegrooming.com/,"QHXJ+C8 Russian Hill, San Francisco, CA, USA",,added,False,False,,
Dog Spa,2026-09-23,4.7,4.7 stars,Pet groomer,"169 W Portal Ave, San Francisco, CA 94127, United States",+1 415-661-8333,http://www.thedogspasf.com/,"PGQM+H2 West of Twin Peaks, San Francisco, CA, USA",,added,False,False,,"					
 	


The Dog Spa is full service spa for your pet to be totally pampered.
We offer complete grooming services,
featuring fabulous couture fashion,
luxury pet beds,
jewelry and toys,
collars & leashes,
exclusively formulated shampoo
& more .........






169 West Portal Avenue  |  San Francisco, CA 94127  |  (415)661-8333"
VIP Grooming,2026-09-23,4.6,4.6 stars,Pet groomer,"4299 24th St, San Francisco, CA 94114, United States",+1 415-282-1393,https://www.vipgroomingsf.com/,"QH26+9M Noe Valley, San Francisco, CA, USA",,added,False,False,dirtydog@vipgroomingsf.com,"Select “Accept all” to agree to our use of cookies and similar technologies to enhance your browsing experience, security, analytics and customization. Select ”Manage cookies” to make more choices or opt out.

MANAGE COOKIES
DECLINE ALL
ACCEPT ALL

Now Serving A Second Location in SOMA Located Inside Animal Care & Control

SKIP TO CONTENT
Where Dirty Dogs Come Clean
Home
Team
The VIP Way
Services
Before Your First Visit
New Puppy Essentials
Booking Page
About
FAQ
Contact
English
BOOK NOW
Welcome to VIP Grooming
Locations in Noe Valley and SOMA

Hi there! At VIP Grooming, we know your dog is more than just a pet. They are family. Trust us to keep them looking their best. 

LEARN MORE

Noe Valley

Book Now, click the location name most convenient for you! 

SOMA

Who we are

Welcome to our little corner of the dog grooming world, where every wagging tail is a chance to make a friend! We're passionate about making your furry companions look and feel their best, with a touch of care and love in every snip and style.

LEARN MORE
Follow us on our socials
VIP Grooming

LOCATIONS

NOE VALLEY: 4299 24th Street, San Francisco, California 94114

SOMA: 1419 Bryant Street, San Francisco, California 94103

CONTACT

dirtydog@vipgroomingsf.com
(415) 282-1393

Terms of Service
Privacy Policy

©2026 Dirty Dog LLC"
Mr. FUFU Grooming Lounge,2026-09-23,5.0,5.0 stars,Pet groomer,"1561 Powell St, San Francisco, CA 94133, United States",+1 415-933-9426,https://booking.moego.pet/ol/landing?name=MrFUFUGroomingLounge,"QHXQ+JM Russian Hill, San Francisco, CA, USA",,added,False,False,,
WAGS,2026-09-23,4.6,4.6 stars,Pet groomer,"1840 Polk St, San Francisco, CA 94109, United States",+1 415-409-2472,https://wagsonpolk.com/,"QHVH+HG Polk Gulch, San Francisco, CA, USA",,added,False,False,info@wagsonpolk.com,"Services
Pricing
FAQ
Our Team
About WAGS
Book Now
15% OFF BATHS FOR NEW CLIENTS — THIS SEPTEMBER ONLY
Use code NEWWAGS15 at checkout.

Offer valid for new customers only; limited to one use per customer; only valid for appointments booked and completed between 9/1/2026–9/30/2026.

San Francisco's premier dog bathing, grooming, and wellness services for the past 20+ years!

Voted best pet groomer in SF!

BOOK NOW
Love WAGS? Re-fur a friend & we'll thank you both!
Learn More
WELCOME TO WAGS

WAGS is a dog bath, wellness, and grooming shop located at 1840 Polk Street in San Francisco's Polk Gulch neighborhood near Lafayette Park. We're open every day from 9am–4pm.

Bath & Wellness starts at $70 for small dogs and full grooms start at $120. Walk-in services like nail trims, filing, teeth brushing, and more start at $20.

Each visit includes a complimentary wellness report to support ongoing tracking of your pet's health and wellness.

OUR SERVICES

Give us a call directly (415-409-2472) or book online!

Full Groom (Bath & Wellness + Haircut)

A full-body haircut plus our complete premium bath — shampoo, blow dry, nails, ears, teeth, and more.

Full Grooms start at $120

LEARN MORE
Bath & Wellness

Our premium bath & wellness experience: shampoo wash & blow dry, nail trim, ear clean, teeth brush, and gland expression.

Bath & Wellness starts at $70

LEARN MORE
Standalone Services

Quick wellness touch-ups like nail trims, filing, and teeth brushing — no appointment needed.

Services start at $20

LEARN MORE
Enhancements and Treatments

Trims, specialty baths, and treatments to elevate your furry friend's spa day.

Enhancements start at $5

LEARN MORE
Treat your furry friend to a spa day!
BOOK NOW
VIEW PRICING
A FEW OF OUR HAPPY CANINE CLIENTS
WHAT OUR CUSTOMERS SAY ABOUT US
WAGS
Google
118 reviews
WAGS
Yelp
215 reviews
Chas F.
Mar 2026

My dog Boomer came in filthy after a long, muddy hike. I wasn't sure anyone could get him clean without cutting his fur down. But WAGS worked their magic. He came out looking and smelling incredible — soft, fluffy, and completely refreshed. The experience was so good that we're now booking baths on a bi-weekly schedule.

Read more on Google
Nina M.
Mar 2026

After recently moving to San Francisco, I kept hearing the same recommendation: WAGS. And they absolutely didn't disappoint. The staff was attentive, gentle, and clearly cared about my dog Simba's comfort. The pricing was affordable and his haircut was so cute — exactly what I wanted!

Read more on Google
Tiffany L.
Nov 2025

We always bring our dog here for a quick nail trim and sometimes a bath, and they're consistently fast and efficient. A nail clipping is only $20, and a bath is $90. Our husky/shepherd mix always comes back silky smooth, soft, and shedding noticeably less. Reliable, affordable, and super convenient. Highly recommend!

Read more on Yelp
ABOUT WAGS

WAGS started in 2002 and has been proudly serving San Francisco on Polk Street for the past 20+ years! We are San Francisco's premier dog bath, wellness, and grooming destination, and we do it all out in the open. You'll often find a crowd at our window watching the action, because when our canine clients are having fun, so are we.

We have a very experienced, friendly grooming and bathing team who carefully manage every step of your furry friend's spa day. It shows in every happy face that walks out the door.

Before, during, and after their appointments, our canine clients are free to socialize and play in the grooming area. That said, we know that one size does not fit all: Quieter dogs have their own calm space, smaller pups can play in a separate area, and nervous dogs can unwind at our slow-dry stations with gentle warm air. It's truly a unique experience you won't find anywhere else.

Give us a call or stop by. We are grateful for our loyal clients and our tremendous San Francisco community!

BOOK NOW
INTERESTED IN BOARDING?

Please reach out to our boarding partner at (415) 806-0988 to learn more or check out their website below.

More Information on Boarding
ADDRESS

1840 Polk Street
San Francisco, CA 94109

HOURS
Monday
9am – 4pm
Tuesday
9am – 4pm
Wednesday
9am – 4pm
Thursday
9am – 4pm
Friday
9am – 4pm
Saturday
9am – 4pm
Sunday
9am – 4pm
CONTACT

Phone: (415) 409-2472

Email: Info@WagsOnPolk.com

Last Updated: September 20, 2026

WAGS on Polk

1840 Polk Street
San Francisco, CA 94109

(415) 409-2472

@wagsonpolk

© 2026 WAGS San Francisco. All rights reserved.

Back to Top ↑
BOOK NOW"
Russian Hill Dog Grooming,2026-09-23,4.6,4.6 stars,Pet groomer,"2178 Bush St, San Francisco, CA 94115, United States",+1 415-931-1108,http://www.russianhilldoggrooming.com/,"QHP8+WP Japantown, San Francisco, CA, USA",,added,False,False,,
Foggy Doggy Grooming Salon,2026-09-23,4.5,4.5 stars,Pet groomer,"1772 Filbert St, San Francisco, CA 94123, United States",+1 415-359-1869,http://foggydoggygrooming.top/,"QHXC+JG Union Street, San Francisco, CA, USA",,added,False,False,,"Welcome to nginx!

If you see this page, the nginx web server is successfully installed and working. Further configuration is required.

For online documentation and support please refer to nginx.org.
Commercial support is available at nginx.com.

Thank you for using nginx."
City Dogs,2026-09-23,4.3,4.3 stars,Pet groomer,"177 Brannan St, San Francisco, CA 94107, United States",+1 415-644-0088,http://berniesgrooming.com/,"QJM6+H8 South Beach, San Francisco, CA, USA",,added,False,False,appointments@berniesgrooming.com,"MEET USCONTACTFAQS
CITY DOGS
Bernie’s Grooming
177 Brannan Street
What We Do

We love working with dogs

Pamper your dog

Tailor appointments to your dog’s needs

Care for your dog in a safe and comfortable manner

PACKAGES
Signature Bath
PACKAGE INCLUDES:

Conditioner
Nails trimmed or filed
Anal glands expressed
Ears cleaned
Hand dried
Brushing for 15 minutes included

Signature Bath does not include a haircut. The items above are included with a Signature Bath. Please do not select them separately if you are Selecting a Signature Bath.



COST BY PET SIZE:

S $50 - $80
  M $70 - $100  
L $90 - $120
XL $115 - $160

BOOK SERVICE
Touch Up
PACKAGE INCLUDES:

Trimming of the face, feet and fanny-sanitary area
Bath
Conditioner
Nails trimmed or filed
Anal glands expressed
Ears cleaned
Hand dried
Brushing for 15 minutes included





COST BY PET SIZE:

S $85 - $125
M $125 - $165
L $165 - $205
XL $205 - $255

BOOK SERVICE
Haircut
PACKAGE INCLUDES:

Hair cut or style to your specifications
Bath
Conditioner 
Nails trimmed or filed
Anal glands expressed
Ears cleaned
Hand  dried
Brushing for 15 minutes included





COST BY PET SIZE:

S $110 - $140
 M $140 - $185
L $175 - $215
XL $215 - $285

BOOK SERVICE

There is a $5 administrative fee per pup added to all service packages. Extra charges apply ($20 per 15-minute increment) if additional brushing is required to detangle or remove excessive undercoat.

INDIVIDUAL SERVICES
NAILS TRIMMED OR FILED
$25

Nails will be trimmed with clippers or filed with a dremel. We evaluate which method is best for your dog upon arrival. If you have a preference, please let us know when you meet our team member.

ANAL GLANDS EXPRESSED / RELIEVED
$20

Anal glands expressed/relieved will include a gentle wash of the private area to avoid any foul smell left behind from the service. Your dog will be towel dried.

EARS CLEANED
$20

Ears cleaned with Nature's Specialties gentle ear cleaner. It is a non-greasy pleasant smelling ear cleaner for routine cleaning and odor control of the ear canal. A non irritating ear cleaner for dogs which may be used after bathing or just part of the regular grooming to keep your dog's ears clean and fresh smelling.

FOOT OR PAD TRIM
$20

Bottoms of the feet will be trimmed to help keep your dog clean and older dogs from slipping on hardwood floors or slick surfaces.

SANITARY TRIM
$20

Trimming around the private area. Prevents waste from adhering to your dog's coat.

TEETH BRUSHING
$5

A new tooth brush designed for pets will be used on every dog with dog tooth paste. Teeth brushing freshens breath and helps alert owners of any health issues seen by us. This service is not a deep cleaning dental service.

COMBO OF ANY TWO SERVICES
$35

Upon arrival of your appointment, please let one of our team members know which 2 individual services you would like for the day. Choose from our nail trim, ears cleaned or anal glands expressed/relieved.

Visit Us
HOURS OF OPERATION

Monday - Saturday 
Opens - 7:30 AM / Closes - Changes Daily

Sunday
Opens - 9:00 AM / Closes - Changes Daily 

Please pick up your dog within 30 minutes of completion of services. 

Phone: 415.644.0088
Email: appointments@berniesgrooming.com

BOOK SERVICES

Address: 177 Brannan St San Francisco, CA 94107

TOP
PACKAGES
INDIVIDUAL SERVICES
VISIT"
Mudpuppy's,2026-09-23,4.4,4.4 stars,Pet groomer,"536 and 538 Castro St, San Francisco, CA 94114, United States",+1 888-505-2998,http://www.mudpuppys.com/,"QH67+4W The Castro, San Francisco, CA, USA",,added,False,False,,"Mudpuppy's Dog Grooming - We. Love. Dogs.

Welcome to Mudpuppy's, the Bay Area's premiere dog grooming service. We provide professional, gentle grooming for dogs of all breeds and sizes. Our award-winning team is dedicated to making your furry friend look and feel their best.

Trust the Pros for Award Winning Care of Your Best Friend

At Mudpuppy's, we understand that your dog is more than just a pet—they're family. That's why we've built our reputation on providing exceptional grooming services with a personal touch. Our experienced groomers are passionate about dogs and committed to delivering the highest quality care in a safe, comfortable environment.

Whether your pup needs a simple bath and brush or a full grooming session with a stylish haircut, we have the expertise to handle it all. We work with all breeds, from tiny Chihuahuas to large Great Danes, and everything in between. Our services include bathing, haircuts, nail trimming, ear cleaning, and specialized treatments tailored to your dog's specific needs.

Our Locations
Point Isabel Location

Our Point Isabel location is conveniently situated near one of the best off-leash dog parks in the United States. After your pup's grooming session, you can take them for a fun romp on the beach or through the park trails. We're proud to be part of this vibrant dog-loving community.

Address: Mudpuppy's Point Isabel, #1 Isabel Street, Richmond, CA 94804

Phone: 888-505-2998

Hours: Mudpuppy's: Tuesday - Saturday, 10am - 5pm | Sit & Stay Cafe: Tuesday - Sunday, 10am - 5pm

The Sit & Stay Cafe at Point Isabel

While you wait for your pup's grooming appointment, relax at our Sit & Stay Cafe. Enjoy delicious coffee, fresh pastries, and light meals in a dog-friendly atmosphere. It's the perfect spot to unwind while your furry friend gets pampered.

Castro Location

Our Castro location brings the same exceptional grooming services to the heart of San Francisco. Conveniently located in one of the city's most vibrant neighborhoods, we're here to serve the urban dog community with the same care and expertise you've come to expect from Mudpuppy's.

Address: Mudpuppy's Castro, 536 Castro Street, San Francisco, CA 94114

Phone: 888-505-2998

Hours: Daily, 9am - 6pm

Our Services

We offer a comprehensive range of dog grooming services designed to keep your pet healthy, happy, and looking their best. Our services include:

Full Grooming: Complete bath, haircut, nail trim, ear cleaning, and styling
Bath & Brush: Thorough cleaning and brushing to keep your dog's coat healthy
Nail Trimming: Professional nail care to keep your dog comfortable
Ear Cleaning: Gentle cleaning to prevent infections
Specialty Treatments: De-shedding, flea treatments, and more
Why Choose Mudpuppy's?

With years of experience and thousands of happy customers, Mudpuppy's has become the trusted choice for dog grooming in the Bay Area. We're not just groomers—we're dog people who genuinely care about every pup that walks through our doors. Our commitment to quality, safety, and customer satisfaction sets us apart.

We use only high-quality, pet-safe products and maintain the highest standards of cleanliness and hygiene. Our groomers are trained in the latest techniques and stay up-to-date with breed-specific styling trends. Most importantly, we treat every dog with patience, kindness, and respect.

Book Your Appointment Today

Ready to give your dog the grooming experience they deserve? Book your appointment online or give us a call. We look forward to meeting you and your furry friend!

Contact Us

Have questions about our services or want to learn more about what we offer? We'd love to hear from you. Contact us at either of our locations or send us a message through our website. Our friendly team is always happy to help.

Follow us on social media to see photos of our adorable clients, learn grooming tips, and stay updated on special offers and events. Join the Mudpuppy's family today!

Explore
Point Isabel
Sit & Stay Cafe
Castro
WE.
LOVE.
DOGS.
Trust the Pros for Award Winning Care of your Best Friend

Since 1999, Mudpuppy's cares for thousands of pups from all around the Bay Area every month, and we are proud of our platinum reputation. Every single Mudpuppy's crew member is a dog lover, so we understand how precious pups are and how they enrich our lives.

In short, we love what we do, we love dogs and treat yours as our own.

Mudpuppy's Point Isabel

After a day of adventure at the country's largest off-leash dog park, stop by our Mudpuppy's location at Point Isabel Regional Shoreline. We're the perfect solution to a dirty day, offering convenient bath services to get your pup squeaky clean and ready for the ride home.

Point Isabel welcomes over half a million dogs and their people every year, and we're proud to be the place where countless muddy paws get a fresh start!

Book Now
WHERE TO FIND US

Mudpuppy's Point Isabel

#1 Isabel Street

Richmond, CA 94804

888-505-2998

OPENING HOURS

Mudpuppy's: 10-5 daily

Sit & Stay Cafe: 8-4 daily

PLEASE NOTE THE FOLLOWING
Please make one appointment for each dog to be washed.
Also, please do not book appointments for nail-clips only; this is a walk-in service.
Book Now
OVER
PUPS SERVED!
PupOmeter™
An East Bay Regional Park District Facility
The Sit & Stay Cafe at Point Isabel

Relax and refuel at The Sit & Stay Cafe, located adjacent to Mudpuppy's Point Isabel. Our new menu features a delicious selection of gourmet hot dogs, including kielbasas, hot links, and chicken sausage, all steamed to perfection. For early risers, we also offer a variety of breakfast foods like bagels, sandwiches, and pastries as well as handcrafted espresso drinks, smoothies, and more. Our patio provides stunning views of the San Francisco Bay and its iconic bridges, making it the perfect spot to take a break and enjoy a bite with your best friend.

Order Now
We are  Dog People!
Mudpuppy's Castro

Our Mudpuppy's location in the heart of the Castro District is where we take pampering pups to the next level. We hire only the most experienced groomers in the business—true dog lovers who treat every furry client with respect and utmost care. The Castro shop specializes in full-service grooming, offering both professional haircuts and our signature bath packages.

While your pup enjoys a relaxing spa day with us, you can explore the famous Castro neighborhood, with its many shops, restaurants, and cafes, all just steps away.

Book Now
WHERE TO FIND US

Mudpuppy's on Castro

536 Castro Street

San Francisco, CA 94114

888-505-2998

OPENING HOURS

9am - 6pm

PLEASE NOTE THE FOLLOWING
If the system does not offer a suitable time, please call for assistance.
Important: All appointments are subject to a 24 hour cancellation or no-show fee of 50%.
Book Now
OVER
PUPS SERVED!
PupOmeter™
Contact Us

Questions? Comments? Interested in a career at Mudpuppy's? We'd love to hear from you!

Name
Email
Subject
location
-Select-
Point Isabel
Castro
Sit & Stay
General Inquiry
Message
Send Message
Our Customers Love Dogs Too

""Fabulous place for dogs. There are as many dogs as people!""

Alex W.

""They do a great job with our pup. This is the only place we take her to get washed. She is less afraid/reactive because the dog park is also here.""

Jeffrey S.

We. Love. Dogs.

2000 - 2026 Mudpuppy's Tub & Scrub. All rights reserved.

Privacy PolicyTerms & Conditions"
Scissor Me Whiskers,2026-09-23,4.7,4.7 stars,Pet groomer,"317 Clement St, San Francisco, CA 94118, United States",+1 415-702-6317,http://scissormewhiskersgrooming.com/,"QGMP+4X Inner Richmond, San Francisco, CA, USA",,added,False,False,,
Tilt Pet Spa,2026-09-23,4.4,4.4 stars,Pet groomer,"1333 Fulton St, San Francisco, CA 94117, United States",+1 415-655-9985,http://www.tiltpetspa.com/,"QHG6+MH North of the Panhandle, San Francisco, CA, USA",,added,False,False,,
Top Dog Boutique&Grooming,2026-09-23,4.9,4.9 stars,Pet groomer,"5050 Geary Blvd, San Francisco, CA 94118, United States",+1 415-379-9455,https://www.topdog-sanfrancisco.com/,"QGJG+8F Central Richmond, San Francisco, CA, USA",,added,False,False,topdogsf2013@gmail.com,"Skip to Main Content
CALL 415-379-9455

Gallery

About

Grooming Service & Rates

Cancellation Policy

Book an Appointment

More

Log In
Full
Grooming
ONE-ON-ONE PRIVATE CARE
Fear-Free
Less Stress for your Dog!
Love My Furry Friends
Contact

Phone

415-379-9455

Hours of Operation

Tue - Sat: 9am - 5pm​​

Area of Service

5050 Geary Blvd,

San Francisco, CA 94118

©2020 by TOPDOG-SANFRANCISCO created with Wix.com"
SF Woof Times,2026-09-23,4.5,4.5 stars,Pet groomer,"3584 San Bruno Ave, San Francisco, CA 94134, United States",+1 415-706-3028,http://www.sfwooftimes.com/,"PJ82+M2 Portola, San Francisco, CA, USA",,added,False,False,sfwooftimes@gmail.com,"(415) 769-5076 or (415) 706-3028
3584 San Bruno Ave, San Francisco, CA 94134
Review us on 
Like us on 
SF Woof Times		
HOME
ABOUT
SERVICES
FAQ
CONTACT
DOG WALKING + BATHING + GROOMING
Our reliable service provides the best care possible for your canine companion. Whether walking, bathing or grooming, you can trust our expert team. View our available services!

MAKE AN APPOINTMENT
TESTIMONIALS

SF Woof Times helped me out numerous times with very little to no advance notice...They're such a life saver!

-Michael M., Kizzy's Owner

	
Watch our video to learn more about us!
©2013-2026 SF Woof Times. All rights reserved.
	
Website by 
POWERED BY 
Create your own unique website with customizable templates.
Get Started"
Pawpitos: Pet Grooming in Castro,2026-09-23,4.8,4.8 stars,Pet groomer,"2264 Market St, San Francisco, CA 94114, United States",,http://pawpitos.com/,"QH89+22 Duboce Triangle, San Francisco, CA, USA",,added,False,False,,"Home
About
Services
Gallery
Contact
book appointment
Love Is A Four-Legged Word. We Just Make It Look Good.

Fresh looks, fast booking. Save your spot now. Or to reach us directly, call us at (415) 624-6559

book appointment
Join Waitlist
ABOUT US

""At Pawpitos, we believe every dog deserves to feel as good as they look. Our passion for pets drives us to provide a calm, cage-free environment where your furry family members are treated like our own. From bubbly baths to precision cuts, we’re here to make tails wag and coats shine.

OUR SERVICES
S Dog Full Groom
Starting at $95.00
M Dog Full Groom
Starting at $120.00
L Dog Full Groom
Starting at $150.00
XL Dog Full Groom
Starting at $180.00
Cat Full Groom
Starting at $130.00
Cat Bath and Brush
Starting at $90.00
S Dog Bath and Brush
Starting at $45.00
M Dog Bath and Brush
Starting at $65.00
L Dog Bath and Brush
Starting at $85.00
XL Dog Bath and Brush
Starting at $100.00
1 Deshedding package (S/M dogs)
Starting at $25.00
2 Deshedding package (L/XL dogs)
Starting at $45.00
Hypo Shampoo
Starting at $15.00
Mini-Groom
Starting at $25.00
Nail Trim
Starting at $20.00
Anal Glands
Starting at $20.00
Teeth Brushing
Starting at $15.00
Extra Dematting
Starting at $15.00
Extra Brushing
Starting at $10.00
VIP Service
Starting at $40.00
Hair Dye
Starting at $20.00
Nail Polish
Starting at $30.00
De-shedding small/medium
Starting at $20.00
Our Experts
ANGEL-owner
BOOK APPOINTMENT
mariyka
BOOK APPOINTMENT
Reception
BOOK APPOINTMENT
Kasper
BOOK APPOINTMENT
Tony Julian
BOOK APPOINTMENT
Jarren Escobar
BOOK APPOINTMENT
Our Work

Style, Comfort, and Happy Tails Start Here.

Visit Us
Location

2264 Market St, San Francisco, CA 94114, USA



Opening Hours
Monday
Closed
Tuesday
9:00 AM - 6:00 PM
Wednesday
9:00 AM - 6:00 PM
Thursday
9:00 AM - 6:00 PM
Friday
9:00 AM - 6:00 PM
Saturday
9:00 AM - 6:00 PM
Sunday
9:00 AM - 5:00 PM

Contact Us: +16506682682

© 2026 Pawpito's Pet Spa. All rights reserved."
maxwell's pet bar,2026-09-23,4.9,4.9 stars,Pet store,"1734 Church St, San Francisco, CA 94131, United States",+1 415-970-2231,https://maxwellspetbar.com/,"PHVF+77 Noe Valley, San Francisco, CA, USA",,added,False,False,,"Home
Shop All
Cat & Dog Treats
Dog & Cat Food
Grooming
Supplements
Bones & Chews
maxwell's pet bar
WE PRIORITIZE YOUR PETS HEALTH OVER PROFITS

We're a whole food pet market with the most innovative products available on the market.

WELL SOURCED NUTRITION, DELIVERED TO SAN FRANCISCO, BECAUSE WE LOVE YOUR PETS

WELL SOURCED NUTRITION, DELIVERED TO SAN FRANCISCO, BECAUSE WE LOVE YOUR PETS

WELL SOURCED NUTRITION, DELIVERED TO SAN FRANCISCO, BECAUSE WE LOVE YOUR PETS

Featured Items

SMALL BATCH WE KNOW OUR MAKERS

View all items

Amica Science Lion's Mane Elixir 1oz

$40.00

Amica Science Lion's Mane Elixir 1oz

$40.00

Raw Concierge Marine Prey Concentrate

$30.00 - $60.00

Raw Concierge Marine Prey Concentrate

$30.00 - $60.00

Farmers Fetch 100% Grass Fed Bones

$15.00 - $50.00

Farmers Fetch 100% Grass Fed Bones

$15.00 - $50.00

Low stock

Amica Science Wild Salmon Tails

$20.00

Amica Science Wild Salmon Tails

$20.00

Solutions Frozen Recipes for Dogs & Cats

$38.00 - $122.00

Solutions Frozen Recipes for Dogs & Cats

$38.00 - $122.00

Rawsome Protein Pops

$26.00

Rawsome Protein Pops

$26.00

Rawsome Bison Tripe

$36.00

Rawsome Bison Tripe

$36.00

Rawsome GFF Beef Spiral Bullies

$18.00

Rawsome GFF Beef Spiral Bullies

$18.00

Andersons Frozen Marrow & Meaty Bones Direct from Colorado

$10.00 - $28.00

Andersons Frozen Marrow & Meaty Bones Direct from Colorado

$10.00 - $28.00

Raw Concierge Bone Broth 32oz

$28.00 - $38.00

Raw Concierge Bone Broth 32oz

$28.00 - $38.00

Low stock

Amica Science Rabbit Ears 8PK

$20.00

Amica Science Rabbit Ears 8PK

$20.00

WE'RE TRAINED IN NUTRITION

Play Video




WE'RE HERE TO PROVIDE GUIDANCE AND TRANSPARENCY IN A SPACE THAT IS INUNDATED WITH AMBIGUITY

WE SUPPORT SMALL REGENERATIVE FARMS

#NOKIBBLE #NOCANS #NOPOISON


Explore our Instagram
@maxwellspetbar

See full feed

maxwell's pet bar
Home
Shop All

1734 Church Street SF 94131
OPEN WED-SUN 10AM-7PM
LAST BATH BEFORE 6PM
415 970 2231

© 2026"
Goose & Co Grooming,2026-09-23,5.0,5.0 stars,Pet groomer,"667 Chenery St, San Francisco, CA 94131, United States",+1 415-968-6855,https://gooseandcogrooming.com/,"PHM8+PM Glen Park, San Francisco, CA, USA",,added,False,False,info@gooseandcogrooming..com,"Skip to Content
ABOUT
SERVICES
SKIN & COAT WELLNESS
GATHER AT GOOSE
BOOK APPOINTMENT

MODERN DOG GROOMING

Goose & Co
Because Dogs Deserve Better

Thoughtful, skin-focused grooming for dogs who need a little extra care. 

Goose & Co. is a modern dog grooming studio for dogs who deserve better and people who care a lot about them.

Grooming should be calm, thoughtful, and actually enjoyable (yes, really). No rushing, no chaos, just gentle handling, happy dogs, and a space that feels good to walk into.

We’re here to do grooming a little differently in our neighborhood — slower, kinder, and with way more heart. Because dogs deserve better… and honestly, so do their people.

Every detail in our studio is chosen with your dog in mind — from calming scents and soft lighting to sound and visuals designed to help dogs feel at ease.

It’s a space built to feel gentle, familiar, and low-stress because small details make a big difference.
BOOK AN APPOINTMENT
Where Grooming BeginsWith the Skin.

AT GOOSE & CO, GROOMING SHOULD FEEL CALM, THOUGHTFUL, AND DEEPLY INTENTIONAL.

Grooming at Goose & Co. is calm, unhurried, and tailored to your dog, not a conveyor belt, not a guessing game.

Every appointment begins with a gentle skin and coat evaluation. We look at texture, dryness, sensitivities, and overall coat health before selecting products or beginning any service.

There is no rushing, no one-size-fits-all baths, and no unnecessary stress. Just careful handling, customized product selection, and an environment designed to help dogs feel safe.

Because when dogs feel comfortable, everything looks better too.

Skin & Coat Wellness Is
Our Specialty
At Goose & Co, grooming begins with the skin.

We see so many dogs struggling with seasonal allergies, dryness, irritation, dull coats, excessive shedding, or simply discomfort that goes unnoticed. Sometimes it’s subtle. Sometimes it’s obvious. Either way, it deserves attention.

Each dog is thoughtfully evaluated before we begin. Coat condition, sensitivities, lifestyle, and past reactions guide how we approach every appointment. We use professional products and tailor every formula to your dog’s unique needs.

NO ONE-SIZE-FITS-ALL BATHS. NO RUSHING THROUGH.

Just customized, skin-focused care designed to help your dog feel as good as they look.

This focus is personal to us. Goose herself has struggled with allergies and that journey shaped how we care for every dog who walks through our doors.

EXPLORE SKIN & COAT WELLNESS
The good stuff we do, with a lot of heart
SERVICES
Full Groom

A head-to-paw refresh designed around your dog’s unique coat and personality.

Includes a gentle, skin-aware bath with customized product selection, haircut, fluff, tidy, and finishing touches. Whether they’re teddy-bear chic or sleek and polished, we sculpt with comfort and care in mind.

Because looking good should feel good, too.

Bath & Blowout

Your pup’s signature cloud moment.

A warm, thoughtful cleanse using professional products selected for your dog’s specific skin needs, followed by a full fluff-out and light finishing. Perfect between haircuts or anytime your dog needs a reset.

Fresh. Soft. Extremely huggable.

Puppy & First-Timers

Tiny paws. Big feelings.

This gentle introduction to grooming is all about confidence-building, positive exposure, and small wins. We move slowly, celebrate progress, and help your pup learn that grooming can be safe (and maybe even kind of fun).

Trust first. Beauty second.

Skin & Coat Wellness

For dogs who need a little extra attention and a lot of intention.

From seasonal allergies and dryness to coat imbalance or excessive shedding, we begin with a thoughtful evaluation and tailor every product and step to your dog’s unique skin needs.

No one-size-fits-all baths.

No rushing through.

Just personalized, skin-focused care designed to help your dog feel comfortable in their own coat.

VIEW ALL SERVICES
Here, Kitty Kitty
(…yes, we groom cats too)

We’re a dog-first kind of place, but we’ve got a soft spot (and a very skilled team) for cats.

Cat grooming at Goose & Co. is handled by groomers who understand feline behavior, coat care, and how to keep things as calm and efficient as possible because let’s be honest, cats are not here for the spa day.

From de-shedding and sanitary trims to full lion cuts and mat removal, every appointment is approached with patience, respect, and a plan.

CAT GROOMING IS AVAILABLE WITH SELECT GROOMERS AND MUST BE REQUESTED IN ADVANCE.

REQUEST CAT GROOMING
For the Extra Ones

FOR DOGS WITH A LITTLE PERSONALITY (OR OWNERS WHO DO ).

We offer pet-safe creative grooming — from subtle color accents to playful custom details, designed to enhance your dog’s look without ever compromising their comfort.

Think: a pop of color on the ears, a tinted tail, or something a little more custom if you’re feeling bold.

Available as an add-on or custom request with select groomers.


ASK ABOUT CREATIVE GROOMING

A Better Grooming Experience, Because Dogs Deserve Better
BOOK YOUR PUP'S VISIT
Because Dogs Deserve Better

Thoughtful grooming tips, gentle care insights, and the occasional Goose & Co update, delivered straight to your inbox. No spam. No fluff. Just helpful guidance for keeping your pup calm, comfortable and looking their best between visits.

 STAY IN THE LOOP

We Respect Your Privacy

Explore

SERVICES
ABOUT US

FAQs

NEW CLIENTS
SKIN & COAT WELLNESS
GATHER AT GOOSE
THE GOOSE GUIDE
BOOK

BOOK AN APPOINTMENT

667 Chenery Street
San Francisco, CA 94131

info@gooseandcogrooming..com

(415) 968-6855

Designed By GoLive"
Goose & Co Grooming,2026-09-23,5.0,5.0 stars,Pet groomer,"667 Chenery St, San Francisco, CA 94131, United States",+1 415-968-6855,https://gooseandcogrooming.com/,"PHM8+PM Glen Park, San Francisco, CA, USA",,added,False,False,info@gooseandcogrooming.com,"Skip to Content
ABOUT
SERVICES
SKIN & COAT WELLNESS
GATHER AT GOOSE
BOOK APPOINTMENT

MODERN DOG GROOMING

Goose & Co
Because Dogs Deserve Better

Thoughtful, skin-focused grooming for dogs who need a little extra care. 

Goose & Co. is a modern dog grooming studio for dogs who deserve better and people who care a lot about them.

Grooming should be calm, thoughtful, and actually enjoyable (yes, really). No rushing, no chaos, just gentle handling, happy dogs, and a space that feels good to walk into.

We’re here to do grooming a little differently in our neighborhood — slower, kinder, and with way more heart. Because dogs deserve better… and honestly, so do their people.

Every detail in our studio is chosen with your dog in mind — from calming scents and soft lighting to sound and visuals designed to help dogs feel at ease.

It’s a space built to feel gentle, familiar, and low-stress because small details make a big difference.
BOOK AN APPOINTMENT
Where Grooming BeginsWith the Skin.

AT GOOSE & CO, GROOMING SHOULD FEEL CALM, THOUGHTFUL, AND DEEPLY INTENTIONAL.

Grooming at Goose & Co. is calm, unhurried, and tailored to your dog, not a conveyor belt, not a guessing game.

Every appointment begins with a gentle skin and coat evaluation. We look at texture, dryness, sensitivities, and overall coat health before selecting products or beginning any service.

There is no rushing, no one-size-fits-all baths, and no unnecessary stress. Just careful handling, customized product selection, and an environment designed to help dogs feel safe.

Because when dogs feel comfortable, everything looks better too.

Skin & Coat Wellness Is
Our Specialty
At Goose & Co, grooming begins with the skin.

We see so many dogs struggling with seasonal allergies, dryness, irritation, dull coats, excessive shedding, or simply discomfort that goes unnoticed. Sometimes it’s subtle. Sometimes it’s obvious. Either way, it deserves attention.

Each dog is thoughtfully evaluated before we begin. Coat condition, sensitivities, lifestyle, and past reactions guide how we approach every appointment. We use professional products and tailor every formula to your dog’s unique needs.

NO ONE-SIZE-FITS-ALL BATHS. NO RUSHING THROUGH.

Just customized, skin-focused care designed to help your dog feel as good as they look.

This focus is personal to us. Goose herself has struggled with allergies and that journey shaped how we care for every dog who walks through our doors.

EXPLORE SKIN & COAT WELLNESS
The good stuff we do, with a lot of heart
SERVICES
Full Groom

A head-to-paw refresh designed around your dog’s unique coat and personality.

Includes a gentle, skin-aware bath with customized product selection, haircut, fluff, tidy, and finishing touches. Whether they’re teddy-bear chic or sleek and polished, we sculpt with comfort and care in mind.

Because looking good should feel good, too.

Bath & Blowout

Your pup’s signature cloud moment.

A warm, thoughtful cleanse using professional products selected for your dog’s specific skin needs, followed by a full fluff-out and light finishing. Perfect between haircuts or anytime your dog needs a reset.

Fresh. Soft. Extremely huggable.

Puppy & First-Timers

Tiny paws. Big feelings.

This gentle introduction to grooming is all about confidence-building, positive exposure, and small wins. We move slowly, celebrate progress, and help your pup learn that grooming can be safe (and maybe even kind of fun).

Trust first. Beauty second.

Skin & Coat Wellness

For dogs who need a little extra attention and a lot of intention.

From seasonal allergies and dryness to coat imbalance or excessive shedding, we begin with a thoughtful evaluation and tailor every product and step to your dog’s unique skin needs.

No one-size-fits-all baths.

No rushing through.

Just personalized, skin-focused care designed to help your dog feel comfortable in their own coat.

VIEW ALL SERVICES
Here, Kitty Kitty
(…yes, we groom cats too)

We’re a dog-first kind of place, but we’ve got a soft spot (and a very skilled team) for cats.

Cat grooming at Goose & Co. is handled by groomers who understand feline behavior, coat care, and how to keep things as calm and efficient as possible because let’s be honest, cats are not here for the spa day.

From de-shedding and sanitary trims to full lion cuts and mat removal, every appointment is approached with patience, respect, and a plan.

CAT GROOMING IS AVAILABLE WITH SELECT GROOMERS AND MUST BE REQUESTED IN ADVANCE.

REQUEST CAT GROOMING
For the Extra Ones

FOR DOGS WITH A LITTLE PERSONALITY (OR OWNERS WHO DO ).

We offer pet-safe creative grooming — from subtle color accents to playful custom details, designed to enhance your dog’s look without ever compromising their comfort.

Think: a pop of color on the ears, a tinted tail, or something a little more custom if you’re feeling bold.

Available as an add-on or custom request with select groomers.


ASK ABOUT CREATIVE GROOMING

A Better Grooming Experience, Because Dogs Deserve Better
BOOK YOUR PUP'S VISIT
Because Dogs Deserve Better

Thoughtful grooming tips, gentle care insights, and the occasional Goose & Co update, delivered straight to your inbox. No spam. No fluff. Just helpful guidance for keeping your pup calm, comfortable and looking their best between visits.

 STAY IN THE LOOP

We Respect Your Privacy

Explore

SERVICES
ABOUT US

FAQs

NEW CLIENTS
SKIN & COAT WELLNESS
GATHER AT GOOSE
THE GOOSE GUIDE
BOOK

BOOK AN APPOINTMENT

667 Chenery Street
San Francisco, CA 94131

info@gooseandcogrooming..com

(415) 968-6855

Designed By GoLive"
Pawtrero Hill BathHouse & Feed,2026-09-23,4.8,4.8 stars,Pet supply store,"199 Mississippi St, San Francisco, CA 94107, United States",+1 415-863-7297,https://www.pawtrero.com/,"QJ74+J6 Potrero Hill, San Francisco, CA, USA",,added,False,False,pawtrero@gmail.com,"My Account  My Wishlist Checkout
HOME
FOOD
TREATS
SUPPLEMENTS
TOYS
MORE
( 0 Items ) 
1
2








LATEST PRODUCTS
Green Juju Freeze Dried Extras Diet 14 OZ

$36.55

ADD TO CART
Green Juju Raw Extras Diet 14 OZ

$31.00

ADD TO CART
FRZ DRD K9-MAGIC 4 OZ

$18.00

ADD TO CART
FRZ DRD GREEN TRIPE 4OZ

$22.00

ADD TO CART
WMF EGG PUFFS SPRING HERB

$14.00

ADD TO CART
Rigby Salmon Pouch

$6.50

ADD TO CART
Rigby Chicken Pouch

$6.50

ADD TO CART
Rigby Beef Pouch

$6.50

ADD TO CART
KittyGut Pouch

$22.75

ADD TO CART
MuttGut Pouch Under 40LB

$22.75

ADD TO CART
SHOP ALL CATEGORIES
DOG FOOD
CAT FOOD
DOG TREATS
CAT TREATS
DOG TOYS
CAT TOYS
SUPPLEMENTS
CLEAN UP
GROOMING
FEATURED PRODUCTS
RAWR Cat Sliders 2.5 LB

$47.85

ADD TO CART
The NZ Pet Food Co. Woof Air Dried 26.5 OZ

$47.75

ADD TO CART
SmallBatch Cat Freeze Dried Meal Bites

$27.80

ADD TO CART
Open Farm RawMix Dog Ancient Grains

$91.95

ADD TO CART
CONTACT US
ABOUT US
SAN FRANCISCO DELIVERY
USEFUL LINKS
About Us
Rewards Program
SF Delivery
Self-Serve Bathing
Newest products
Brands
Offers
Terms and Conditions
Contact Us
Returns & Exchanges
Privacy Policy
RSS feed
199 Mississippi St, San Francisco, CA 94107
Pawtrero@Gmail.Com
415.863.7297
 

Theme By - Templatemedia Powered By Lightspeed

   
TOP"
Green Pawz,2026-09-23,4.5,4.5 stars,Pet groomer,"772 Stanyan St, San Francisco, CA 94117, United States",+1 415-221-7387,http://www.greenpawzsf.com/,"QG9W+4Q Cole Valley, San Francisco, CA, USA",,added,False,False,etpetinc@gmail.com,"$('#search-box').remove()
Hit enter to search or ESC to close
Home
Services
Pricing
Teeth Cleaning ( Anesthesia Free )
Store
Contact
 
 
GREEN PAWZ SF

Green Pawz is a small family-owned business located in SF, CA. We offer full-service dog and cat grooming and prioritize your pet’s comfort and well-being. Our low-volume salon ensures that your furry family receives individual attention and care.

Our Philosophy

At Green Pawz, we prioritize your pet’s comfort and well-being. Our team is trained in pet behavior and strives to make the grooming experience as positive as possible.

Please let us know before the appointment of any temperament or health issues your pet may have. This helps us provide the best possible service for your pet!

Hours

Mon – Closed
Tue – Closed
Wed – 9:00 am – 4:00 pm
Thu – 9:00 am – 4:00 pm
Fri – 9:00 am – 4:00 pm
Sat – 9:00 am – 4:00 pm
Sun – 9:00 am – 4:00 pm

Announcements

Hi!
Just a quick update to our policy – starting in July, we will require a credit card on file to book appointments. If an appointment is missed without at least 24 hours’ notice, a fee of 40% of the scheduled service will be charged. Thank you for your understanding and support

See our services
Explore our pricing
Contact us
greenpawzsf
Bruno: What is this hooman doing to me?
Bruno getting washed and cleaned. Feeling pretty p
Happy Saturday! Toby got a nice haircut today 
NOW HIRING! We are looking for an experienced pa
Feels good to get a haircut again. Looking so nice
We would like to thank everyone for their patrona
Hello everyone! I hope everyone is doing well. Our
Dear Valued Customers, We know Coronavirus (COVID
Woof woof! I'm nice and clean. Happy Monday!
Rawlf says Happy Friday!! Give me a high five 🖐
It's my Caturday bath time 
Seamus knows the drill. His thoughts: “Let’s
Carmelo’s new mohawk haircut for the new year! E
Announcement Greenpawz will be closed from J
Happy Howl-idays! Santa Paws is coming to town and
Load More...
 Follow on Instagram
Location

772 Stanyan Street
Cole Valley
San Francisco, CA, 94117

Contact

Phone : (415) 221-7387 ( PETS )
Email : etpetinc@gmail.com
Instagram : @greenpawzsf

 

Hours

Mon – Closed
Tue – Closed
Wed – 9:00 am – 4:00 pm
Thu – 9:00 am – 4:00 pm
Fri – 9:00 am – 4:00 pm
Sat – 9:00 am – 4:00 pm
Sun – 9:00 am – 4:00 pm

© 2019 DEE"
K9 Spa,2026-09-23,4.4,4.4 stars,Pet groomer,"2175 Harrison St, San Francisco, CA 94110, United States",+1 415-923-8889,https://k9spasf.com/,"QH6P+VW Mission District, San Francisco, CA, USA",,added,False,False,,
Bathing Dog,2026-09-23,4.8,4.8 stars,Pet groomer,"3208 Irving St, San Francisco, CA 94122, United States",+1 415-664-1808,https://yemaps.top/business/bathing-dog-aowpor,"QG75+62 Outer Sunset, San Francisco, CA, USA",,added,False,False,,"Server Error
404
Page Not Found

This page either doesn't exist, or it moved somewhere else.

That's what you can do

Reload Page Back to Previous Page Home Page"
Luxe Paw Grooming,2026-09-23,4.8,4.8 stars,Pet groomer,"2216 Irving St, San Francisco, CA 94122, United States",+1 415-685-0439,https://booking.moego.pet/ol/landing?name=LuxePawGrooming,"QG79+97 Outer Sunset, San Francisco, CA, USA",,added,False,False,,"Luxe Paw Grooming
ClosedOpens 9:00 AM Thursday
Share
See more
About us
Dear Valued Customers,
Thank you for your continued support and trust! Due to rising operational costs, we will be adjusting our pet grooming service prices starting [April 1,2026]. Most services will be increase by approximately $4-$8 depending on size and service. We remain committed to providing high-quality care for your beloved pets.
For details on the new pricing, please contact our staff. We appreciate your understanding and support!

***Please kindly review BEFORE making an appointment***

Dear customers,
Thank you for considering our grooming services for your senior dog. We deeply care about the well-being of all the dogs in our care, and for senior dogs, we take extra precautions to ensure their safety and comfort throughout the grooming process.

Due to the additional time, attention, and specialized care required for senior dogs, especially those with health concerns, we have reached our capacity for accepting more senior dogs at this time.

Unfortunately, we are temporarily unable to offer grooming services for new senior dogs at the age of 10 or older at the moment. We apologize for any inconvenience this may cause and appreciate your understanding.

Additionally, for all customers with up coming appointment:
1) Please present up-to-date rabies vaccination records before grooming.
2) If your dog is experiencing diarrhea, in heat, or any health issues, please make an appointment after your dog has fully recovered.
3) For old senior dogs over age of 10, and those with special health concerns, we may require owner to stay in the store until grooming is complete. If your dog has special health issues, we recommend that grooming be done only with the vet's permission.

***Should you have any questions, feel free to contact us at 4156850439, thank you!***

Get directions

2216 Irving St, SF, CA, US, 94122

View all 1 locations
Before and after
Our offerings
Services
Add-ons
Uncategorized
Late fee
Starting at $20

Over 15mins late arrival


Bath only
Bath - Tiny
Starting at $39

***Please kindly review in advance***
Dear customers,
Thank you for considering our grooming services for your senior dog. We deeply care about the well-being of all the dogs in our care, and for senior dogs, we take extra precautions to ensure their safety and comfort throughout the grooming process.

Due to the additional time, attention, and specialized care required for senior dogs, especially those with health concerns, we have reached our capacity for accepting more senior dogs at this time.

Unfortunately, we are temporarily unable to offer grooming services for new senior dogs over age of 10 at the moment. We apologize for any inconvenience this may cause and appreciate your understanding.

include:
- Nail trim/file
- Ear cleaning/plucking (upon request)
- Anal gland expression(upon request)



Bath - Small
Starting at $42

***Please kindly review BEFORE making an appointment***
Dear customers,
Thank you for considering our grooming services for your senior dog. We deeply care about the well-being of all the dogs in our care, and for senior dogs, we take extra precautions to ensure their safety and comfort throughout the grooming process.

Due to the additional time, attention, and specialized care required for senior dogs, especially those with health concerns, we have reached our capacity for accepting more senior dogs at this time.

Unfortunately, we are temporarily unable to offer grooming services for new senior dogs over age of 10 at the moment. We apologize for any inconvenience this may cause and appreciate your understanding.

include:
- Nail trim/file
- Ear cleaning/plucking (upon request)
- Anal gland expression(upon request)



Bath - Mini
Starting at $47

***Please kindly review BEFORE making an appointment***
Dear customers,
Thank you for considering our grooming services for your senior dog. We deeply care about the well-being of all the dogs in our care, and for senior dogs, we take extra precautions to ensure their safety and comfort throughout the grooming process.

Due to the additional time, attention, and specialized care required for senior dogs, especially those with health concerns, we have reached our capacity for accepting more senior dogs at this time.

Unfortunately, we are temporarily unable to offer grooming services for new senior dogs over age of 10 at the age of 12 or older at the moment. We apologize for any inconvenience this may cause and appreciate your understanding.

include:
- Nail trim/file
- Ear cleaning/plucking (upon request)
- Anal gland expression(upon request)



Bath - Medium
Starting at $58

***Please kindly review BEFORE making an appointment***
Dear customers,
Thank you for considering our grooming services for your senior dog. We deeply care about the well-being of all the dogs in our care, and for senior dogs, we take extra precautions to ensure their safety and comfort throughout the grooming process.

Due to the additional time, attention, and specialized care required for senior dogs, especially those with health concerns, we have reached our capacity for accepting more senior dogs at this time.

Unfortunately, we are temporarily unable to offer grooming services for new senior dogs at the age of 10 or older at the moment. We apologize for any inconvenience this may cause and appreciate your understanding.

include:
- Nail trim/file
- Ear cleaning/plucking (upon request)
- Anal gland expression(upon request)



Bath - Large
Starting at $78

***Please kindly review BEFORE making an appointment***
Dear customers,
Thank you for considering our grooming services for your senior dog. We deeply care about the well-being of all the dogs in our care, and for senior dogs, we take extra precautions to ensure their safety and comfort throughout the grooming process.

Due to the additional time, attention, and specialized care required for senior dogs, especially those with health concerns, we have reached our capacity for accepting more senior dogs at this time.

Unfortunately, we are temporarily unable to offer grooming services for new senior dogs at the age of 10 or older at the moment. We apologize for any inconvenience this may cause and appreciate your understanding.

include:
- Nail trim/file
- Ear cleaning/plucking (upon request)
- Anal gland expression(upon request)


Bath - X-Large
Starting at $88

***Please kindly review BEFORE making an appointment***
Dear customers,
Thank you for considering our grooming services for your senior dog. We deeply care about the well-being of all the dogs in our care, and for senior dogs, we take extra precautions to ensure their safety and comfort throughout the grooming process.

Due to the additional time, attention, and specialized care required for senior dogs, especially those with health concerns, we have reached our capacity for accepting more senior dogs at this time.

Unfortunately, we are temporarily unable to offer grooming services for new senior dogs at the age of 10 or older at the moment. We apologize for any inconvenience this may cause and appreciate your understanding.

include:
- Nail trim/file
- Ear cleaning/plucking (upon request)
- Anal gland expression(upon request)



Siberian Husky/Husky
$131

***Please kindly review BEFORE making an appointment***
Dear customers,
Thank you for considering our grooming services for your senior dog. We deeply care about the well-being of all the dogs in our care, and for senior dogs, we take extra precautions to ensure their safety and comfort throughout the grooming process.

Due to the additional time, attention, and specialized care required for senior dogs, especially those with health concerns, we have reached our capacity for accepting more senior dogs at this time.

Unfortunately, we are temporarily unable to offer grooming services for new senior dogs at the age of 10 or older at the moment. We apologize for any inconvenience this may cause and appreciate your understanding.

*Includes mixed breed
*NOT includes de-shedding or de-matting


Chow Chow/Samoyed
$131

***Please kindly review BEFORE making an appointment***
Dear customers,
Thank you for considering our grooming services for your senior dog. We deeply care about the well-being of all the dogs in our care, and for senior dogs, we take extra precautions to ensure their safety and comfort throughout the grooming process.

Due to the additional time, attention, and specialized care required for senior dogs, especially those with health concerns, we have reached our capacity for accepting more senior dogs at this time.

Unfortunately, we are temporarily unable to offer grooming services for new senior dogs at the age of 10 or older at the moment. We apologize for any inconvenience this may cause and appreciate your understanding.

*Includes mixed breed
*NOT includes de-shedding or de-matting


Great Pyrenees
$131

***Please kindly review BEFORE making an appointment***
Dear customers,
Thank you for considering our grooming services for your senior dog. We deeply care about the well-being of all the dogs in our care, and for senior dogs, we take extra precautions to ensure their safety and comfort throughout the grooming process.

Due to the additional time, attention, and specialized care required for senior dogs, especially those with health concerns, we have reached our capacity for accepting more senior dogs at this time.

Unfortunately, we are temporarily unable to offer grooming services for new senior dogs at the age of 10 or older at the moment. We apologize for any inconvenience this may cause and appreciate your understanding.

*Includes mixed breed
*NOT includes de-shedding or de-matting


Alaskan Malamute/Alaskan Husky
$131

***Please kindly review BEFORE making an appointment***
Dear customers,
Thank you for considering our grooming services for your senior dog. We deeply care about the well-being of all the dogs in our care, and for senior dogs, we take extra precautions to ensure their safety and comfort throughout the grooming process.

Due to the additional time, attention, and specialized care required for senior dogs, especially those with health concerns, we have reached our capacity for accepting more senior dogs at this time.

Unfortunately, we are temporarily unable to offer grooming services for new senior dogs at the age of 10 or older at the moment. We apologize for any inconvenience this may cause and appreciate your understanding.

*Includes mixed breed
*NOT includes de-shedding or de-matting


Bernese Mountain Dog
$131

Due to the additional time, attention, and specialized care required for senior dogs, especially those with health concerns, we have reached our capacity for accepting more senior dogs at this time.

Unfortunately, we are temporarily unable to offer grooming services for new senior dogs at the age of 10 or older at the moment. We apologize for any inconvenience this may cause and appreciate your understanding.

*Includes mixed breed
*NOT includes de-shedding or de-matting


Grooming service
Full service - Tiny
Starting at $97

***Please kindly review BEFORE making an appointment***
Dear customers,
Thank you for considering our grooming services for your senior dog. We deeply care about the well-being of all the dogs in our care, and for senior dogs, we take extra precautions to ensure their safety and comfort throughout the grooming process.

Due to the additional time, attention, and specialized care required for senior dogs, especially those with health concerns, we have reached our capacity for accepting more senior dogs at this time.

Unfortunately, we are temporarily unable to offer grooming services for new senior dogs at the age of 10 or older at the moment. We apologize for any inconvenience this may cause and appreciate your understanding.

- Shampoo and conditioning
- Blow-drying and brushing out (not including dematting or de-shed treatment)
- Full-body stylish hair cut
- Nail trim/file
- Ear cleaning/plucking (upon request)
- Anal gland expression(upon request)



Full service - Small
Starting at $102

***Please kindly review BEFORE making an appointment***
Dear customers,
Thank you for considering our grooming services for your senior dog. We deeply care about the well-being of all the dogs in our care, and for senior dogs, we take extra precautions to ensure their safety and comfort throughout the grooming process.

Due to the additional time, attention, and specialized care required for senior dogs, especially those with health concerns, we have reached our capacity for accepting more senior dogs at this time.

Unfortunately, we are temporarily unable to offer grooming services for new senior dogs at the age of 10 or older at the moment. We apologize for any inconvenience this may cause and appreciate your understanding.

- Shampoo and conditioning
- Blow-drying and brushing out (not including dematting or de-shed treatment)
- Full-body stylish hair cut
- Nail trim/file
- Ear cleaning/plucking (upon request)
- Anal gland expression(upon request)


Full Service - Mini
Starting at $123

***Please kindly review BEFORE making an appointment***
Dear customers,
Thank you for considering our grooming services for your senior dog. We deeply care about the well-being of all the dogs in our care, and for senior dogs, we take extra precautions to ensure their safety and comfort throughout the grooming process.

Due to the additional time, attention, and specialized care required for senior dogs, especially those with health concerns, we have reached our capacity for accepting more senior dogs at this time.

Unfortunately, we are temporarily unable to offer grooming services for new senior dogs at the age of 10 or older at the moment. We apologize for any inconvenience this may cause and appreciate your understanding.

- Shampoo and conditioning
- Blow-drying and brushing out (not including dematting or de-shed treatment)
- Full-body stylish hair cut
- Nail trim/file
- Ear cleaning/plucking (upon request)
- Anal gland expression(upon request)


Full service - Medium
Starting at $140

***Please kindly review BEFORE making an appointment***
Dear customers,
Thank you for considering our grooming services for your senior dog. We deeply care about the well-being of all the dogs in our care, and for senior dogs, we take extra precautions to ensure their safety and comfort throughout the grooming process.

Due to the additional time, attention, and specialized care required for senior dogs, especially those with health concerns, we have reached our capacity for accepting more senior dogs at this time.

Unfortunately, we are temporarily unable to offer grooming services for new senior dogs at the age of 10 or older at the moment. We apologize for any inconvenience this may cause and appreciate your understanding.

- Shampoo and conditioning
- Blow-drying and brushing out (not including dematting or de-shed treatment)
- Full-body stylish hair cut
- Nail trim/file
- Ear cleaning/plucking (upon request)
- Anal gland expression(upon request)


Full service - Large
Starting at $170

***Please kindly review BEFORE making an appointment***
Dear customers,
Thank you for considering our grooming services for your senior dog. We deeply care about the well-being of all the dogs in our care, and for senior dogs, we take extra precautions to ensure their safety and comfort throughout the grooming process.

Due to the additional time, attention, and specialized care required for senior dogs, especially those with health concerns, we have reached our capacity for accepting more senior dogs at this time.

Unfortunately, we are temporarily unable to offer grooming services for new senior dogs at the age of 10 or older at the moment. We apologize for any inconvenience this may cause and appreciate your understanding.

- Shampoo and conditioning
- Blow-drying and brushing out (not including dematting or de-shed treatment)
- Full-body stylish hair cut
- Nail trim/file
- Ear cleaning/plucking (upon request)
- Anal gland expression(upon request)


Full service - X-Large
Starting at $190

***Please kindly review BEFORE making an appointment***
Dear customers,
Thank you for considering our grooming services for your senior dog. We deeply care about the well-being of all the dogs in our care, and for senior dogs, we take extra precautions to ensure their safety and comfort throughout the grooming process.

Due to the additional time, attention, and specialized care required for senior dogs, especially those with health concerns, we have reached our capacity for accepting more senior dogs at this time.

Unfortunately, we are temporarily unable to offer grooming services for new senior dogs at the age of 10 or older at the moment. We apologize for any inconvenience this may cause and appreciate your understanding.

- Shampoo and conditioning
- Blow-drying and brushing out (not including dematting or de-shed treatment)
- Full-body stylish hair cut
- Nail trim/file
- Ear cleaning/plucking (upon request)
- Anal gland expression(upon request)


Tidy-up
Tidy-up Tiny
$82

***Please kindly review BEFORE making an appointment***
Dear customers,
Thank you for considering our grooming services for your senior dog. We deeply care about the well-being of all the dogs in our care, and for senior dogs, we take extra precautions to ensure their safety and comfort throughout the grooming process.

Due to the additional time, attention, and specialized care required for senior dogs, especially those with health concerns, we have reached our capacity for accepting more senior dogs at this time.

Unfortunately, we are temporarily unable to offer grooming services for new senior dogs at the age of 10 or older at the moment. We apologize for any inconvenience this may cause and appreciate your understanding.

- Full Bath (Washing, Blow-Drying, Nail-Trimming, Ear-Cleaning, Anal Gland Expression)
- Trim (Face, Paw, Sanitary Area, Tail)


Tidy-up Small
$87

***Please kindly review BEFORE making an appointment***
Dear customers,
Thank you for considering our grooming services for your senior dog. We deeply care about the well-being of all the dogs in our care, and for senior dogs, we take extra precautions to ensure their safety and comfort throughout the grooming process.

Due to the additional time, attention, and specialized care required for senior dogs, especially those with health concerns, we have reached our capacity for accepting more senior dogs at this time.

Unfortunately, we are temporarily unable to offer grooming services for new senior dogs at the age of 10 or older at the moment. We apologize for any inconvenience this may cause and appreciate your understanding.

- Full Bath (Washing, Blow-Drying, Nail-Trimming, Ear-Cleaning, Anal Gland Expression)
- Trim (Face, Paw, Sanitary Area, Tail)


Tidy-up Mini
$107

***Please kindly review BEFORE making an appointment***
Dear customers,
Thank you for considering our grooming services for your senior dog. We deeply care about the well-being of all the dogs in our care, and for senior dogs, we take extra precautions to ensure their safety and comfort throughout the grooming process.

Due to the additional time, attention, and specialized care required for senior dogs, especially those with health concerns, we have reached our capacity for accepting more senior dogs at this time.

Unfortunately, we are temporarily unable to offer grooming services for new senior dogs at the age of 10 or older at the moment. We apologize for any inconvenience this may cause and appreciate your understanding.

- Full Bath (Washing, Blow-Drying, Nail-Trimming, Ear-Cleaning, Anal Gland Expression)
- Trim (Face, Paw, Sanitary Area, Tail)


Tidy-up Medium
$123

***Please kindly review BEFORE making an appointment***
Dear customers,
Thank you for considering our grooming services for your senior dog. We deeply care about the well-being of all the dogs in our care, and for senior dogs, we take extra precautions to ensure their safety and comfort throughout the grooming process.

Due to the additional time, attention, and specialized care required for senior dogs, especially those with health concerns, we have reached our capacity for accepting more senior dogs at this time.

Unfortunately, we are temporarily unable to offer grooming services for new senior dogs at the age of 10 or older at the moment. We apologize for any inconvenience this may cause and appreciate your understanding.

- Full Bath (Washing, Blow-Drying, Nail-Trimming, Ear-Cleaning, Anal Gland Expression)
- Trim (Face, Paw, Sanitary Area, Tail)


Tidy-up Large
$140

***Please kindly review BEFORE making an appointment***
Dear customers,
Thank you for considering our grooming services for your senior dog. We deeply care about the well-being of all the dogs in our care, and for senior dogs, we take extra precautions to ensure their safety and comfort throughout the grooming process.

Due to the additional time, attention, and specialized care required for senior dogs, especially those with health concerns, we have reached our capacity for accepting more senior dogs at this time.

Unfortunately, we are temporarily unable to offer grooming services for new senior dogs at the age of 10 or older at the moment. We apologize for any inconvenience this may cause and appreciate your understanding.

- Full Bath (Washing, Blow-Drying, Nail-Trimming, Ear-Cleaning, Anal Gland Expression)
- Trim (Face, Paw, Sanitary Area, Tail)


Tidy-up X-Large
$155

***Please kindly review BEFORE making an appointment***
Dear customers,
Thank you for considering our grooming services for your senior dog. We deeply care about the well-being of all the dogs in our care, and for senior dogs, we take extra precautions to ensure their safety and comfort throughout the grooming process.

Due to the additional time, attention, and specialized care required for senior dogs, especially those with health concerns, we have reached our capacity for accepting more senior dogs at this time.

Unfortunately, we are temporarily unable to offer grooming services for new senior dogs at the age of 10 or older at the moment. We apologize for any inconvenience this may cause and appreciate your understanding.

- Full Bath (Washing, Blow-Drying, Nail-Trimming, Ear-Cleaning, Anal Gland Expression)
- Trim (Face, Paw, Sanitary Area, Tail)


Hand Strip
Hand Strip - Medium (new prices will take effect on April 1)
Starting at $153

***Please kindly review BEFORE making an appointment***
Dear customers,
Thank you for considering our grooming services for your senior dog. We deeply care about the well-being of all the dogs in our care, and for senior dogs, we take extra precautions to ensure their safety and comfort throughout the grooming process.

Due to the additional time, attention, and specialized care required for senior dogs, especially those with health concerns, we have reached our capacity for accepting more senior dogs at this time.

Unfortunately, we are temporarily unable to offer grooming services for new senior dogs at the age of 10 or older at the moment. We apologize for any inconvenience this may cause and appreciate your understanding.

- Removal of dead and loose hairs from the coat layers
- Applicable to wire-coated dogs (rough/bristly layers of hair)


Hand Strip - Mini (new prices will take effect on April 1)
Starting at $138

***Please kindly review BEFORE making an appointment***
Dear customers,
Thank you for considering our grooming services for your senior dog. We deeply care about the well-being of all the dogs in our care, and for senior dogs, we take extra precautions to ensure their safety and comfort throughout the grooming process.

Due to the additional time, attention, and specialized care required for senior dogs, especially those with health concerns, we have reached our capacity for accepting more senior dogs at this time.

Unfortunately, we are temporarily unable to offer grooming services for new senior dogs at the age of 10 or older at the moment. We apologize for any inconvenience this may cause and appreciate your understanding.

- Removal of dead and loose hairs from the coat layers
- Applicable to wire-coated dogs (rough/bristly layers of hair)


Hand Strip - Small (new prices will take effect on April 1)
Starting at $128

***Please kindly review BEFORE making an appointment***
Dear customers,
Thank you for considering our grooming services for your senior dog. We deeply care about the well-being of all the dogs in our care, and for senior dogs, we take extra precautions to ensure their safety and comfort throughout the grooming process.

Due to the additional time, attention, and specialized care required for senior dogs, especially those with health concerns, we have reached our capacity for accepting more senior dogs at this time.

Unfortunately, we are temporarily unable to offer grooming services for new senior dogs at the age of 10 or older at the moment. We apologize for any inconvenience this may cause and appreciate your understanding.

- Removal of dead and loose hairs from the coat layers
- Applicable to wire-coated dogs (rough/bristly layers of hair)


Walk-in Service
Quick cut
$45

Nail, sanitary, paws and eyelashes trims


Teeth Cleaning
$10
Nail Trim/File
$25
Anal Gland Expression
$25
Ear Cleaning/Plucking
$15
Amenities and more
Features
Pet Supplies
Payment
Accepts credit cards
Accepts Apple Pay
Luxe Paw Grooming

2216 Irving St, SF, CA, US, 94122

415 685 0439

Book now

Contact

415 685 0439

Hours

ClosedOpens 9:00 AM Thursday

Powered by
Luxe Paw Grooming"
BMK Pet Salon,2026-09-23,4.3,4.3 stars,Pet groomer,"3043 Clement St, San Francisco, CA 94121, United States",+1 415-876-6053,https://www.bmkpetsalon.com/,"QGJ5+J5 Central Richmond, San Francisco, CA, USA",,added,False,False,,"Skip to Main Content

BMK Pet Salon

Home

Services

About

Contact

Call for an Appointment
BMK Pet Salon 3040 Clement St San Francisco, 94121
Our Services
Dog Haircut Package starts at $100 and up depending on breed, coat and size

           
                                          Haircut          
                              Bath (Double Wash)           
                                Glands Expression                     
                                          Drying               
                                    Ear Cleaning               
                                    Sanitary Trims             
                                  Under Paw Trim               
                                    Nail Trimming                   
                                      Brush Out   



                   
                     
                                  
             


 
Dog Bath Package starts at $65 and up depending on breed, coat and size

             
                           
                          Bath (Double Wash)           
                            Glands Expression                     
                 Drying ( or towel Drying $10 off)                                          Ear Cleaning               
                               Sanitary Trims             
                              Under Paw Trim               
                                Nail Trimming                   
                                   Brush Out   
 


 
      Add On Service

 

 

 

Non  Anesthesia deep teeth cleaning for both dogs and cats  $220 first time and thereafter Monthly teeth cleaning maintenance $60

​

Teeth Brushing $10

 

Flea Shampoo (Commercial Grade) Kills Flea's, Tick's, and Eggs $7 and up 

​

Advantage Monthly Flea Spot on Treatment $9 Small dog, $10 Medium dog and $11 for Large dog

 

Face Trim or Light Trim $15 and up

​

Nail Trim for Dogs $15

Nail Grinding for Dogs $20

Nail Trim For Cats $20

 

Furminator (Eliminates Shedding) $15 and up

 

Glands Expression $20

​

Note: These are starting prices as price varies depending on breed, coat and size of the pet

​

Book Now
Hi, Let's Get Grooming

BMK Pet Salon provides dog grooming for all dogs under 65lbs in the outer Richmond area. All groomers have over 10+ years of grooming experience. We will take care of your pet from head to tail with love and care and make sure your pet receives top high quality grooming service. Regular grooming will keep vet bills down and ensure a happier, healthier pet and home. 

Our Happy Clients
Reviews

We've gone to BMK a couple of times so far and are very happy with them. Joyce is easy to correspond with via text, managed our dog well, has reasonable rates, is within walking distance of us, and most importantly, does a great job! I would definitely recommend!

Janet K.

Can't say enough good things about this place. Have been taking my dogs Bentley, and Lucy here for year now. They are great people and give amazing service. After multiple bad experiences elsewhere, I won't bring my dogs anywhere else! 

Josh S.

First time to this pet salont otally transformed my dog the way I wanted them to cut my dog's hair! Would highly recommend this place to first time dog owners who want their dog groomed.

Mike W
Opening Hours

By Appointment Only

Tuesday - Friday

9:30am - 5:30pm

We are also open one Saturday per Month 

Contact Us

Dog grooming services are by appointment only. Please call us to schedule an appointment. For any inquiries, submit a form on the right side. We will respond to you as soon as we can. Thank you!

3043 Clement St, San Francisco, CA 94121

415-876-6053

Submit

©2021 by BMK Pet Salon. Proudly created with Wix.com"
Bow Wow Meow SF,2026-09-23,4.4,4.4 stars,Pet store,"2150 Polk St, San Francisco, CA 94109, United States",+1 415-440-2845,http://www.bowwowmeow.net/,"QHWH+M8 Polk Gulch, San Francisco, CA, USA",,added,False,False,amy@bowwowmeow.net,"Skip to Content
Home
Services
Products
Contact
Pamper Your Pets in Style:
Where Elegance Meets Whiskers.
Contact Us
Store locations and hours
San Francisco
San Carlos
Menlo Park
Services we offer
Veterinary Clinics

We have vaccination clinics weekly in
Menlo Park and San Carlos.

Grooming & Nail Trimming

We offer grooming and nail trimming
7 days a week in all locations.

Dental Clinic

Dental clinics are held in
Menlo Park.

We are constantly evolving

At Bow Wow Meow, our goal is to offer the most beneficial products and services to caring pet guardians. We achieve this goal by continually introducing the most advanced products in the pet industry, along with offerings from small, local purveyors. Our range of services, including grooming and training, helps ensure that your pet is healthy and happy.

The bond people share with their pets is something we all understand at the deepest level, and with this in mind, we always strive to make your experience at Bow Wow Meow as comfortable and enlightening as possible.

Contact Us
What people are saying

“I have been a customer at Bow Wow Meow for a long time. I take my two dogs every week for grooming services. The staff is amazing—they are super friendly, helpful, and knowledgeable. The dogs love the groomers, and I have never had a problem. Give it a try! Satisfaction is guaranteed. In my opinion, they provide the best services in SF. I couldn’t be happier.”

— Dean M.

“This store is awesome, offering a wide range of supplies for your pets. I come here for my cousin’s pug and get him Greenies all the time. The prices are right, and they have everything from snacks to shampoo, clothes, cards, and other goodies your pet would love. There's a neat grooming area in the back. It’s fun to see how excited some dogs get when they walk into the place.
Just go and experience an amazing service!”

— Wayne W.

“Had my fickle Chihuahuas' nails clipped, and it was easy-breezy. They don't make me hold the dogs while they do it, which I hate doing! Also, there's a great variety of leashes, treats, and cute collars. I bought one of those harnesses with a handle for my senior guy who doesn't like being picked up due to his arthritis. It's made in the USA, and he loves it! They also have Buddy Belts, and those rock!”

— Nicole C.
Contact us.

San Francisco: (415) 440-2845
San Carlos: (650) 802-2845
Menlo Park: (650) 323-2845

Name
First Name
(required)
Last Name
(required)
Email
(required)
Send

Bow Wow Meow

Services
Products
Contact

San Francisco Store:

2150 Polk Street

(415) 440-2845

Email: amy@bowwowmeow.net

San Carlos Store:

737 Laurel Street
(650) 802-2845

Email: 
lisa@bowwowmeow.net

Menlo Park Store:

654 Santa Cruz Ave
(650) 323-2845

Email: susan@bowwowmeow.net

All sales are final

Bow Wow Meow 2024. All rights reserved. Image copyright: Unsplash.com & Pexel.com"
Bow Wow Meow SF,2026-09-23,4.4,4.4 stars,Pet store,"2150 Polk St, San Francisco, CA 94109, United States",+1 415-440-2845,http://www.bowwowmeow.net/,"QHWH+M8 Polk Gulch, San Francisco, CA, USA",,added,False,False,lisa@bowwowmeow.net,"Skip to Content
Home
Services
Products
Contact
Pamper Your Pets in Style:
Where Elegance Meets Whiskers.
Contact Us
Store locations and hours
San Francisco
San Carlos
Menlo Park
Services we offer
Veterinary Clinics

We have vaccination clinics weekly in
Menlo Park and San Carlos.

Grooming & Nail Trimming

We offer grooming and nail trimming
7 days a week in all locations.

Dental Clinic

Dental clinics are held in
Menlo Park.

We are constantly evolving

At Bow Wow Meow, our goal is to offer the most beneficial products and services to caring pet guardians. We achieve this goal by continually introducing the most advanced products in the pet industry, along with offerings from small, local purveyors. Our range of services, including grooming and training, helps ensure that your pet is healthy and happy.

The bond people share with their pets is something we all understand at the deepest level, and with this in mind, we always strive to make your experience at Bow Wow Meow as comfortable and enlightening as possible.

Contact Us
What people are saying

“I have been a customer at Bow Wow Meow for a long time. I take my two dogs every week for grooming services. The staff is amazing—they are super friendly, helpful, and knowledgeable. The dogs love the groomers, and I have never had a problem. Give it a try! Satisfaction is guaranteed. In my opinion, they provide the best services in SF. I couldn’t be happier.”

— Dean M.

“This store is awesome, offering a wide range of supplies for your pets. I come here for my cousin’s pug and get him Greenies all the time. The prices are right, and they have everything from snacks to shampoo, clothes, cards, and other goodies your pet would love. There's a neat grooming area in the back. It’s fun to see how excited some dogs get when they walk into the place.
Just go and experience an amazing service!”

— Wayne W.

“Had my fickle Chihuahuas' nails clipped, and it was easy-breezy. They don't make me hold the dogs while they do it, which I hate doing! Also, there's a great variety of leashes, treats, and cute collars. I bought one of those harnesses with a handle for my senior guy who doesn't like being picked up due to his arthritis. It's made in the USA, and he loves it! They also have Buddy Belts, and those rock!”

— Nicole C.
Contact us.

San Francisco: (415) 440-2845
San Carlos: (650) 802-2845
Menlo Park: (650) 323-2845

Name
First Name
(required)
Last Name
(required)
Email
(required)
Send

Bow Wow Meow

Services
Products
Contact

San Francisco Store:

2150 Polk Street

(415) 440-2845

Email: amy@bowwowmeow.net

San Carlos Store:

737 Laurel Street
(650) 802-2845

Email: 
lisa@bowwowmeow.net

Menlo Park Store:

654 Santa Cruz Ave
(650) 323-2845

Email: susan@bowwowmeow.net

All sales are final

Bow Wow Meow 2024. All rights reserved. Image copyright: Unsplash.com & Pexel.com"
Bow Wow Meow SF,2026-09-23,4.4,4.4 stars,Pet store,"2150 Polk St, San Francisco, CA 94109, United States",+1 415-440-2845,http://www.bowwowmeow.net/,"QHWH+M8 Polk Gulch, San Francisco, CA, USA",,added,False,False,susan@bowwowmeow.net,"Skip to Content
Home
Services
Products
Contact
Pamper Your Pets in Style:
Where Elegance Meets Whiskers.
Contact Us
Store locations and hours
San Francisco
San Carlos
Menlo Park
Services we offer
Veterinary Clinics

We have vaccination clinics weekly in
Menlo Park and San Carlos.

Grooming & Nail Trimming

We offer grooming and nail trimming
7 days a week in all locations.

Dental Clinic

Dental clinics are held in
Menlo Park.

We are constantly evolving

At Bow Wow Meow, our goal is to offer the most beneficial products and services to caring pet guardians. We achieve this goal by continually introducing the most advanced products in the pet industry, along with offerings from small, local purveyors. Our range of services, including grooming and training, helps ensure that your pet is healthy and happy.

The bond people share with their pets is something we all understand at the deepest level, and with this in mind, we always strive to make your experience at Bow Wow Meow as comfortable and enlightening as possible.

Contact Us
What people are saying

“I have been a customer at Bow Wow Meow for a long time. I take my two dogs every week for grooming services. The staff is amazing—they are super friendly, helpful, and knowledgeable. The dogs love the groomers, and I have never had a problem. Give it a try! Satisfaction is guaranteed. In my opinion, they provide the best services in SF. I couldn’t be happier.”

— Dean M.

“This store is awesome, offering a wide range of supplies for your pets. I come here for my cousin’s pug and get him Greenies all the time. The prices are right, and they have everything from snacks to shampoo, clothes, cards, and other goodies your pet would love. There's a neat grooming area in the back. It’s fun to see how excited some dogs get when they walk into the place.
Just go and experience an amazing service!”

— Wayne W.

“Had my fickle Chihuahuas' nails clipped, and it was easy-breezy. They don't make me hold the dogs while they do it, which I hate doing! Also, there's a great variety of leashes, treats, and cute collars. I bought one of those harnesses with a handle for my senior guy who doesn't like being picked up due to his arthritis. It's made in the USA, and he loves it! They also have Buddy Belts, and those rock!”

— Nicole C.
Contact us.

San Francisco: (415) 440-2845
San Carlos: (650) 802-2845
Menlo Park: (650) 323-2845

Name
First Name
(required)
Last Name
(required)
Email
(required)
Send

Bow Wow Meow

Services
Products
Contact

San Francisco Store:

2150 Polk Street

(415) 440-2845

Email: amy@bowwowmeow.net

San Carlos Store:

737 Laurel Street
(650) 802-2845

Email: 
lisa@bowwowmeow.net

Menlo Park Store:

654 Santa Cruz Ave
(650) 323-2845

Email: susan@bowwowmeow.net

All sales are final

Bow Wow Meow 2024. All rights reserved. Image copyright: Unsplash.com & Pexel.com"
Expert Pet,2026-09-23,4.5,4.5 stars,Pet supply store,"1649 Ocean Ave, San Francisco, CA 94112, United States",+1 415-347-7305,https://expertpet.com/,"PGFQ+QX Ingleside, San Francisco, CA, USA",,added,False,False,hello@expertpet.com,"(415) 347-7305 
expert pet 
 
 
 
 
 
Marketplace
Rewards
Grooming
Spa Appointments
Resort
Daycare
Gallery
🛍 MARKETPLACE
🛁 GROOMING SPECIAL
🏨 RESORT
🐶 DAYCARE

Stock up on What They Love!

Welcome to Expert Pet, your local pet store and destination for top-quality pet supplies in San Francisco, CA. From nutritious food and stylish accessories to toys and treats, our pet shop near you is stocked with everything your pet loves. Whether you own a playful pup or a curious cat, our marketplace ensures the best for your best friend.

Shop Today 
Unleash Your Pup's Dream Vacation!

Tail-waggingly delightful accommodations, personalized care & fun await at Expert Pet Resort﻿

EXPLORE OUR RESORT
BOOK TODAY
Grooming

Full-service dog grooming, dog baths, nail trims and more!


Cat grooming and nail trims

Delivery

Same day available if ordered before 2 pm. Free delivery on orders over $50 within San Francisco and Daly City.

Resort

Stay in a comfy room and enjoy a home away from home


Pets Love Us
Services

When it comes to taking care of your pet, we'll treat them like a member of our own pack. You can count on us to be attentive to every detail while they're here.




When you're ready to book, reach us at (415) 347-7305. We'll be happy to take care of you and your pet.


Daycare

Monday - Friday, your pets and their pals play, chow & socialize. Limited availability.

Loyalty Rewards

Every time you shop in our store or online, you earn 10% in store credit!

Premium Supplies

Nothing but the best is good enough for your pet. Especially if you're in the San Francisco Bay! Expert Pet offers unique specialty items, along with fantastic foods and treats that your pet will find irresistible. We are a one stop shop for everything you need!

There's Nothing Wrong With Spoiling Your Pet
OUR PET STORE IN SAN FRANCISCO, CA SELLS EVERYTHING FROM TREATS TO TOYS

Your pet should be pampered. If you believe that as much as we do, you'll fit right in at Expert Pet. Led by people who love making cats and dogs happy, Expert Pet offers a wide selection of pet supplies and services. You can come to our pet store in San Francisco, CA for food, treats and toys your pet will love. You can even take advantage of our pet salon.



To find our more about our shop and services, stop by today. We're located in Ingleside.

Story
GET THE STORY BEHIND EXPERT PET

Our family saw that there weren't many places in the neighborhood to receive great pet services and find high-quality pet supplies. We stepped up to open a home-grown pet store for local pet owners in San Francisco. We're proud to be part of the community as a local, minority- and family-owned business.

Visit our pet shop today to meet our friendly team.

Frequently Asked Questions
Q1. What kind of pet supplies do you carry at your San Francisco pet store?

We carry a wide range of premium pet supplies including food, toys, treats, grooming tools, leashes, and more for dogs, cats, and small animals — all in one convenient San Francisco location.

Q2. Do you offer grooming services in-store?

Yes! Our pet salon in San Francisco provides full grooming services for dogs, including baths, haircuts, nail trims, and more — all by certified, gentle groomers.

Q3. Can I find natural or organic pet food at Expert Pet?

Absolutely. We stock high-quality, natural, and organic pet food brands that support your pet’s health and well-being, with options for all dietary needs.

Q4. What makes Expert Pet different from other pet stores in San Francisco?

We’re more than a pet store — we’re a full-service destination offering pet grooming, daycare, boarding, and expert advice from pet lovers who truly care.

Q5. Do I need an appointment to visit the pet salon or can I walk in?

Walk-ins are welcome for some services, but we recommend booking an appointment to ensure your pet gets the time and attention they deserve.

Where the Treats Are!
LOCATION

INGLESIDE


1649 Ocean Ave

San Francisco, Ca 94112


Hours

Mon - Sat: 9 am - 7:15 pm

Sun: 9 am - 6 pm


© 2026 

Copyright Expert Pet, all rights reserved. | Sitemap

1649 Ocean Avenue, San Francisco, CA 94112 • (415) 347-7305

 
 
 
 
 
Share by:"
Groom Dog Spaw,2026-09-23,4.0,4.0 stars,Pet groomer,"938 Clement St, San Francisco, CA 94118, United States",+1 415-752-7167,http://www.groomdogspaw.com/,"QGMJ+57 Inner Richmond, San Francisco, CA, USA",,added,False,False,info@groomdogspaw.com,"Home
Gallery
Reviews
Contact
Book an Appointment
Your Dog Deserves to Feel Their Best.

Professional, gentle grooming in San Francisco — where your dog is treated with care, patience, and love.

BOOK AN APPOINTMENT
APPOINTMENT REQUEST

Serving San Francisco Dog Parents

✓ Gentle & Professional Care
✓ Experienced Groomers
✓ San Francisco Local

LOVED BY SAN FRANCISCO DOG PARENTS

⭐⭐⭐⭐⭐ Trusted by local dog owners [Google Rating] [Number of Reviews] See Our Reviews

See Our Reviews
More Than a Groom. It's a Little Self-Care for Your Best Friend.
Gentle, Caring Approach

Gentle caring approach takes to prepare approach.

Professional Grooming

Professional dog grooming to getting care

Comfortable Environment

Clean a comfortable and relaxing environment.

San Francisco Care

Local San Francisco Care is available.

A LA CARTE

SERVICES

Nail Trim $20
Nail Dremel $30

Flea Bath $15-$30
 Calming Oatmeal Bath $15-$30

Fluff & Brush

  $20 - $35

 Face Trim $10 - $15
 

Paw Trim $5-10 

depending on size

Teeth brush $10
 

 Poodle Feet $10-20 

depending on size

Sani Trim $10-20 

depending on size

 Day Care

(for grooming customers only) $35 per day.

• Professional Non–Anesthesia Teeth Cleaning by Teeth Genie $299
• 3-month maintenance discount $120 on the 2nd Monday of each month.

Find The Right Groom For Your Dog.
BATH:

We wash your dog twice and condition it for a thoroughly clean and smooth coat using only all-natural and organic ingredients. Our baths are calming and relaxing including a gentle massage, nail trim, ear cleaning, anal gland expression, and a brush out.
 

PRICES BASED ON SIZE:

SMALL: $60+  /  MEDIUM: $75+

LARGE: $95+  /  EXTRA LARGE: $120+ 

Book Now
BATH & TRIM:

Includes: Bath, brush out, face paw, and hygienic trim. 

PRICES BASED ON SIZE:
SMALL: $75+  /  MEDIUM: $85+
LARGE: $120+  /  EXTRA LARGE: $150+

Book Now
FULL GROOM:

Includes: Bath, brush out, & haircut of your choice.
 

PRICES BASED ON SIZE:

SMALL: $105+  /  MEDIUM: $125+

LARGE: $150+  /  EXTRA LARGE: $170+

2X LARGE: $200+

Hand Scissoring $300+

Book Now
CUSTOM:

Speak directly with our experienced Groomers to learn about our personalized services.  

Book Now
How It Works

1

2

3

Choose Your Service

Pick a Time

Bring Your Pup

BOOK YOUR APPOINTMENT

BEFORE & AFTER

What San Francisco Dog Parents Say

★★★★★

Beautiful haircut! Amazing grooming! Cindy was wonderful and kind with little, fluffy Lucy. Thank you Groom Dog Spaw.

Verified Customer

★★★★★

Always great with the dogs, they look clean and happy! Highly recommend this place, I have been coming here for years with my dogs.

Verified Customer

★★★★★

Thank you for such great service. You are always so friendly and accommodating. And our girls look great!

Verified Customer

★★★★★

Cindy is always so patient and kind with both of my dogs and does an incredible job with their haircuts.

Verified Customer

★★★★★

They are so kind and caring each time I bring my anxious dog for a nail trim. Thank you! Highly recommend Groom Dog Spaw!

Verified Customer

Your Local San Francisco
Dog Grooming Team

Adress:

938 Clement Street, San Francisco, California 94118 

Phone:

(415) 752-7167 

info@groomdogspaw.com 

Hours:

Monday - Friday 8-5
Now Open on Saturdays 8-4 PM 

FAQ'S
What are the operating hours for Groom Dog Spaw on Clement Street?
How much does a full dog groom or bath cost at Groom Dog Spaw?
How do I book a grooming appointment online?
What is the phone number and contact email for this location?
Does Groom Dog Spaw offer express grooming services?
What is included in the basic bath package?
Does Groom Dog Spaw offer non-anesthesia teeth cleaning?
Can I leave my dog at daycare after their grooming session?
Does Groom Dog Spaw offer cat grooming or nail trimming?
What a-la-carte options are available without a full groom?

© 2026 Groom Dog Spaw. Powered and secured by Wix

Follow us on Social Media

Home   Gallery   Reviews   Contact "
Pawber Shop,2026-09-23,4.6,4.6 stars,Pet groomer,"1963 Ocean Ave, San Francisco, CA 94127, United States",+1 415-668-3992,http://www.pawbershopsf.com/,"PGGP+7G Ingleside Terraces, San Francisco, CA, USA",,added,False,False,forms.pawbershopsf@gmail.com,"By using this website, you agree to our use of cookies. We use cookies to provide you with a great experience and to help our website run effectively.

Decline
Accept
Skip to Content
Services
About
Policies
Contact

Beginning June 1, 2025 there will be a 3% processing fee on all credit card transactions. We gladly accept all forms of payment and encourage cash, zelle @pawbershopsf@gmail.com or checks (for returning clients) to avoid any additional fees. 

At The Pawber Shop we believe in providing your pet with the best quality care possible. 

Our main goals as a small business are to:   

Use quality products and tools

Continued education – including seminars, safety certifications, studying the skin and coat as well as learning new techniques and styles 

Providing our employees with a living wage and quality work experience. 

While we always try to keep our pricing competitive and affordable, in order to achieve our goals please expect no more than a yearly increase in pricing. We love and care for all our clients and appreciate your support in continuing to provide the best care possible for your pets.

Beginning April 1st 2026 prices will increase 10-15%

Item 1 of 2

Appointments available 🐾  new clients always welcome!

SALON HOURS 

Monday-Saturday: 9am - 5pm | Sunday: Closed

To make an appointment &  get a quote

Call us

If you’re interested in taking a workshop on how to brush your dog, please fill out this form

Fill out form here
View fullsize

View Grooming Packages

View Daycare Packages

1963 Ocean Ave. San Francisco, CA 94127

Services

Contact

About

Follow Us!"
Pawber Shop,2026-09-23,4.6,4.6 stars,Pet groomer,"1963 Ocean Ave, San Francisco, CA 94127, United States",+1 415-668-3992,http://www.pawbershopsf.com/,"PGGP+7G Ingleside Terraces, San Francisco, CA, USA",,added,False,False,pawbershopsf@gmail.com,"By using this website, you agree to our use of cookies. We use cookies to provide you with a great experience and to help our website run effectively.

Decline
Accept
Skip to Content
Services
About
Policies
Contact

Beginning June 1, 2025 there will be a 3% processing fee on all credit card transactions. We gladly accept all forms of payment and encourage cash, zelle @pawbershopsf@gmail.com or checks (for returning clients) to avoid any additional fees. 

At The Pawber Shop we believe in providing your pet with the best quality care possible. 

Our main goals as a small business are to:   

Use quality products and tools

Continued education – including seminars, safety certifications, studying the skin and coat as well as learning new techniques and styles 

Providing our employees with a living wage and quality work experience. 

While we always try to keep our pricing competitive and affordable, in order to achieve our goals please expect no more than a yearly increase in pricing. We love and care for all our clients and appreciate your support in continuing to provide the best care possible for your pets.

Beginning April 1st 2026 prices will increase 10-15%

Item 1 of 2

Appointments available 🐾  new clients always welcome!

SALON HOURS 

Monday-Saturday: 9am - 5pm | Sunday: Closed

To make an appointment &  get a quote

Call us

If you’re interested in taking a workshop on how to brush your dog, please fill out this form

Fill out form here
View fullsize

View Grooming Packages

View Daycare Packages

1963 Ocean Ave. San Francisco, CA 94127

Services

Contact

About

Follow Us!"
Wag Hotels - San Francisco,2026-09-23,4.2,4.2 stars,Pet boarding service,"25 14th St, San Francisco, CA 94103, United States",+1 888-924-5463,https://www.waghotels.com/san-francisco/,"QH9P+88 Mission District, San Francisco, CA, USA",,added,False,False,,
Doggie Day Spaw,2026-09-23,4.7,4.7 stars,Pet groomer,"Located inside Puppy Love Daycare, 840 Harrison St, San Francisco, CA 94107, United States",+1 415-209-5851,https://www.doggiedayspaw.com/,"QHJX+3M Yerba Buena, San Francisco, CA, USA",,added,False,False,tracey@doggiedayspaw.com,"Skip to Content
About
Services
Add-On Services and Pricing
Microbubble Bath
Contact
Book appointment
Welcome to Doggie Day Spaw!

My name is Tracey and many of you know me as Rhonnie’s right hand girl. I am honored to call myself the new owner of Doggie Day Spaw. I provide one-on-one personalized grooms where every dog receives the individual attention they deserve.

 As a passionate dog groomer, I focus on creating a calming environment and tailored grooming sessions to ensure your furry friend feels safe and comfortable throughout their spa experience.

This is kennel-free grooming service. For this reason, I don't offer pet sitting, so I kindly ask that each dog be picked up as soon as their groom is done.

Every dog deserves a spaw day.
View services
Doggie Day Spaw
Location

840 Harrison St. 

San Francisco, CA  94107

Inside Puppy Love Daycare

Contact

415-209-5851⁩

Tracey@doggiedayspaw.com
"
Ruff to Fluff Dog Grooming,2026-09-23,5.0,5.0 stars,Pet groomer,"522 Taraval St, San Francisco, CA 94116, United States",+1 415-310-0194,http://www.rufftofluffdogs.com/,"PGVH+96 Golden Gate Heights, San Francisco, CA, USA",,added,False,False,info@rufftofluffdogs.com,"Skip to Content
Ruff to Fluff Dog Grooming... Where your furry friend gets undivided attention
Homepage
Services
Q & A
Health & Safety
Contact Us
Book Online
Book Online or Call

Thank you for your interest. We are fully booked and not accepting new clients right now, but please feel free to check back in May as we may have openings then. 

At Ruff to Fluff, we groom just one lucky dog at a time.  Our salon’s calm environment, along with focused care, allows us to give your pet the most relaxing and enjoyable grooming experience possible. We only use the highest quality shampoos and fur care products, which leave your pet’s coat and skin clean and healthy. Since we are a kennel free salon, we don’t use cage dryers. Instead we thoroughly hand blow dry all our dogs.  We customize each groom to your pet’s needs and love nothing more than watching customers’ reactions when they pick up their happy, clean, beautifully groomed dog. 
Give us a call to discuss how we can transform your furry friend from Ruff to Fluff!

   415-310-0194

Book Online

522 Taraval Street    San Francisco, CA 94116

Or they might like to come in with a pal. 

Like these two!

Before

 After"
Travelers Pet Care,2026-09-23,5.0,5.0 stars,Dog walker,"1569 Solano Ave #427, Berkeley, CA 94707, United States",,http://www.travelerspetcare.com/,"VPR7+GV Berkeley, California, USA",,added,False,False,,"Skip to content
Home
Meet The Team
Services
Products
Guides & Tips
Getting Started
Book Now
Client Login
Local Pet Care
You Can Trust

Everyday Pet Care You Can Count On

Book Now
Our Services
View All Services
Why We’re Big Fans of the Tractive GPS Tracker
October 27, 2025  No Comments

As a trusted pet-care provider caring for dogs and cats during walks and home visits, one of our biggest priorities

Read More »
Make Car Rides Safer, Cleaner, and More Comfortable for Your Dog
June 5, 2025  No Comments

If you regularly take your dog along for car rides—whether it’s to the vet, the park, or road trips out

Read More »
The Seat Belt That Could Save Your Pup’s Life
June 5, 2025  No Comments

We buckle ourselves in every time we drive—so why not our dogs? Car travel with your dog should be fun

Read More »
Professional Dog Walkers
It’s our pleasure to share our love of animals with everyone we meet, especially your pets! When you’re away from home, you can trust our team of devoted pet care professionals to take care of your furry friends with all the attention and love they deserve.
Quick Links
Meet The Team
Products
Services
Guides & Tips
Book Now
Social Media
Yelp
 
Facebook
 
Instagram
 
Youtube

Copyright © 2025 | Travellers Pet Care | All rights reserved."
Tefani & So Dogcare,2026-09-23,4.9,4.9 stars,Dog day care center,"189 13th St, San Francisco, CA 94103, United States",+1 415-961-9595,https://www.tefanisodogcare.com/google-landing-1,"QH9M+R2 Mission District, San Francisco, CA, USA",,added,False,False,woof@tefanisodogcare.com,"SKIP TO CONTENT
HOME
SERVICES
GALLERY
FAQS
REVIEWS
NEW CLIENTS
BOOK A GROOM
HAVE FUN WITH US
SMALL GROUP DOG DAYCARE, DOOR-TO-DOOR SHUTTLE, IN-HOUSE GROOMING, AND KENNEL-FREE BOARDING. 
JOIN OUR PACK
3 REASONS SF DOGS CHOOSE TEFANI
01 BOUTIQUE AND PERSONALIZED

Small Personalized Packs. We cap our daily dog count and match play groups by temperament so every dog gets real attention.

✓ Personalized Playgroups

✓ Daily Photo Updates 

02 DOOR TO DOOR SHUTTLE SERVICE

We Pick Them Up, you keep your schedule. Door-to-door shuttle pickup and drop-off, your time back

✓ Morning and evening routes

✓ Text Alerts for ETA

03 IN-HOUSE GROOMING SERVICE

Done same day, no wasted weekends or waiting in a lobby. Fresh dog returned to you.

✓ Grooming or bathing during daycare

✓ Groomers who know your dog

✓ Anal gland expression, ear cleaning and nail trimming 

INQUIRE ABOUT AVAILABILITY TODAY! WE’LL FOLLOW UP TO SET UP A MEET AND GREET TO UNDERSTAND IF WE ARE A GOOD FIT.

189 13th St, San Francisco, CA
woof@tefanisodogcare.com
415-961-9595

JOIN OUR PACK
Name
First Name
(required)
Last Name
(required)
Dog's Name
Email
(required)
Phone
(required)
How many days a week are you looking for daycare?
(required)
0-1
2-3
3+
Has your dog attended daycare in the past?
(required)
What service(s) are you interested in?
(required)
Daycare
Shuttle
Boarding
Grooming
SUBMIT

More Dog Stuff

Francisco Dog Park
Walter Haas Dog Park
Our Dog School Bus

189 13th Street San Francisco, CA, 94103
415-961-9595 / woof@tefanisodogcare.com
Privacy Policy"
Petco Grooming,2026-09-23,4.6,4.6 stars,Pet groomer,"1591 Sloat Blvd, San Francisco, CA 94132, United States",+1 415-665-3700,https://stores.petco.com/ca/san-francisco/full-service-grooming-sanfrancisco-ca-308.html?utm_source=google&utm_campaign=locallist_308_pg,"PGM5+7G Lakeshore, San Francisco, CA, USA",,added,False,False,,"Buy 3+ Cat Treats, Get 20% OFF

*Exclusions
Apply

Search...
Account
Your store:
Delivering to:
Petco Perks
Services
Deals
Dog Grooming/
CA/
San Francisco/
1591 Sloat Blvd/
full-service dog grooming
Pet Store
Dog Grooming
Vaccination Clinic
Dog Training
Aquatics Department
Book Now
Petco Dog Grooming in San Francisco
(415) 665-3700 ext. 1
1591 Sloat Blvd
San Francisco CA, 94132
Get Directions
Book Now
Manage Appointment
Grooming Salon Hours
Open Now - Closes at 6:00 PM
Sunday
9:00 AM - 6:00 PM
Monday
8:00 AM - 6:00 PM
Tuesday
8:00 AM - 6:00 PM
Wednesday
8:00 AM - 6:00 PM
Thursday
8:00 AM - 6:00 PM
Friday
8:00 AM - 6:00 PM
Saturday
8:00 AM - 6:00 PM
Store: 308
Our Customers Love San Francisco Dog Grooming
Our groomer, Monica, does a wonderful job on our dog. She is very loving and caring and Lucy just loves her.
Andrea K
The customer service and interaction with groomers has always been outstanding. And Rooney always comes home looking and smelling great.
Janine F
Great customer service, dog's teeth were clean, nails trimmed, nice grooming
Cynthia S
Grooming Packages & Pricing in San Francisco
BY APPOINTMENT
WALK-IN
Services Available
Bath Only
starts at:
$22
Bath & haircut
starts at:
$38
All Services include
Deep-cleaning shampoo
Blow-Dry
15 Minute Brush
Scented Spritz
Ear Cleaning
Gland Expression
Nail Trim
Add-On Packages
Routine Care
Specialized Care
Essentials (+ $25)
Upgraded shampoo
Nail buffing
Conditioner
Paw balm
Teeth-brushing
Flea Cleanse (+ $25)
Flea shampoo
Moisturizing conditioner
Teeth-brushing
Paw balm
Nail buffing
Shed Release Basic (+ $20)
FURminator undercoat removal
Shed-reducing shampoo and treatment
Second brushout
Hydrating aloe treatment
Shed Release (+ $30 or + $40*)
FURminator undercoat removal
Shed-reducing shampoo and treatment
Second brushout
Hydrating aloe treatment
Teeth-brushing and nail buffing
* Price varies based on size of dog
Book Now
Partner Expertise
Extensive Training
Stylists complete a 10-week paid training program inclusive of online modules, salon observation and hands-on practice with bathing, brushing, nail care, and styling.
Pet Care Focus
Stylists perform a 7-Point Pet Care Check (nose-to-tail), looking for issues like lumps, skin problems, or ear infections, and referring pets to vets when needed.
Learn More
What to Expect
From start to finish, we make your pet’s health and wellbeing our top priority. Each appointment takes approximately 2-4 hours.
1
Check-in & 7 Point Pet Care Check (~15 min)
2
Brush & Clip (~30 min)
3
Full Haircut (~45 min)
4
Bath & Dry (~45 min)
5
Report Card (~10 min)
Sponsored
Find Dog Groomers Near You in San Francisco
Dog Grooming at Petco in San Francisco provides bathing, haircuts, nail trimming and coat maintenance services designed to help pets look and feel their best. Located inside the Petco pet store in San Francisco, grooming services give pet parents access to professional care handled by trained groomers who focus on comfort, safety and personalized attention. Select locations may also offer cat grooming services when a certified cat groomer is available, and pet parents are encouraged to contact their local grooming salon for details on current service availability.
Book Now
FAQs About San Francisco Petco Grooming
Does this Petco offer cat grooming?
How is safety ensured for all dog grooming services?
How long does Petco grooming take?
What vaccinations are required for grooming?
What if my pet has special needs or specific sensitivities?
How much do the grooming services cost?
Petco Dog Grooming in San Francisco, CA Reviews
What Customers Say

Positive Grooming Experiences

Many customers report positive experiences with the grooming services, highlighting the patience, kindness, and professionalism of the staff. For instance, one reviewer mentioned that their dog was treated with care and came out looking great after grooming.

Skilled Groomers

Several reviews commend specific groomers for their excellent skills and ability to handle anxious or difficult dogs. For example, Jennifer and Alyssa received praise for their gentle approach and effective grooming techniques.

Convenient Services

Customers appreciate the convenience of services like quick nail trims and the ability to book appointments online, although some noted issues with the online booking system.

Concerns About Care

While many reviews are positive, some customers expressed concerns about the care their pets received, mentioning issues like cuts and incomplete grooming services. These concerns were noted by several reviewers, indicating a need for improved attention to detail.

Appointment Issues

A few customers reported frustrations with appointment scheduling and wait times, including instances of no-shows and long waits during check-in, which detracted from their overall experience.

Summarized with AI

Other Featured Services
Vaccination Clinic
Opens at 9:00 AM
Book Now
Learn More
Dog Training
Opens at 9:00 AM
Book Now
Learn More
Aquatics Department
Opens at 9:00 AM
Learn More
Download our App
Featured Posts
Grooming
How to Groom Your Wrinkly Dog
Learn how to properly clean and care for wrinkles on a wrinkly dog.
Updated on June 29th, 2026
Grooming
The Most Popular Haircuts for Dogs by Coat Type
Learn about the most popular haircut styles for dogs, curated for their coat type.
Updated on June 28th, 2026
Grooming
Puppy Dandruff: Causes, Symptoms & Treatment
Puppy dandruff is a normal skin condition that occurs due to underactive sebaceous glands. Learn more about symptoms and management of dandruff in puppies on Petco Pet Education Center, formerly Petcoach.
Updated on June 18th, 2026
Grooming
Dog Grooming: Essential Vaccines for Your Dog's Healthy & Safe Visit
In a professional grooming environment, your pet will be exposed to many other dogs. For this reason, grooming facilities have rules regarding the vaccination status of your pet.
Updated on June 18th, 2026
Grooming
Dog Dandruff: 8 Causes & How to Treat Your Dog's Flaky Skin
A shiny, glossy coat is beautiful on a dog. What’s not so beautiful is dandruff: white flakes of dead skin cells.
Updated on June 18th, 2026
Grooming
Dog Sprayed by Skunk? 10 Steps to Remove the Smell
It can be stressful to deal with a dog that has been sprayed by a skunk. Find out how to get rid of the skunk smell on your dog, and how long the smell will last.
Updated on June 18th, 2026
Sponsored
Customer Care
Returns
Shipping Info
Order Lookup
Recalls & Advisories
Store Locator
Help
Contact Us
Website Accessibility Policy
Services
Petco Perks
Dog Grooming
Petco Pay Credit Card
Self-Serve Dog Wash
Positive Dog Training
Veterinary Services
Petco Insurance
Pet Adoption
Autoship
Pet Education Center
Pet Care Sheets
Product Collections
Pets in the Classroom
Corporate
Careers
About Us
Code of Ethics
Event Sponsorships
Vendors
Affiliate Program
Petco Love
Gift Cards
Coupons and Promos
Investors
Sustainability
Advertise with Us
Keep In Touch
Email Address*

By signing up, you consent to receive updates, special offers, program communications and other information via email from Petco.




*Providing your email address means you agree to Petco's Terms of Use and have read our Financial Incentive Terms and Privacy Policy

Download Our App
Terms of UsePrivacy PolicySite MapWebsite Accessibility Policy

©2026 Petco Animal Supplies, Inc. All rights reserved.

Petco Animal Supplies, Inc.® is not an insurer and is not engaged in the business of insurance. PetCoach, LLC is a licensed insurance producer, not an insurer, and a wholly owned subsidiary of Petco Animal Supplies, Inc. The Petco name is used for the brand name. In California, PetCoach, LLC does business as PetCoach Insurance Solutions Agency (CA License No. 0M10414).

Pet insurance plans are marketed and offered by PetCoach, LLC. Pet Insurance plans are underwritten in all states except California by National Casualty Company (NAIC #11991, Columbus, OH), and in California by Veterinary Pet Insurance Company (NAIC #42285, Columbus, OH), both insurers are subsidiaries of Nationwide Mutual Insurance Company. Prior to October 23, 2023, pet insurance policies were underwritten by United States Fire Insurance Company (NAIC #21113. Morristown, NJ).

Pre-existing conditions are not covered. Waiting periods, annual deductible, co-insurance, benefit limits and exclusions may apply. Click here for all terms and conditions. Products, schedules, discounts, and rates may vary and are subject to change. More information available at checkout. Enroll at petco.com/petco-insurance.

Enter your email for 30% off your pet's first bath
JOIN OUR MAILING LIST AND GET
30% OFF
your first bath
Email address
Unlock Offer
Continue to Site
By clicking ""sign me up,"" you agree to Petco’s Terms of Use & Privacy Policy. California residents can review our Notice of Financial Incentives here."
VIP Grooming SOMA,2026-09-23,5.0,5.0 stars,Pet groomer,"1419 Bryant St, San Francisco, CA 94103, United States",+1 415-282-1393,https://www.vipgroomingsf.com/,"QH9Q+CV Mission District, San Francisco, CA, USA",,added,False,False,dirtydog@vipgroomingsf.com,"Select “Accept all” to agree to our use of cookies and similar technologies to enhance your browsing experience, security, analytics and customization. Select ”Manage cookies” to make more choices or opt out.

MANAGE COOKIES
DECLINE ALL
ACCEPT ALL

Now Serving A Second Location in SOMA Located Inside Animal Care & Control

SKIP TO CONTENT
Where Dirty Dogs Come Clean
Home
Team
The VIP Way
Services
Before Your First Visit
New Puppy Essentials
Booking Page
About
FAQ
Contact
English
BOOK NOW
Welcome to VIP Grooming
Locations in Noe Valley and SOMA

Hi there! At VIP Grooming, we know your dog is more than just a pet. They are family. Trust us to keep them looking their best. 

LEARN MORE

Noe Valley

Book Now, click the location name most convenient for you! 

SOMA

Who we are

Welcome to our little corner of the dog grooming world, where every wagging tail is a chance to make a friend! We're passionate about making your furry companions look and feel their best, with a touch of care and love in every snip and style.

LEARN MORE
Follow us on our socials
VIP Grooming

LOCATIONS

NOE VALLEY: 4299 24th Street, San Francisco, California 94114

SOMA: 1419 Bryant Street, San Francisco, California 94103

CONTACT

dirtydog@vipgroomingsf.com
(415) 282-1393

Terms of Service
Privacy Policy

©2026 Dirty Dog LLC"
Virginia's Professional Pet Grooming,2026-09-23,4.8,4.8 stars,Pet groomer,"1800 San Jose Ave, San Francisco, CA 94112, United States",+1 415-860-0720,https://www.virginiaspetgrooming.com/,"PHH5+HR Mission Terrace, San Francisco, CA, USA",,added,False,False,virginia_ho@yahoo.com.hk,"Skip to Main Content

Virginia's Professional Pet Grooming

Home

TEXT 415-860-0720
Virginia's
Professional
Pet Grooming

A loving, in and out dog grooming salon in San Francisco

TEXT TO SCHEDULE 415-860-0720
Our Services
Full Bath Service

- Shampooing every dog TWICE

- Conditioning the coat

- Cleaning ears

- Expressing anal glands

- Trimming nails

- Trimming pad hair

- Shaved sanitary area

- Drying and brushing each dog, removing mats/ undercoat

- Complimentary teeth brushing/ wiping, breath spray

- Complimentary bandana, bow tie or tie

Full Grooming Service

Always includes ""Full Bath Service""

- Then full body haircut as requested

Nail trim / Gland expression service, each @$22  (any sizes or breeds)

Same day/ walk-in welcome 

(individual service) 

Kennel Free / In-and-out service

Stress-free doggie playpens

(100% hand drying, no kennel dryers)

​

Hi, I’m Virginia

a certified professional groomer from Hong Kong. After 5 years working from my home based grooming salon, in Dec 2018, I decided to expand to a friendly neighborhood to provide dog grooming services. I am only taking in a limited number of dogs per day as it leaves me the time to be able to fully get to know my clients and their specific wants and needs.  My #1 goal is to send home clean, un-caged, happy dogs.

My Happy Clients

Follow Us On Instagram  : https://www.instagram.com/virginia_ho/

​

​

Reviews

I bought my first pet -- a little white Maltese -- almost three years ago, and from day one he's been going to Virginia every two weeks. I honestly can't say enough amazing things about her, her grooming skills, and her wonderful staff....The staff is equally fantastic -- always friendly, professional, and welcoming. They remember your dog's name, quirks, and preferences, and it's clear they love what they do. Over the years, they've become more like family than just a grooming service.

Romeo’s Owner

Highly recommend. Competitive pricing...timely and efficient...and most importantly extraordinary TLC and attention-to-detail with all services.
We have been bringing our dog to Virginia for years. She is so loving and compassionate and this aura resonates with her staff as well.

Hawaii’s Owner

Virginia is the best without question. I've taken my 3 seniors there and even at 15 and a half years old the visit never stresses them out. They come home with shiny and silky coats and they honestly prance around having received so much love and care during their visit. 2 of my seniors have passed so now Virginia grooms my 15+, my 2, and my 1 year old. All 3 love Virginia and we wouldn't consider grooming anywhere else.

Nikki+4’s Owner
Opening Hours

Monday - 9:15am - 5pm 

Tuesday - 9:15am - 5pm

Wednesday - Closed

Thursday - 9:15am - 5pm

Friday - 9:15am - 5pm

(1st & 3rd) Saturday - 9:15am - 5pm 

Sunday - Closed

​

BY APPOINTMENT ONLY

Awards
Ask Me Anything

TEXT 415-860-0720 for an appointment with your name, your dog's name, age, weight and a recent picture.  (I respond quicker through texting)

Address: 1800 San Jose Ave, San Francisco, CA 94112

Email: virginia_ho@yahoo.com.hk

Tel: 415-860-0720

First name*
Last name*
Email*
Phone
Address
Subject
Message
Submit"
Petco Grooming,2026-09-23,4.3,4.3 stars,Pet groomer,"2300 16th St Ste 200, San Francisco, CA 94103, United States",+1 415-255-7156,https://stores.petco.com/ca/san-francisco/full-service-grooming-sanfrancisco-ca-1334.html?utm_source=google&utm_campaign=locallist_1334_pg,"QH8Q+JV Mission District, San Francisco, CA, USA",,added,False,False,,"Buy 3+ Cat Treats, Get 20% OFF

*Exclusions
Apply

Search...
Account
Your store:
Delivering to:
Petco Perks
Services
Deals
Dog Grooming/
CA/
San Francisco/
2300 16th St/
full-service dog grooming
Pet Store
Dog Grooming
Vaccination Clinic
Dog Training
Aquatics Department
Book Now
Petco Dog Grooming in Mission District
(415) 255-7156 ext. 1
2300 16th St
San Francisco CA, 94103-4862
Get Directions
Book Now
Manage Appointment
Grooming Salon Hours
Open Now - Closes at 6:00 PM
Sunday
9:00 AM - 6:00 PM
Monday
8:00 AM - 6:00 PM
Tuesday
8:00 AM - 6:00 PM
Wednesday
8:00 AM - 6:00 PM
Thursday
8:00 AM - 6:00 PM
Friday
8:00 AM - 6:00 PM
Saturday
8:00 AM - 6:00 PM
Store: 1334
Our Customers Love Mission District Dog Grooming
Our groomer, Monica, does a wonderful job on our dog. She is very loving and caring and Lucy just loves her.
Andrea K
The customer service and interaction with groomers has always been outstanding. And Rooney always comes home looking and smelling great.
Janine F
Great customer service, dog's teeth were clean, nails trimmed, nice grooming
Cynthia S
Grooming Packages & Pricing in Mission District
BY APPOINTMENT
WALK-IN
Services Available
Bath Only
starts at:
$22
Bath & haircut
starts at:
$38
All Services include
Deep-cleaning shampoo
Blow-Dry
15 Minute Brush
Scented Spritz
Ear Cleaning
Gland Expression
Nail Trim
Add-On Packages
Routine Care
Specialized Care
Essentials (+ $25)
Upgraded shampoo
Nail buffing
Conditioner
Paw balm
Teeth-brushing
Flea Cleanse (+ $25)
Flea shampoo
Moisturizing conditioner
Teeth-brushing
Paw balm
Nail buffing
Shed Release Basic (+ $20)
FURminator undercoat removal
Shed-reducing shampoo and treatment
Second brushout
Hydrating aloe treatment
Shed Release (+ $30 or + $40*)
FURminator undercoat removal
Shed-reducing shampoo and treatment
Second brushout
Hydrating aloe treatment
Teeth-brushing and nail buffing
* Price varies based on size of dog
Book Now
Partner Expertise
Extensive Training
Stylists complete a 10-week paid training program inclusive of online modules, salon observation and hands-on practice with bathing, brushing, nail care, and styling.
Pet Care Focus
Stylists perform a 7-Point Pet Care Check (nose-to-tail), looking for issues like lumps, skin problems, or ear infections, and referring pets to vets when needed.
Learn More
What to Expect
From start to finish, we make your pet’s health and wellbeing our top priority. Each appointment takes approximately 2-4 hours.
1
Check-in & 7 Point Pet Care Check (~15 min)
2
Brush & Clip (~30 min)
3
Full Haircut (~45 min)
4
Bath & Dry (~45 min)
5
Report Card (~10 min)
Sponsored
Find Dog Groomers Near You in Mission District
Dog Grooming at Petco in San Francisco provides bathing, haircuts, nail trimming and coat maintenance services designed to help pets look and feel their best. Located inside the Petco pet store in Mission District, grooming services give pet parents access to professional care handled by trained groomers who focus on comfort, safety and personalized attention. Select locations may also offer cat grooming services when a certified cat groomer is available, and pet parents are encouraged to contact their local grooming salon for details on current service availability.
Book Now
FAQs About Mission District Petco Grooming
Does this Petco offer cat grooming?
How is safety ensured for all dog grooming services?
How long does Petco grooming take?
What vaccinations are required for grooming?
What if my pet has special needs or specific sensitivities?
How much do the grooming services cost?
Petco Dog Grooming in Mission District, CA Reviews
What Customers Say

Skilled Groomers

Many customers praise the groomers for their skill and care, noting that their pets come back looking great and happy. For instance, one review highlights Tiffany's amazing work on a mini-poodle, while another mentions Aki's meticulous grooming.

Friendly Staff

Numerous reviews commend the staff for being friendly and patient with both pets and their owners. Customers appreciate the caring attitude of the groomers, which helps make the grooming experience more pleasant.

Mixed Grooming Experiences

While many customers report positive grooming experiences, some have expressed disappointment with specific cuts or services. For example, a few reviews mention that the final results did not match the requested styles, indicating a need for better communication.

Customer Service Issues

Several reviews highlight significant concerns regarding customer service, particularly with specific staff members who were described as rude or unprofessional. This has led to frustration among customers, with some stating they would not return due to these experiences.

Serious Incidents

A few reviews detail serious issues, including a dog suffering an injury during grooming and subsequent difficulties in obtaining reimbursement for veterinary care. These incidents raise concerns about the safety and accountability of the grooming services.

Summarized with AI

Other Featured Services
Vaccination Clinic
Opens at 9:00 AM
Book Now
Learn More
Dog Training
Opens at 9:00 AM
Book Now
Learn More
Aquatics Department
Opens at 9:00 AM
Learn More
Download our App
Featured Posts
Grooming
How to Groom Your Wrinkly Dog
Learn how to properly clean and care for wrinkles on a wrinkly dog.
Updated on June 29th, 2026
Grooming
The Most Popular Haircuts for Dogs by Coat Type
Learn about the most popular haircut styles for dogs, curated for their coat type.
Updated on June 28th, 2026
Grooming
Puppy Dandruff: Causes, Symptoms & Treatment
Puppy dandruff is a normal skin condition that occurs due to underactive sebaceous glands. Learn more about symptoms and management of dandruff in puppies on Petco Pet Education Center, formerly Petcoach.
Updated on June 18th, 2026
Grooming
Dog Grooming: Essential Vaccines for Your Dog's Healthy & Safe Visit
In a professional grooming environment, your pet will be exposed to many other dogs. For this reason, grooming facilities have rules regarding the vaccination status of your pet.
Updated on June 18th, 2026
Grooming
Dog Dandruff: 8 Causes & How to Treat Your Dog's Flaky Skin
A shiny, glossy coat is beautiful on a dog. What’s not so beautiful is dandruff: white flakes of dead skin cells.
Updated on June 18th, 2026
Grooming
Dog Sprayed by Skunk? 10 Steps to Remove the Smell
It can be stressful to deal with a dog that has been sprayed by a skunk. Find out how to get rid of the skunk smell on your dog, and how long the smell will last.
Updated on June 18th, 2026
Sponsored
Customer Care
Returns
Shipping Info
Order Lookup
Recalls & Advisories
Store Locator
Help
Contact Us
Website Accessibility Policy
Services
Petco Perks
Dog Grooming
Petco Pay Credit Card
Self-Serve Dog Wash
Positive Dog Training
Veterinary Services
Petco Insurance
Pet Adoption
Autoship
Pet Education Center
Pet Care Sheets
Product Collections
Pets in the Classroom
Corporate
Careers
About Us
Code of Ethics
Event Sponsorships
Vendors
Affiliate Program
Petco Love
Gift Cards
Coupons and Promos
Investors
Sustainability
Advertise with Us
Keep In Touch
Email Address*

By signing up, you consent to receive updates, special offers, program communications and other information via email from Petco.




*Providing your email address means you agree to Petco's Terms of Use and have read our Financial Incentive Terms and Privacy Policy

Download Our App
Terms of UsePrivacy PolicySite MapWebsite Accessibility Policy

©2026 Petco Animal Supplies, Inc. All rights reserved.

Petco Animal Supplies, Inc.® is not an insurer and is not engaged in the business of insurance. PetCoach, LLC is a licensed insurance producer, not an insurer, and a wholly owned subsidiary of Petco Animal Supplies, Inc. The Petco name is used for the brand name. In California, PetCoach, LLC does business as PetCoach Insurance Solutions Agency (CA License No. 0M10414).

Pet insurance plans are marketed and offered by PetCoach, LLC. Pet Insurance plans are underwritten in all states except California by National Casualty Company (NAIC #11991, Columbus, OH), and in California by Veterinary Pet Insurance Company (NAIC #42285, Columbus, OH), both insurers are subsidiaries of Nationwide Mutual Insurance Company. Prior to October 23, 2023, pet insurance policies were underwritten by United States Fire Insurance Company (NAIC #21113. Morristown, NJ).

Pre-existing conditions are not covered. Waiting periods, annual deductible, co-insurance, benefit limits and exclusions may apply. Click here for all terms and conditions. Products, schedules, discounts, and rates may vary and are subject to change. More information available at checkout. Enroll at petco.com/petco-insurance.

Enter your email for 30% off your pet's first bath
JOIN OUR MAILING LIST AND GET
30% OFF
your first bath
Email address
Unlock Offer
Continue to Site
By clicking ""sign me up,"" you agree to Petco’s Terms of Use & Privacy Policy. California residents can review our Notice of Financial Incentives here."
sunshine dogs club,2026-09-23,5.0,5.0 stars,Dog day care center,"1200 4th St Ste F, San Francisco, CA 94158, United States",+1 415-234-3113,https://www.sunshinedogsclub.com/,"QJC5+RC Mission Bay, San Francisco, CA, USA",,added,False,False,contact@sunshinedogsclub.com,"SKIP TO CONTENT
a little place that feels like sunshine!
We saved a spot for your pup. Book a free trial day and let them discover their new happy place!
BOOK A TRIAL DAY

Free trial days available Mon & Fri, 9am-12pm. For small dogs under 30 lbs.

Why Small Dogs Need Their Own Space

Without big-dog energy around, small dogs can play safely in a space made for their size and comfort. Their social style is gentler and more intimate, which is why we create small, thoughtfully matched play groups. And with a calm, cozy environment, dogs feel less stressed, more confident, and truly at ease.

is sunshine right for your dog?

Great fit for:

Small dogs under 30 lbs
Our space is designed specifically for smaller pups to feel safe, comfortable, and confident.

Dogs with current vaccinations
For everyone’s safety, we require current Rabies, DHPP, and Bordetella vaccinations.

Dogs who could use more stimulation
Long days at home can be lonely. Our mix of play, puzzles, and sniff work keeps your little one engaged from drop-off to pick-up.

Services we offer
Daycare

Our daycare provides a safe, structured environment where small dogs under 30 lbs can play, socialize, and rest at their own pace. Pups are grouped thoughtfully by size and play style, with constant supervision and plenty of time for both activity and relaxation.

EXPLORE PACKAGES
Grooming

We offer bathing and grooming services for dogs up to 50 lbs, using high-quality, pet-safe products. Whether your pup needs a simple refresh or a full grooming session, our team focuses on comfort, careful handling, and a calm experience from start to finish.

BOOK GROOMING
What a Day at Sunshine Looks Like

Mornings start with open play and socialization. For new pups, this is all about getting comfortable with the pack at their own pace. Once everyone is settled in, our team sets up enrichment activities tailored to each dog's personality, from puzzle feeders and agility courses to simple confidence-building tricks. Every program is designed with their mental wellbeing in mind, helping each pup grow a little more confident every day.

Midday is reserved for lunch and a well-deserved nap break.

In the afternoon, we make sure every pup is well-rested before easing into a calm enrichment session and a final round of free play with friends. We then wind down the day slowly and gently, so every pup is happy and relaxed by the time their pet parent arrives for pickup.

For pups who feel most comfortable going potty outdoors, we offer relief breaks on clean grass in a safe area right near our facility. Just mention it at drop-off and we will make sure your little one gets their outdoor time!

Our care philosophy

We built Sunshine because we know how it feels to leave your dog in someone else’s care.

Every detail, from how we group dogs to how we greet them in the morning, is designed with intention.

We keep things calm, clean, and thoughtfully structured. We pay attention to the little things, like who needs a break, who prefers a quiet corner, and who just wants a little extra love.

No overwhelm. No big-dog energy. No shortcuts.

Just a safe, happy space where small dogs can be themselves, and where you can feel completely at ease leaving them with us.

Come see what Sunshine Dogs Club is all about
JOIN THE PACK

contact@sunshinedogsclub.com
(415) 234-3113

Daycare: Mon-Fri 7am-7pm
Grooming: Mon-Fri 9am-6pm


1200 4th Street, Suite F 
San Francisco, CA 94158
(Corner of 4th Street and China Basin Street)

Privacy Policy"
Alpha Grooming Pet Salon,2026-09-23,4.7,4.7 stars,Pet groomer,,+1 650-651-3373,https://www.alphagroomingpetsalon.com/ca/san-francisco/,,,added,False,False,info@alphagroomingpetsalon.com,"Skip to content
Mobile Pet Groomer near you
Call or Text: +1(800) 270-1365
Connect With Us:
Google
 
Facebook
 
Instagram
 
X-twitter
 
Youtube
Home
About Us
Our Groomers
Service Packages
Contact
BOOK NOW
Convenient & Stress-Free Care For Your Pets
Mobile Pet Grooming in San Francisco, CA
Experience The Best Mobile Pet Grooming Service
Right At Your Doorstep!
Book Appointment
Serving Over 200+ Cities In California
Choose Your Service

Select from our range of grooming services for dogs and cats.

Schedule Your Grooming

Choose from our variety of grooming services for dogs and cats.

Easy Grooming

Relax while we bring grooming to you with ease.

About Us
Caring Service At Your Doorstep

Alpha Grooming Pet Salon offers premier mobile pet grooming services in San Francisco, CA, bringing top-quality care directly to your doorstep. Our state-of-the-art mobile grooming vans are equipped to provide a calm, friendly, and clean environment for your beloved pets, ensuring they receive the best grooming experience without the stress of traditional salons.

Learn More
Convenience At Your Doorstep – No More Stressful Trips!

Traditional pet salons often require pet owners to endure long waiting times, crowded spaces, and the stress of transporting anxious pets. With Alpha Grooming’s Mobile Pet Salon, we eliminate these hassles by bringing the grooming station to you.

Our fully equipped mobile grooming vans contain everything needed for a spa-like grooming experience, including:

Temperature-controlled bathing stations.
Professional-grade grooming tables and tools.
Clean, sanitized, and comfortable interiors for a stress-free environment.
Our Services
Our Premium Grooming Services

At Alpha Grooming Pet Salon, we offer a comprehensive range of grooming services for both dogs and cats. Our professional groomers are trained to handle pets of all sizes, breeds, and temperaments with care and expertise.

Bathing

We use premium hypoallergenic shampoos tailored to your pet’s coat type and skin sensitivity. A soothing, warm water rinse combined with a relaxing massage ensures a deep yet gentle cleanse, leaving your pet feeling refreshed and comfortable.

Learn More
Haircut & Styling

Our skilled groomers provide precise trims based on breed standards or personal preferences. Whether your pet needs a classic breed-specific cut or a customized look, we ensure even, professional styling that enhances their appearance.

Learn More
Nail Trimming & Grinding

Keeping nails at a proper length is essential for your pet’s comfort and mobility. Our groomers provide careful trimming to prevent overgrowth, discomfort, and posture issues. With grinding services, we ensure smooth, rounded edges, minimizing scratches and improving paw health.

Learn More
See More Service Packages
Expert Groomers You Can Trust
Highly Experienced

With years of professional training and hands-on experience in handling all breeds and temperaments, our groomers ensure that every pet receives the highest standard of care.

Certified & Licensed

Fully insured professionals who have undergone rigorous training in pet first aid, CPR, and the latest grooming techniques to keep your pet safe and comfortable.

Patient & Gentle

Skilled in handling pets with anxiety, behavioral challenges, or mobility issues, our groomers use compassionate techniques to keep your furry friend calm and relaxed throughout the process.

Animal-Loving Professionals

Passionate about pet care, our team treats every pet with kindness, ensuring a positive and enjoyable grooming experience that prioritizes their well-being.

What Our Customers Say
Benefits Of Mobile Pet Grooming
Ultimate Convenience

No need to travel or adjust your schedule. Our groomers come to you, saving time and effort.

Reduced Stress

Pets are groomed in a familiar environment, minimizing anxiety associated with car rides and unfamiliar places.

Personalized Attention

Your pet receives one-on-one care, ensuring their specific needs are met without the distractions of a busy salon.

Health and Safety

Minimizes exposure to other animals, reducing the risk of infections or parasites.

Book Your Mobile Pet Grooming Appointment Today!

Alpha Grooming Pet Salon is dedicated to providing exceptional mobile pet grooming services in San Francisco, CA. Our focus on convenience, personalized care, and professionalism ensures that your pets receive the best grooming experience possible. Contact us today to schedule an appointment and let us pamper your furry friends.

Book An Appointment
FAQs – Everything You Need To Know
How do I book an appointment?

You can easily schedule an appointment through our online booking system or by calling our customer service.

What areas do you serve in San Francisco?

We cover all neighborhoods in San Francisco and the surrounding Bay Area.

Are your groomers certified?

Yes, all our groomers are insured, licensed, and certified, with training in pet CPR and first aid.

What safety measures are in place during grooming?

We prioritize your pet's safety with our Groomer-Helper system, ideal for senior dogs and those with special mobility needs.

Do you use eco-friendly products?

Yes, we are committed to sustainability and use eco-friendly products in our grooming services.

In a city where 42% of the 815,000 residents live alone — the highest percentage of one-person households in any major U.S. county — the bond between San Franciscans and their pets is extraordinarily close. Whether you’re navigating a studio near the foggy slopes of Twin Peaks or settling into a renovated Victorian in the Mission, your dog or cat is often your most constant companion. This intimate urban lifestyle, packed with daily walks on steep hills and visits to off-leash parks like Buena Vista, means a well-groomed, comfortable pet isn’t a luxury—it’s a necessity for keeping your four-legged roommate happy in a tight, fog-damp climate.

📌 Local Resources
City of San Francisco — Wikipedia
California Contractors State License Board
← Previous location-ca
Next location-ca →
Facebook-f
 
Twitter
 
Youtube
 
Instagram
Quick Links
About Us
Locations
Service Packages
Our Groomers
Reviews
Booking Online
Help Center
Alpha Blog
Cancellation Request
Privacy Policy
Terms of Service
Contact Us
Office Hours
Mon - Sat 9:00 AM - 5:00 PM
Service Availability
from 6:00 AM - 11:00 PM Every Day!
Alpha Grooming Mobile Pet Salon
📍
1325 Howard Ave Ste 267, Burlingame, CA 94010
📞
(650) 271-4282
📧
info@alphagroomingpetsalon.com
⭐ View us on Google
Copyright © Alpha Grooming Pet Salon - All Rights Reserved
SEO and Design by bigPromoter
Call Us
Text Us
Book Now"
Alpha Grooming Pet Salon,2026-09-23,4.7,4.7 stars,Pet groomer,,+1 650-651-3373,https://www.alphagroomingpetsalon.com/ca/san-francisco/,,,added,False,False,info@seo.green,"Skip to content
Mobile Pet Groomer near you
Call or Text: +1(800) 270-1365
Connect With Us:
Google
 
Facebook
 
Instagram
 
X-twitter
 
Youtube
Home
About Us
Our Groomers
Service Packages
Contact
BOOK NOW
Convenient & Stress-Free Care For Your Pets
Mobile Pet Grooming in San Francisco, CA
Experience The Best Mobile Pet Grooming Service
Right At Your Doorstep!
Book Appointment
Serving Over 200+ Cities In California
Choose Your Service

Select from our range of grooming services for dogs and cats.

Schedule Your Grooming

Choose from our variety of grooming services for dogs and cats.

Easy Grooming

Relax while we bring grooming to you with ease.

About Us
Caring Service At Your Doorstep

Alpha Grooming Pet Salon offers premier mobile pet grooming services in San Francisco, CA, bringing top-quality care directly to your doorstep. Our state-of-the-art mobile grooming vans are equipped to provide a calm, friendly, and clean environment for your beloved pets, ensuring they receive the best grooming experience without the stress of traditional salons.

Learn More
Convenience At Your Doorstep – No More Stressful Trips!

Traditional pet salons often require pet owners to endure long waiting times, crowded spaces, and the stress of transporting anxious pets. With Alpha Grooming’s Mobile Pet Salon, we eliminate these hassles by bringing the grooming station to you.

Our fully equipped mobile grooming vans contain everything needed for a spa-like grooming experience, including:

Temperature-controlled bathing stations.
Professional-grade grooming tables and tools.
Clean, sanitized, and comfortable interiors for a stress-free environment.
Our Services
Our Premium Grooming Services

At Alpha Grooming Pet Salon, we offer a comprehensive range of grooming services for both dogs and cats. Our professional groomers are trained to handle pets of all sizes, breeds, and temperaments with care and expertise.

Bathing

We use premium hypoallergenic shampoos tailored to your pet’s coat type and skin sensitivity. A soothing, warm water rinse combined with a relaxing massage ensures a deep yet gentle cleanse, leaving your pet feeling refreshed and comfortable.

Learn More
Haircut & Styling

Our skilled groomers provide precise trims based on breed standards or personal preferences. Whether your pet needs a classic breed-specific cut or a customized look, we ensure even, professional styling that enhances their appearance.

Learn More
Nail Trimming & Grinding

Keeping nails at a proper length is essential for your pet’s comfort and mobility. Our groomers provide careful trimming to prevent overgrowth, discomfort, and posture issues. With grinding services, we ensure smooth, rounded edges, minimizing scratches and improving paw health.

Learn More
See More Service Packages
Expert Groomers You Can Trust
Highly Experienced

With years of professional training and hands-on experience in handling all breeds and temperaments, our groomers ensure that every pet receives the highest standard of care.

Certified & Licensed

Fully insured professionals who have undergone rigorous training in pet first aid, CPR, and the latest grooming techniques to keep your pet safe and comfortable.

Patient & Gentle

Skilled in handling pets with anxiety, behavioral challenges, or mobility issues, our groomers use compassionate techniques to keep your furry friend calm and relaxed throughout the process.

Animal-Loving Professionals

Passionate about pet care, our team treats every pet with kindness, ensuring a positive and enjoyable grooming experience that prioritizes their well-being.

What Our Customers Say
Benefits Of Mobile Pet Grooming
Ultimate Convenience

No need to travel or adjust your schedule. Our groomers come to you, saving time and effort.

Reduced Stress

Pets are groomed in a familiar environment, minimizing anxiety associated with car rides and unfamiliar places.

Personalized Attention

Your pet receives one-on-one care, ensuring their specific needs are met without the distractions of a busy salon.

Health and Safety

Minimizes exposure to other animals, reducing the risk of infections or parasites.

Book Your Mobile Pet Grooming Appointment Today!

Alpha Grooming Pet Salon is dedicated to providing exceptional mobile pet grooming services in San Francisco, CA. Our focus on convenience, personalized care, and professionalism ensures that your pets receive the best grooming experience possible. Contact us today to schedule an appointment and let us pamper your furry friends.

Book An Appointment
FAQs – Everything You Need To Know
How do I book an appointment?

You can easily schedule an appointment through our online booking system or by calling our customer service.

What areas do you serve in San Francisco?

We cover all neighborhoods in San Francisco and the surrounding Bay Area.

Are your groomers certified?

Yes, all our groomers are insured, licensed, and certified, with training in pet CPR and first aid.

What safety measures are in place during grooming?

We prioritize your pet's safety with our Groomer-Helper system, ideal for senior dogs and those with special mobility needs.

Do you use eco-friendly products?

Yes, we are committed to sustainability and use eco-friendly products in our grooming services.

In a city where 42% of the 815,000 residents live alone — the highest percentage of one-person households in any major U.S. county — the bond between San Franciscans and their pets is extraordinarily close. Whether you’re navigating a studio near the foggy slopes of Twin Peaks or settling into a renovated Victorian in the Mission, your dog or cat is often your most constant companion. This intimate urban lifestyle, packed with daily walks on steep hills and visits to off-leash parks like Buena Vista, means a well-groomed, comfortable pet isn’t a luxury—it’s a necessity for keeping your four-legged roommate happy in a tight, fog-damp climate.

📌 Local Resources
City of San Francisco — Wikipedia
California Contractors State License Board
← Previous location-ca
Next location-ca →
Facebook-f
 
Twitter
 
Youtube
 
Instagram
Quick Links
About Us
Locations
Service Packages
Our Groomers
Reviews
Booking Online
Help Center
Alpha Blog
Cancellation Request
Privacy Policy
Terms of Service
Contact Us
Office Hours
Mon - Sat 9:00 AM - 5:00 PM
Service Availability
from 6:00 AM - 11:00 PM Every Day!
Alpha Grooming Mobile Pet Salon
📍
1325 Howard Ave Ste 267, Burlingame, CA 94010
📞
(650) 271-4282
📧
info@alphagroomingpetsalon.com
⭐ View us on Google
Copyright © Alpha Grooming Pet Salon - All Rights Reserved
SEO and Design by bigPromoter
Call Us
Text Us
Book Now"
Kent's Kanines,2026-09-23,5.0,5.0 stars,Pet groomer,"3450 Sacramento St #310, San Francisco, CA 94118, United States",+1 415-821-2620,http://www.kentskanines.com/,"QHQ2+66 Presidio Heights, San Francisco, CA, USA",,added,False,False,marvelous@kentskanines.com," 
© 2015-2020 Deborah Kent, Photographs © 2009-2020 Kersti Malvre
EMAIL: marvelous@kentskanines.com
 
HOME	
PORTFOLIO	
BIOGRAPHY	
GROOMING INFO	
VIDEOS	
TESTIMONIALS	
BLOG	
CONTACT"
The Doodle Inc.,2026-09-23,4.1,4.1 stars,Pet groomer,"4207 Geary Blvd, San Francisco, CA 94118, United States",+1 415-635-9846,http://thedoodlesf.com/,"QGJP+85 Inner Richmond, San Francisco, CA, USA",,added,False,False,info@thedoodlesf.com,"SERVICES
CONTACT & HOURS
REVIEWS
BOOK NOW

SF'S BOUTIQUE DOG GROOMING STUDIO

Elevated Grooming
for Your Best Friend.

Every dog deserves expert care. Our seasoned groomers take the time to understand each pup's unique needs — backed by premium products and years of hands-on experience.

BOOK AN APPOINTMENT
VIEW SERVICES
5★
RATED
2000+
HAPPY CLIENTS
3 Yrs
IN SF, CA
41 Yrs
IN PINOLE,CA

WHAT WE OFFER

Our Services

Every service is performed with patience, premium products, and genuine love for dogs. No rush. No stress. Just great grooming.

Join Our Monthly Membership and Save 25%+ on Grooming.

Keep your dog looking and feeling their best between full grooming appointments. Our monthly membership includes regular maintenance visits to help keep the coat clean, healthy, and mat-free.

Routine maintenance is especially beneficial for dogs with long, curly, or high-maintenance coats that are prone to matting. By staying on a consistent schedule, you can improve your dog's comfort, reduce the need for extensive de-matting, and help maintain a beautiful coat year-round.

Learn more about our subscription service below.

Doggy Bath

Because we all need to get a bath every now and then. We only use premium shampoos, specially formulated for your dog's type of coat, followed by a professional blow-dry.

INCLUDES

✓
Premium shampoo formulated for your dog's coat type
✓
Professional blow-dry

PRICING BY SIZE

SIZE
PRICE
SUBSCRIBE
Small
under 15 lbs
$55
$41.25
Medium
15–35 lbs
$69
$51.75
Large
35–50 lbs
$99
$74.25
X-Large
over 50 lbs
$149
$111.75
BOOK THIS SERVICE
Kennel Trim

A kennel cut designed to be practical and low-maintenance. The dog's fur is shaved to a uniform 0.3mm length all over the body, leaving the coat very short and neat. Head and tail shaved to the same length as the body.

INCLUDES

✓
Doggy bath with blow-dry
✓
Kennel trim with clippers

PRICING BY SIZE

SIZE
PRICE
Small
under 15 lbs
$79
Medium
15–35 lbs
$99
Large
35–50 lbs
$129
X-Large
over 50 lbs
$159

* A $50 fee applies for special handling and shave-downs on matted dogs.

BOOK THIS SERVICE
MOST POPULAR
Full Service Grooming

A full grooming service where the dog's fur is trimmed to no longer than 1/4 inch all over the body, leaving the coat short and neat with stylish shaping on the head and tail.

INCLUDES

✓
Doggy bath with blow-dry
✓
Award-winning groomers — your dog will look runway-ready
✓
Nail clipping

PRICING BY SIZE

SIZE
PRICE
SUBSCRIBE
Small
under 15 lbs
$99
$74.25
Medium
15–35 lbs
$119
$89.25
Large
35–50 lbs
$149
$111.75
X-Large
over 50 lbs
$179
$134.25
BOOK THIS SERVICE
BEST VALUE
VIP Grooming Service

Our premium, fully scissored trim. Starting at 1/2 inch on the body — fluffy but not too long, not too short. Our stylists bring out the best attributes of your dog. People will ask 'Where did you get your dog's haircut?' It's The Doodle SF, of course!

INCLUDES

✓
Doggy bath with blow-dry
✓
Award-winning groomers — your dog will look runway-ready
✓
Sanitary trim ($20 value)
✓
Foot trimming ($20 value)
✓
Nail filing ($20 value)
✓
Ear cleaning ($20 value)
✓
Gland expression ($20 value)
✓
Teeth brushing ($20 value)

PRICING BY SIZE

SIZE
PRICE
Small
under 15 lbs
$179
Medium
15–35 lbs
$199
Large
35–50 lbs
$229
X-Large
over 50 lbs
$259
BOOK THIS SERVICE

EXPERT CARE

Specialty Services

Professional hand stripping and dematting for dogs with special coat needs.

Stripping

A grooming process that removes dead hairs from the coat by hand instead of clipping, keeping the coat tidy and healthy. Usually completed twice a year in spring and autumn, it speeds up natural growth and shedding.

$180 / Hour
BOOK THIS SERVICE

ENHANCE THE EXPERIENCE

Add-Ons

Elevate any grooming appointment with one of our à la carte extras.

Light Dematting
$20

Careful removal of light tangles and knots. Includes 15 minutes of brush-out, which usually resolves light tangles under the arms.

⚠ Must be booked alongside a Bath service.

Medium Dematting
$50

For more developed mats. Mats can tighten over time, causing discomfort and skin issues. Includes 30 minutes of brush-out around ears, underarms, and tail.

⚠ Must be booked alongside a Bath service.

Severe Dematting
$200 for 2 hours, $300 for 2 hours

For severe matting cases. Includes 2 full baths to help open the coat, deep conditioning, and skin-soothing lotion. Dogs are dropped off at 10am and picked up by 5pm. Some dogs may need to return the following day.

⚠ Must be booked alongside a Bath service.

Paw-ticure (Nail Filing)
$20+

We offer gentle nail filing instead of clipping — smoother edges, less stress on your dog.

Tidy Up
$20

A quick head hair/fur trim to get your dog looking sharp. Add-on with any bath service.

Teeth Brushing
$20

Dog teeth brushing for a fresh, clean breath.

Deep Conditioning
$45

A keratin mask formulated to regenerate, deeply moisturize, and protect your dog's coat. Ideal for dry, flaky skin or damaged coat.

Express Service
$50

In and out in 2 hours with no kennel time.

⚠ Must be tangle-free and on a regular grooming schedule. First appointment of the day only.

De-Skunk / Clean Start
$30

Effectively eliminates skunk odors and residue, leaving your dog clean and fresh after unexpected encounters.

Nail Color
$20

Add a splash of sass to your pup's style — because fabulous paws deserve fabulous claws!

De-Shedding
$30

Removes loose undercoat hair to minimize shedding on furniture and clothing, and improve your dog's skin comfort.

Ear Cleaning
$20

Gentle and thorough ear cleaning to remove dirt and build-up, keeping your pup's ears clean and healthy.

Ear Plucking
$20

Removes excess hair from the ear canal, promoting good hygiene and reducing the risk of ear infections.

Gland Expression
$20

Professional anal gland expression — because even bottoms deserve a little extra care!

BOOK YOUR VISIT

WHAT OUR CLIENTS SAY

Stories from the Pack
★
★
★
★
★

“Vaughn did a great job with our dog. She listened to what we wanted in a groom. Our dog looked and smelled great afterwards. Very happy with Vaughn and The Doodle Shop.”

Sokie Y.

SAN FRANCISCO

★
★
★
★
★

“Jorge and his staff do a great job grooming my cavapoo each time! I live by Bernal so this location is pretty out of the way for me but every time I leave with my pup looking happy and fresh, I'm always glad I came.”

Katherine C.

BERNAL HEIGHTS

★
★
★
★
★

“George and his team are the best. Hand stripping a PRT is not easy and difficult to find the right touch. Go to The Doodle — you won't be disappointed.”

Ken B.

SAN FRANCISCO

★
★
★
★
★

“We had the best experience bringing our puppy in for his very first haircut, which included a wash and a hand strip for his wiry coat. Reasonable price and the team was wonderful with our pup.”

Pal

SAN FRANCISCO

★
★
★
★
★

“We boarded our dog Mogul while we were out of town. Jorge spent time on her training to reset a few elements of her foundation and it was great! So glad to have met Jorge and his great training and boarding service.”

Michael W.

SAN FRANCISCO

★
★
★
★
★

“Cute little shop with (finally!) good quality treats for my dog. When your dog has allergies to almost anything, you can't find treats that won't make them sick. Great prices, helpful clerk that knew her stuff.”

Renita H.

SAN FRANCISCO

★
★
★
★
★

“The owner is very lovely to talk to! She was knowledgeable and easy to talk to about the various products. Love that they carried CBD treats for cats and dogs, and the pet clothing selection is amazing and super cute!”

Cyra S.

SAN FRANCISCO

★
★
★
★
★

“This is a neighborhood shop that I love and my dog loves it too. Their prices are great and the owner is a great guy and neighbor.”

Carter

SAN FRANCISCO

★
★
★
★
★

“Helpful, friendly staff, great selection, high quality and low prices!”

Jeff B.

SAN FRANCISCO

★
★
★
★
★

“This spot has the cheapest-costing dog food, hands-down.”

Charles T.

SAN FRANCISCO

★
★
★
★
★

“Vaughn did a great job with our dog. She listened to what we wanted in a groom. Our dog looked and smelled great afterwards. Very happy with Vaughn and The Doodle Shop.”

Sokie Y.

SAN FRANCISCO

★
★
★
★
★

“Jorge and his staff do a great job grooming my cavapoo each time! I live by Bernal so this location is pretty out of the way for me but every time I leave with my pup looking happy and fresh, I'm always glad I came.”

Katherine C.

BERNAL HEIGHTS

★
★
★
★
★

“George and his team are the best. Hand stripping a PRT is not easy and difficult to find the right touch. Go to The Doodle — you won't be disappointed.”

Ken B.

SAN FRANCISCO

★
★
★
★
★

“We had the best experience bringing our puppy in for his very first haircut, which included a wash and a hand strip for his wiry coat. Reasonable price and the team was wonderful with our pup.”

Pal

SAN FRANCISCO

★
★
★
★
★

“We boarded our dog Mogul while we were out of town. Jorge spent time on her training to reset a few elements of her foundation and it was great! So glad to have met Jorge and his great training and boarding service.”

Michael W.

SAN FRANCISCO

★
★
★
★
★

“Cute little shop with (finally!) good quality treats for my dog. When your dog has allergies to almost anything, you can't find treats that won't make them sick. Great prices, helpful clerk that knew her stuff.”

Renita H.

SAN FRANCISCO

★
★
★
★
★

“The owner is very lovely to talk to! She was knowledgeable and easy to talk to about the various products. Love that they carried CBD treats for cats and dogs, and the pet clothing selection is amazing and super cute!”

Cyra S.

SAN FRANCISCO

★
★
★
★
★

“This is a neighborhood shop that I love and my dog loves it too. Their prices are great and the owner is a great guy and neighbor.”

Carter

SAN FRANCISCO

★
★
★
★
★

“Helpful, friendly staff, great selection, high quality and low prices!”

Jeff B.

SAN FRANCISCO

★
★
★
★
★

“This spot has the cheapest-costing dog food, hands-down.”

Charles T.

SAN FRANCISCO

FOLLOW OUR WORK

Fresh from the Studio
@THEDOODLESF

See Our Work

Follow @thedoodlesf on Instagram

FOLLOW US

Artisan Grooming for Pinole's Best Dogs

NAVIGATE

Services
Contact & Hours
Reviews
Book Now

CONTACT

4207 Geary Bvld, San Francisco, California 94118
(415) 635-9846
info@thedoodlesf.com

HOURS

By appointment only - Every day
10am – 5pm
Store hours - Wednesday to Saturday
10am – 3pm

© 2026 The Doodle SF. All rights reserved.

Privacy Policy
Privacy choices

Made with 🐾 in San Francisco

Your privacy choices

Optional analytics help us understand site visits. They stay off unless you allow them.

Decline
Allow analytics"
The Animal House,2026-09-23,4.8,4.8 stars,Pet supply store,"157 Fillmore St, San Francisco, CA 94117, United States",+1 415-552-0233,http://www.theanimalhousesf.com/,"QHC9+CR Duboce Triangle, San Francisco, CA, USA",,added,False,False,theanimalhousesf@yahoo.com,"NEWS | HOME | ABOUT US | COMMUNITY | MAP
1
2
3
4
5
STORE HOURS

Regular Hours
Mon-Fri 11:00am - 6:00 pm
Sat-Sun 11:00am - 6:00 pm



theanimalhousesf@yahoo.com

The Animal House is a unique experience for pets and their owners. It’s hard to say who enjoys a visit to our Lower Haight store more! From a friendly greeting, to a tasty sample from one of our lines of premium, sustainability focused food and treats, to toys, supplies, stylish accessories, and a wealth of care and training information. There’s no bones about it, pets and their people love our store."
Mr. Muggles' Dogs,2026-09-23,4.8,4.8 stars,Dog day care center,"2175 Harrison St, San Francisco, CA 94110, United States",+1 415-817-1744,http://www.mrmugglesdogs.com/,"QH6P+VX Mission District, San Francisco, CA, USA",,added,False,False,jourdain@mrmugglesdogs.com,
Bernal Beast,2026-09-23,4.8,4.8 stars,Pet supply store,"509 Cortland Ave, San Francisco, CA 94110, United States",+1 415-643-7800,https://www.bernalbeast.com/,"PHQM+MC Bernal Heights, San Francisco, CA, USA",,added,False,False,kitsune.studios.om@gmail.com,"Skip to content

Sign up today and fetch 10% off your first purchase in-store

HOME
ABOUT
CONTACT
Log in
Your Neighborhood Pet Shop in Bernal Heights
Welcome to Bernal Beast!
We are your neighborhood pet shop in San Francisco, offering premium pet food, dog training, and support for all pet parents. Whether you're bringing home your first pup or have been a cat parent for years, we are your local community guide to all your pet’s needs.
Community Pet Store
Serving Bernal Heights pet families since 2000 with curated food, treats, toys, and everyday essentials.
Visit our Store
Training and Puppy Socials
Certified trainers. Science-backed methods. Structured core classes and beloved weekly puppy socials for San Francisco dog parents.
Explore Beast Mode
High Quality Pet Food
Thoughtfully curated food and supplies for dogs, cats, chickens, and more, including raw, organic, and specialty diets.
Shop Beast Bites
Our Services
Beast Mode Dog Training
Positive reinforcement classes for your newly-adopted puppies and dogs! Our certified trainers, graduates of the prestigious Academy for Dog Trainers, specialize in evidence-based behavior and training. From puppy socials and kindergarten to manners and tricks classes, plus one-on-one sessions, we have training options for every pet owner's need in San Francisco.
Learn more
Pet Food Subscription
We’re excited to offer convenient, fresh, and nutritious pet food subscription plans tailored to your pet’s needs online. Whether you’re exploring pet shops in San Francisco or shopping from home, you’ll be able to subscribe to your pet’s favorite foods, update your subscription, earn rewards, and more!
Learn more
Dental Checkups | Pettooth
We’re now an official Pettooth location partner (for canines)! Book your pet’s dental checkups through Pettooth and have them done right here at Bernal Beast. Simply visit Pettooth.com and choose Bernal Beast as your preferred location.
We’re excited to work with Pettooth to bring professional dental care and expert guidance to our community.
Schedule your appointment
Welcome to the Pack
Raising a Bernal beast? Our new pet parent corner is here to help you!

Love this place. The customer service is always great, my pup gets free treats everytime we go here and the staff is super helpful.

- Q.C.

The Latest from The Bernal Beast Beat

Rooted in Bernal Heights, made for every pet parent — news, care tips, and community moments.

How to Use Treats in Dog Training and Enrichment (and What to Skip)
Why Puppy Socialization Is a Small Window With a Big Payoff
Why Dog Training Works Best as a Journey
Is Your Pet Ready for an Emergency? A Preparedness Guide from Bernal Beast
Top 8 Dog-Friendly Spots in Bernal Heights
National Rescue Dog Day: A Fresh Start for You and Your New Best Friend
Visit The Bernal Beast Beat →
Store Hours
Tue-Sat: 10AM-6PM
Sun: 10AM-5PM
Mon: Closed
Contact Us
steph@bernalbeast.com
415.643.7800
Follow Us
Facebook
Instagram
TikTok
© 2026, Bernal Beast"
Bernal Beast,2026-09-23,4.8,4.8 stars,Pet supply store,"509 Cortland Ave, San Francisco, CA 94110, United States",+1 415-643-7800,https://www.bernalbeast.com/,"PHQM+MC Bernal Heights, San Francisco, CA, USA",,added,False,False,steph@bernalbeast.com,"Skip to content

Sign up today and fetch 10% off your first purchase in-store

HOME
ABOUT
CONTACT
Log in
Your Neighborhood Pet Shop in Bernal Heights
Welcome to Bernal Beast!
We are your neighborhood pet shop in San Francisco, offering premium pet food, dog training, and support for all pet parents. Whether you're bringing home your first pup or have been a cat parent for years, we are your local community guide to all your pet’s needs.
Community Pet Store
Serving Bernal Heights pet families since 2000 with curated food, treats, toys, and everyday essentials.
Visit our Store
Training and Puppy Socials
Certified trainers. Science-backed methods. Structured core classes and beloved weekly puppy socials for San Francisco dog parents.
Explore Beast Mode
High Quality Pet Food
Thoughtfully curated food and supplies for dogs, cats, chickens, and more, including raw, organic, and specialty diets.
Shop Beast Bites
Our Services
Beast Mode Dog Training
Positive reinforcement classes for your newly-adopted puppies and dogs! Our certified trainers, graduates of the prestigious Academy for Dog Trainers, specialize in evidence-based behavior and training. From puppy socials and kindergarten to manners and tricks classes, plus one-on-one sessions, we have training options for every pet owner's need in San Francisco.
Learn more
Pet Food Subscription
We’re excited to offer convenient, fresh, and nutritious pet food subscription plans tailored to your pet’s needs online. Whether you’re exploring pet shops in San Francisco or shopping from home, you’ll be able to subscribe to your pet’s favorite foods, update your subscription, earn rewards, and more!
Learn more
Dental Checkups | Pettooth
We’re now an official Pettooth location partner (for canines)! Book your pet’s dental checkups through Pettooth and have them done right here at Bernal Beast. Simply visit Pettooth.com and choose Bernal Beast as your preferred location.
We’re excited to work with Pettooth to bring professional dental care and expert guidance to our community.
Schedule your appointment
Welcome to the Pack
Raising a Bernal beast? Our new pet parent corner is here to help you!

Love this place. The customer service is always great, my pup gets free treats everytime we go here and the staff is super helpful.

- Q.C.

The Latest from The Bernal Beast Beat

Rooted in Bernal Heights, made for every pet parent — news, care tips, and community moments.

How to Use Treats in Dog Training and Enrichment (and What to Skip)
Why Puppy Socialization Is a Small Window With a Big Payoff
Why Dog Training Works Best as a Journey
Is Your Pet Ready for an Emergency? A Preparedness Guide from Bernal Beast
Top 8 Dog-Friendly Spots in Bernal Heights
National Rescue Dog Day: A Fresh Start for You and Your New Best Friend
Visit The Bernal Beast Beat →
Store Hours
Tue-Sat: 10AM-6PM
Sun: 10AM-5PM
Mon: Closed
Contact Us
steph@bernalbeast.com
415.643.7800
Follow Us
Facebook
Instagram
TikTok
© 2026, Bernal Beast"
Coiffure Doggie Spa,2026-09-23,,,Pet groomer,"480 Mission Bay Blvd North, San Francisco, CA 94158, United States",,https://coiffuresf.com/,"QJC6+FC Mission Bay, San Francisco, CA, USA",,added,False,False,myra@fursf.com,"	
	
HOME
SERVICES
ABOUT US
 
A New Paradigm in Grooming

COIFFURE grooms average 2 hrs

COIFFURE is exclusive to 1 - 2 dogs / day

COIFFURE grooms one dog at a time, yours

COIFFURE is cage-Free and wait-Free

COIFFURE is for anxious & pampered dogs

BOOK APPOINTMENT
UNABLE TO ACCEPT NEW CLIENTS 
COIFFURE is a private Doggie Day Spa located in
​Mission Bay that specializes in puppy cuts.
​
​25lbs and under.

​Doggie clients enjoy a relaxing home environment free of the stresses found in typical grooming salons. They are spoiled with patience and one-on-one attention.

​Pet parents will enjoy a clean happy pup who finally enjoys getting groomed.
Book anytime with 
​On-Line Appointment Bookings

Near by . . .
Parking ( metered )
Starbucks ( wifi )
Spark Food Truck Park ( wifi )
Mission Bay Common Park
Reveille Coffee Company ( wifi )
​Kid’s Park
Gus' Community Market
Mizu Spa
Safeway
​Philz Coffee
	"
Black Nose Trading Co.,2026-09-23,4.6,4.6 stars,Pet store,"342 Divisadero St, San Francisco, CA 94117, United States",+1 415-503-1004,http://blacknosetrading.com/,"QHF7+45 Lower Haight, San Francisco, CA, USA",,added,False,False,,"Services
Contact
Call Us
NEIGHBORHOOD DOG CARE SINCE 2007
A Safe, Happy Place for Your Dog

Daycare, walks, boarding, and baths from a local team that treats your dog like family.

Book a Meet & Greet
See Services
18+
Years in Business
2,000+
Dogs Served
4.4★
Local Reviews
100%
Cage-Free
🏆
18 Years of Local Care
⭐
4.4 Rated on Yelp & Google
🐾
2,000+ Dogs Cared For
🏠
Cage-Free · Always
📞
(415) 503-1004
KIND WORDS
What Local Dog Owners Say

Real feedback from families we see every week.

★★★★★

""Walt made us feel comfortable right away. Our puppy loves his daily walks and comes home happy.""

Zoe L.
Goldendoodle owner
★★★★★

""Nail trims are quick and gentle, and the team is always kind and professional.""

John A.
French Bulldog owner
★★★★★

""So sweet, gentle, and fast. We trust Walt with our pets anytime.""

Shannon R.
Rescue mix owner
SERVICES
Our Services

Simple care options for your schedule and your dog.

⭐ MOST POPULAR — BEST VALUE
🐕 SOCIALIZATION & PLAY
Dog Day Care

A full day of supervised play, rest, and walks.

FULL DAY
$65
HALF DAY
$45
10-PACK
$600
MONTHLY
$850
✔
Play groups matched by energy
✔
Daily outdoor walks
✔
Safe, cage-free setting
Reserve Day Care →
🛁 SELF-SERVICE
Dog Bathing & Grooming

Easy self-serve baths with everything ready for you.

SELF-SERVE BATH
$15
NAIL CLIPPING
$20
PACKAGES
Call
✔
Shampoo and conditioner included
✔
Towels, dryers, and brushes ready
✔
Skip the mess at home
Book a Bath →
🏃 DAILY EXERCISE
Dog Walking

Reliable one-hour walks from people your dog knows.

SINGLE WALK
$35
2–3X/WEEK
$32
4–5X/WEEK
$30
✔
Full 60-minute walks
✔
Small, social groups
✔
Flexible weekly plans
Book a Walk →
🌙 WHILE YOU'RE AWAY
Overnight Boarding

Overnight care in a calm, home-like space.

PER NIGHT
$75
HOLIDAY
$85
✔
Always cage-free
✔
Comfortable bedtime routine
✔
Vaccines required for safety
Reserve Boarding →
OUR STORY · SINCE 2007
A Small Neighborhood Team That Knows Your Dog

Walt started Black Nose with a simple goal: make dogs feel safe, cared for, and at home.

After 18 years, that is still how we work every day.

— Walt Bell, Owner

READY TO VISIT?
Let’s Meet You and Your Dog

Call us anytime or stop by to say hello.

📞 Call (415) 503-1004
See Hours and Location
GET IN TOUCH
Visit, Call, or Stop By

We are always happy to meet a new pup.

Black Nose Trading Company
📍
342 Divisadero Street, San Francisco, CA 94117
📞
(415) 503-1004
Mon–Fri
7:00am – 7:00pm
Saturday
9:00am – 7:00pm
Sunday
11:00am – 7:00pm
Call Now
Get Directions
🗺️
342 Divisadero St
San Francisco, CA 94117

Black Nose Trading Company  ·  342 Divisadero Street, San Francisco CA 94117  ·  (415) 503-1004

© 2026 Black Nose Trading Company. All rights reserved."
SF Puppy Love,2026-09-23,4.1,4.1 stars,Dog day care center,"840 Harrison St, San Francisco, CA 94107, United States",+1 415-613-1412,http://sfpuppylove.com/,"QHJX+3M Yerba Buena, San Francisco, CA, USA",,added,False,False,info@sfpupplove.com,"Sign up today!
Existing customers
Home
About Us
Services
Day Care
Overnight
Washing & Grooming
Contact Us
Home
About Us
Services
Day Care
Overnight
Washing & Grooming
Contact Us
Sign Up Today!
Existing customers
Get in touch

+1 415-796-3508

info@sfpupplove.com

Welcome to SF Puppy Love
Dog daycare, boarding, grooming services, and more!
 SF Puppy Love serves the SOMA / South Beach neighborhoods with the highest quality dog daycare and dog boarding services.

See If You Qualify For A Free Trial Playday
Do I qualify? 
OUR DOG DAYCARE, GROOMING SERVICES, & MORE
Serving All San Francisco neighborhoods.
Washing, Nail Clipping, and Dog Grooming
Overnight Dog Boarding Services
Doggie Day Care
SEE WHAT OUR CUSTOMERS HAVE TO SAY
HAPPY DOGS ON SOCIAL MEDIA

Every pawrent loves to see his or her pup happy. So do we!

DOGGIE DAYCARE IN SF

Come Visit Us!

ABOUT US

At SF Puppy Love, we provide a safe, fun space for your pup with daycare and overnight services for busy dog parents.

QUICK LINKS
Home
About Us
Services
Day Care
Overnight
Washing & Grooming
Contact Us
CONTACT  US

+1 415-796-3508

info@sfpuppylove.com


840 Harrison St

San Francisco, CA 94107


© 2026 

All Rights Reserved | SF Puppy Love"
SF Puppy Love,2026-09-23,4.1,4.1 stars,Dog day care center,"840 Harrison St, San Francisco, CA 94107, United States",+1 415-613-1412,http://sfpuppylove.com/,"QHJX+3M Yerba Buena, San Francisco, CA, USA",,added,False,False,info@sfpuppylove.com,"Sign up today!
Existing customers
Home
About Us
Services
Day Care
Overnight
Washing & Grooming
Contact Us
Home
About Us
Services
Day Care
Overnight
Washing & Grooming
Contact Us
Sign Up Today!
Existing customers
Get in touch

+1 415-796-3508

info@sfpupplove.com

Welcome to SF Puppy Love
Dog daycare, boarding, grooming services, and more!
 SF Puppy Love serves the SOMA / South Beach neighborhoods with the highest quality dog daycare and dog boarding services.

See If You Qualify For A Free Trial Playday
Do I qualify? 
OUR DOG DAYCARE, GROOMING SERVICES, & MORE
Serving All San Francisco neighborhoods.
Washing, Nail Clipping, and Dog Grooming
Overnight Dog Boarding Services
Doggie Day Care
SEE WHAT OUR CUSTOMERS HAVE TO SAY
HAPPY DOGS ON SOCIAL MEDIA

Every pawrent loves to see his or her pup happy. So do we!

DOGGIE DAYCARE IN SF

Come Visit Us!

ABOUT US

At SF Puppy Love, we provide a safe, fun space for your pup with daycare and overnight services for busy dog parents.

QUICK LINKS
Home
About Us
Services
Day Care
Overnight
Washing & Grooming
Contact Us
CONTACT  US

+1 415-796-3508

info@sfpuppylove.com


840 Harrison St

San Francisco, CA 94107


© 2026 

All Rights Reserved | SF Puppy Love"
Bark Avenue Doggy Day Care,2026-09-23,4.5,4.5 stars,Dog day care center,"301 King St, San Francisco, CA 94107, United States",+1 415-954-2275,https://barkavesf.com/,"QJG4+54 Mission Bay, San Francisco, CA, USA",,added,False,False,craig@barkavesf.com,
Bark Avenue Doggy Day Care,2026-09-23,4.5,4.5 stars,Dog day care center,"301 King St, San Francisco, CA 94107, United States",+1 415-954-2275,https://barkavesf.com/,"QJG4+54 Mission Bay, San Francisco, CA, USA",,added,False,False,info@barkavesf.com,
The Animal Connection,2026-09-23,4.5,4.5 stars,Pet supply store,"658 Clement St, San Francisco, CA 94118, United States",+1 415-564-6482,https://animalconnectionsf.org/,"QGMM+6C Outer Sunset, San Francisco, CA, USA",,added,False,False,animalconnectionsf@gmail.com,"the animal connection
HOME
ABOUT
SERVICES
CONTACT
🐦
🦜
🐰
🦎
🐹
🐢
🦔
🐍
🦗
🐠
🐟
🐦

EST. 1987  ·  SAN FRANCISCO, CA

Where every
animal
is family.

San Francisco's largest independent pet store. Not your typical pet shop — we are lifelong animal lovers who carry premium supplies, board and groom small animals, rescue pets in need, and have called Irving Street home for nearly four decades.

GET IN TOUCH
OUR SERVICES
SCROLL
37+
YEARS IN SF
30+
YEARS BOARDING
100s
ANIMALS RESCUED
Free
PET FOOD BANK
IN OUR CARE
Feathers, scales & small companions

A glimpse of the birds, mammals, reptiles, and fish our team loves to help you care for — the same way we’d care for our own.

BIRDS & BUDGIES
SMALL MAMMALS
REPTILES
AQUATICS

""To us, each pet is unique and is family, so we strive to find the perfect fit between people and their pets.""

THE ANIMAL CONNECTION

Under new ownership. We are continuing all boarding services with no lapse in operations — and we're excited for what's next. Thanks for being a loyal supporter through all our seasons.

WHO WE ARE
SF's largest
independent pet store

Since 1987 we have been the city's go-to for expert animal advice, premium pet diets, and genuine care. Our staff doesn't just work with animals — they live with them, advocate for them, and know them.

We do not sell dogs, cats, or rabbits and always suggest adoption. We do not support breeding mills. We work closely with rescue organisations and responsible local breeders to save as many animals as we can.

Come in and feel the difference a truly independent, animal-first store makes.

OUR STORY
✦
WHAT WE DO
Expert care,
every day
01
Boarding

Over 30 years boarding birds, small mammals, and reptiles. We care for your animals like we do our own — fresh food, daily checks, expert hands only.

RESERVE A SPOT
02
Grooming

Nail trims, wing clips, and more for birds, guinea pigs, and rabbits. Quick, calm, and carried out only by our trained staff — never rushed, always careful.

SEE GROOMING FEES
03
Surrender

No longer able to care for a pet? We accept most small animals with no surrender fee. We know it's a big decision — we'll be here whenever you're ready.

LEARN MORE
COMMUNITY

Pet Food Bank — free food for pets in need

FIND OUT MORE
✦
HANDFED · 2025
🦜

FEATURED PROGRAMME

Handfed

Baby Budgie Programme

The Budgerigar — ""budgie"" — is a small parrot from Australia with one of the largest speech capabilities of any bird its size. They make great companions for all kinds of people, including children. After we finish hand-feeding them, they're sweet, playful, curious birds that genuinely bond with their humans.

They're one of the only birds we recommend for kids — and one of our greatest joys.

ASK ABOUT AVAILABILITY
✦
WE ACCEPT DONATIONS
Greens for
small mammals

Donate fresh produce and we'll feed our rescues. Leftovers go to local shelters. Here's what helps — and what doesn't.

✔  ACCEPTABLE PRODUCE
Romaine, Red & Green leaf lettuce
Dandelion Greens
Carrot Tops
Chard (swiss or rainbow)
Wheatgrass
Mustard Greens
✘  PLEASE AVOID
Iceberg lettuce
Cucumber
Tomato
Celery
Broccoli
Avocado
Potato

We also accept pet food (opened or recently expired), clean towels, used tanks and cages, substrate, decor, and food bowls — all go to animals in need.

✦
FROM THE COMMUNITY
Animal lovers
recommend

""The staff truly cares about my pets' health and happiness. Their advice over the years for my dog, cats, gecko and boa constrictor ensured my family cared for our pets responsibly and with confidence.""

— ROB S.

""The best local pet shop a pet mom could ever ask for! Always something new and fun to bring home. An all around excellent place with an old-timey feel to it. Grateful to lean on their expert staff. A true staple of the community!""

— MARIA R.

""The staff really know their stuff! I'm so happy to find a local pet shop where I feel welcome — and so does my dog Tripper. We've been shopping at the AC for over 5 years. They have great prices and are the real deal!""

— MICHELLE B.
FIND US
Come say
hello

The Animal Connection

3401 Irving St., San Francisco, CA 94122
(Southwest corner of 35th Avenue)

Tel  415-564-6482
SMS  415-275-1139
Email  animalconnectionsf@gmail.com

HOURS

Monday – Saturday  11:00 AM – 6:00 PM
Sunday  12:00 PM – 6:00 PM

SPECIAL HOLIDAY HOURS APPLY

SEND US A MESSAGE
YOUR NAME
EMAIL ADDRESS
PHONE NUMBER
YOUR MESSAGE
SEND MESSAGE
© 2025 The Animal Connection, San Francisco
3401 Irving St.  ·  415-564-6482
Back to top ↑"
The Animal Connection,2026-09-23,4.5,4.5 stars,Pet supply store,"658 Clement St, San Francisco, CA 94118, United States",+1 415-564-6482,https://animalconnectionsf.org/,"QGMM+6C Outer Sunset, San Francisco, CA, USA",,added,False,False,info@animalconnectionsf.net,"the animal connection
HOME
ABOUT
SERVICES
CONTACT
🐦
🦜
🐰
🦎
🐹
🐢
🦔
🐍
🦗
🐠
🐟
🐦

EST. 1987  ·  SAN FRANCISCO, CA

Where every
animal
is family.

San Francisco's largest independent pet store. Not your typical pet shop — we are lifelong animal lovers who carry premium supplies, board and groom small animals, rescue pets in need, and have called Irving Street home for nearly four decades.

GET IN TOUCH
OUR SERVICES
SCROLL
37+
YEARS IN SF
30+
YEARS BOARDING
100s
ANIMALS RESCUED
Free
PET FOOD BANK
IN OUR CARE
Feathers, scales & small companions

A glimpse of the birds, mammals, reptiles, and fish our team loves to help you care for — the same way we’d care for our own.

BIRDS & BUDGIES
SMALL MAMMALS
REPTILES
AQUATICS

""To us, each pet is unique and is family, so we strive to find the perfect fit between people and their pets.""

THE ANIMAL CONNECTION

Under new ownership. We are continuing all boarding services with no lapse in operations — and we're excited for what's next. Thanks for being a loyal supporter through all our seasons.

WHO WE ARE
SF's largest
independent pet store

Since 1987 we have been the city's go-to for expert animal advice, premium pet diets, and genuine care. Our staff doesn't just work with animals — they live with them, advocate for them, and know them.

We do not sell dogs, cats, or rabbits and always suggest adoption. We do not support breeding mills. We work closely with rescue organisations and responsible local breeders to save as many animals as we can.

Come in and feel the difference a truly independent, animal-first store makes.

OUR STORY
✦
WHAT WE DO
Expert care,
every day
01
Boarding

Over 30 years boarding birds, small mammals, and reptiles. We care for your animals like we do our own — fresh food, daily checks, expert hands only.

RESERVE A SPOT
02
Grooming

Nail trims, wing clips, and more for birds, guinea pigs, and rabbits. Quick, calm, and carried out only by our trained staff — never rushed, always careful.

SEE GROOMING FEES
03
Surrender

No longer able to care for a pet? We accept most small animals with no surrender fee. We know it's a big decision — we'll be here whenever you're ready.

LEARN MORE
COMMUNITY

Pet Food Bank — free food for pets in need

FIND OUT MORE
✦
HANDFED · 2025
🦜

FEATURED PROGRAMME

Handfed

Baby Budgie Programme

The Budgerigar — ""budgie"" — is a small parrot from Australia with one of the largest speech capabilities of any bird its size. They make great companions for all kinds of people, including children. After we finish hand-feeding them, they're sweet, playful, curious birds that genuinely bond with their humans.

They're one of the only birds we recommend for kids — and one of our greatest joys.

ASK ABOUT AVAILABILITY
✦
WE ACCEPT DONATIONS
Greens for
small mammals

Donate fresh produce and we'll feed our rescues. Leftovers go to local shelters. Here's what helps — and what doesn't.

✔  ACCEPTABLE PRODUCE
Romaine, Red & Green leaf lettuce
Dandelion Greens
Carrot Tops
Chard (swiss or rainbow)
Wheatgrass
Mustard Greens
✘  PLEASE AVOID
Iceberg lettuce
Cucumber
Tomato
Celery
Broccoli
Avocado
Potato

We also accept pet food (opened or recently expired), clean towels, used tanks and cages, substrate, decor, and food bowls — all go to animals in need.

✦
FROM THE COMMUNITY
Animal lovers
recommend

""The staff truly cares about my pets' health and happiness. Their advice over the years for my dog, cats, gecko and boa constrictor ensured my family cared for our pets responsibly and with confidence.""

— ROB S.

""The best local pet shop a pet mom could ever ask for! Always something new and fun to bring home. An all around excellent place with an old-timey feel to it. Grateful to lean on their expert staff. A true staple of the community!""

— MARIA R.

""The staff really know their stuff! I'm so happy to find a local pet shop where I feel welcome — and so does my dog Tripper. We've been shopping at the AC for over 5 years. They have great prices and are the real deal!""

— MICHELLE B.
FIND US
Come say
hello

The Animal Connection

3401 Irving St., San Francisco, CA 94122
(Southwest corner of 35th Avenue)

Tel  415-564-6482
SMS  415-275-1139
Email  animalconnectionsf@gmail.com

HOURS

Monday – Saturday  11:00 AM – 6:00 PM
Sunday  12:00 PM – 6:00 PM

SPECIAL HOLIDAY HOURS APPLY

SEND US A MESSAGE
YOUR NAME
EMAIL ADDRESS
PHONE NUMBER
YOUR MESSAGE
SEND MESSAGE
© 2025 The Animal Connection, San Francisco
3401 Irving St.  ·  415-564-6482
Back to top ↑"
BFF Dogs,2026-09-23,5.0,5.0 stars,Dog day care center,"1935 Lawton St, San Francisco, CA 94122, United States",+1 415-683-5598,http://bffdogssf.com/,"QG48+XF Outer Sunset, San Francisco, CA, USA",,added,False,False,bffdogslawton@gmail.com,
VIP Grooming SOMA,2026-09-23,5.0,5.0 stars,Pet groomer,"1419 Bryant St, San Francisco, CA 94103, United States",+1 415-282-1393,https://www.vipgroomingsf.com/,"QH9Q+CV Mission District, San Francisco, CA, USA",,added,False,False,dirtydog@vipgroomingsf.com,"Select “Accept all” to agree to our use of cookies and similar technologies to enhance your browsing experience, security, analytics and customization. Select ”Manage cookies” to make more choices or opt out.

MANAGE COOKIES
DECLINE ALL
ACCEPT ALL

Now Serving A Second Location in SOMA Located Inside Animal Care & Control

SKIP TO CONTENT
Where Dirty Dogs Come Clean
Home
Team
The VIP Way
Services
Before Your First Visit
New Puppy Essentials
Booking Page
About
FAQ
Contact
English
BOOK NOW
Welcome to VIP Grooming
Locations in Noe Valley and SOMA

Hi there! At VIP Grooming, we know your dog is more than just a pet. They are family. Trust us to keep them looking their best. 

LEARN MORE

Noe Valley

Book Now, click the location name most convenient for you! 

SOMA

Who we are

Welcome to our little corner of the dog grooming world, where every wagging tail is a chance to make a friend! We're passionate about making your furry companions look and feel their best, with a touch of care and love in every snip and style.

LEARN MORE
Follow us on our socials
VIP Grooming

LOCATIONS

NOE VALLEY: 4299 24th Street, San Francisco, California 94114

SOMA: 1419 Bryant Street, San Francisco, California 94103

CONTACT

dirtydog@vipgroomingsf.com
(415) 282-1393

Terms of Service
Privacy Policy

©2026 Dirty Dog LLC"
Pet's Corner,2026-09-23,4.8,4.8 stars,Pet supply store,"3701 Geary Blvd #102, San Francisco, CA 94118, United States",+1 415-751-7387,http://petscornershop.com/,"QGJR+C9 Inner Richmond, San Francisco, CA, USA",,added,False,False,info@petscornershop.com,"

about contact



* UPCOMING HOLIDAY HOURS *

Tuesday 12/23 & Wednesday 12/24 - 11:00am-6:00pm

CLOSED Thursday 12/25/2025 - Monday 1/5/2026

Tuesday 1/6/2026 - 11:00am-6:00pm






Pet's Corner is a family owned & operated pet food and supply store. We believe pets are family, and we are committed to helping parents find the highest quality products to keep their pets healthy, happy and enriched!




We stock a wide selection of premium food, treats, toys and more for your dog, cat, small animal and bird.




Brands include: Primal, Smallbatch, Open Farm, Orijen, Acana, The Honest Kitchen, Stella & Chewy's, Petcurean, Nulo, Carna4, Rawz, Weruva, Tiki Cat, Wellness, Oxbow and many more.




Custom requests welcomed! Contact us to inquire about product availability.




location






3701 Geary Blvd #102

San Francisco CA 94118

(between Arguello & 2nd Ave)






 

hours






Monday: Closed


Tuesday-Friday: 11AM - 6PM


Saturday-Sunday: 10:30AM - 6PM




 

contact us






Telephone: (415) 751-7387

Email: info@petscornershop.com




Find Us On Yelp!
"
Dr. Grooming Mobile Pet SPA,2026-09-23,4.7,4.7 stars,Pet groomer,,+1 415-707-1555,http://drgrooming.com/,,,added,False,False,happypaws.mobi@gmail.com,"Home
About Us
Contact

Book Now

Mobile Dog Grooming Services
Your pet deserves the best grooming experience!

BOOK YOUR APPOINTMENT

Have questions or ready to book?

Get in touch, we’re just a bark away!

Call

(415) 707-1555

Text

(415) 707-1555

Grooming That Comes to You

Our mobile grooming van brings professional bath and grooming services right to your doorstep. Stress-free, convenient and perfect for dogs of all sizes.

Important Notice:
Pet owners must inspect their dog at both drop-off and pick-up to confirm that the service was properly completed and that their pet is in good condition. Any concerns or complaints must be addressed directly with the groomer at the time of service. We do not accept aggressive dogs for grooming.

Take a look at our Terms and Contitions."
Dr. Grooming Mobile Pet SPA,2026-09-23,4.7,4.7 stars,Pet groomer,,+1 415-707-1555,http://drgrooming.com/,,,added,False,False,happypawsgroomingllc@gmail.com,"Home
About Us
Contact

Book Now

Mobile Dog Grooming Services
Your pet deserves the best grooming experience!

BOOK YOUR APPOINTMENT

Have questions or ready to book?

Get in touch, we’re just a bark away!

Call

(415) 707-1555

Text

(415) 707-1555

Grooming That Comes to You

Our mobile grooming van brings professional bath and grooming services right to your doorstep. Stress-free, convenient and perfect for dogs of all sizes.

Important Notice:
Pet owners must inspect their dog at both drop-off and pick-up to confirm that the service was properly completed and that their pet is in good condition. Any concerns or complaints must be addressed directly with the groomer at the time of service. We do not accept aggressive dogs for grooming.

Take a look at our Terms and Contitions."
George,2026-09-23,4.8,4.8 stars,Pet store,"607 Florida St, San Francisco, CA 94110, United States",+1 415-658-7573,http://www.georgesf.com/,"QH6Q+GJ Mission District, San Francisco, CA, USA",,added,False,False,georgeoffice1824@gmail.com,"GEORGE
Search for:
HOME DOGS CATS OUR SHOPS OUR STORY CONTACT US PET GALLERY   
INSTAGRAM
Grab your friend and get outta town… we’ve got che
In honor of all the dog moms and mama dogs out the
From all of us at GEORGE ( including our giant 🐶 m
Our shop at the Marin Country Mart is happy to be
Come play with kitties this sunday at our SF shop
As spooky season draws to a close, let’s keep our
Mosey on down to one of our shops today for some l
May 19, 1987–the day little George Lambert Wise ca
16 new posts loaded
LOAD MORE
  Follow on Instagram

High-quality, thoughtfully designed pet products for dogs & cats. Made in San Francisco.

CONTACT US

DOGS
Adjacent Merch
Beds
Bowls
Coats & Sweaters
Collars
Feeding Mats
Grooming
Harnesses
ID Tags
Leads
Quilts
Stationery
Toys
Treats
CATS
Beds
Bowls
Collars
ID Tags
Toys
Treats
ABOUT US
Our Story
Our Shops
Pet Gallery
Contact Us
Gift Cards
CUSTOMER CARE
Shipping
Measurements
Privacy Policy
Terms & Conditions
© 2026 GEORGE. All Rights Reserved.
Website › InterfaceEngineer.com"
George,2026-09-23,4.8,4.8 stars,Pet store,"607 Florida St, San Francisco, CA 94110, United States",+1 415-658-7573,http://www.georgesf.com/,"QH6Q+GJ Mission District, San Francisco, CA, USA",,added,False,False,sales@georgesf.com,"GEORGE
Search for:
HOME DOGS CATS OUR SHOPS OUR STORY CONTACT US PET GALLERY   
INSTAGRAM
Grab your friend and get outta town… we’ve got che
In honor of all the dog moms and mama dogs out the
From all of us at GEORGE ( including our giant 🐶 m
Our shop at the Marin Country Mart is happy to be
Come play with kitties this sunday at our SF shop
As spooky season draws to a close, let’s keep our
Mosey on down to one of our shops today for some l
May 19, 1987–the day little George Lambert Wise ca
16 new posts loaded
LOAD MORE
  Follow on Instagram

High-quality, thoughtfully designed pet products for dogs & cats. Made in San Francisco.

CONTACT US

DOGS
Adjacent Merch
Beds
Bowls
Coats & Sweaters
Collars
Feeding Mats
Grooming
Harnesses
ID Tags
Leads
Quilts
Stationery
Toys
Treats
CATS
Beds
Bowls
Collars
ID Tags
Toys
Treats
ABOUT US
Our Story
Our Shops
Pet Gallery
Contact Us
Gift Cards
CUSTOMER CARE
Shipping
Measurements
Privacy Policy
Terms & Conditions
© 2026 GEORGE. All Rights Reserved.
Website › InterfaceEngineer.com"
The Animal Company,2026-09-23,4.5,4.5 stars,Pet supply store,"4102 24th St, San Francisco, CA 94114, United States",+1 415-647-8755,http://www.theanimalcompany.net/,"QH28+H7 Noe Valley, San Francisco, CA, USA",,added,False,False,theanimalcompanysf@gmail.com,"On Monday, September 7 our store will be open 11 – 3 pm on Labor Day

Skip to Content
The Animal Company
What We Carry
Birds
About
Gallery
Contact
 We are a full service pet store located in the heart of Noe Valley
View fullsize

 4102 24th Street
San Francisco, CA 94114
(at the corner of Castro St.)

(415) 647-8755

Monday-Friday: 11 am - 6 pm
Saturday: 10 am - 6 pm
Sunday: noon - 5 pm

Take a peek inside our new location

Keyboard shortcuts
Map data ©2026 Google
100 m 
Terms

The Animal Company
4102 24th Street, San Francisco, 94114

Contact us "
Shipyard K9 Supplies,2026-09-23,4.9,4.9 stars,Pet supply store,"657 22nd St, San Francisco, CA 94107, United States",+1 415-757-0104,http://www.shipyardk9.com/,"QJ56+4R Dogpatch, San Francisco, CA, USA",,added,False,False,shipyardpets@gmail.com,"Dogs
Cats

Shop Now

PET GROOMING
NOW AVAILABLE BY APPOINTMENT ONLY.

Grooming Inquiries

Everything you need to keep their tails wagging.

Shop now

Featured categories
Shipyard K9 Supplies
657 22nd St
San Francisco, CA 94107
415-757-0104

STAY IN THE LOOP

Sign Up
This form is protected by reCAPTCHA and the Google Privacy Policy and Terms of Service apply.

© 2026"
Pet Camp Ranger Station,2026-09-23,4.8,4.8 stars,Dog day care center,"1360 Fairfax Ave, San Francisco, CA 94124, United States",+1 415-406-2480,https://www.petcamp.com/ranger-station-enrichment-dog-boarding/,"PJR8+26 Bayview, San Francisco, CA, USA",,added,False,False,,
Alpha Grooming Pet Salon,2026-09-23,4.7,4.7 stars,Pet groomer,,+1 650-206-4607,https://www.alphagroomingpetsalon.com/northeast-bay-area/,,,added,False,False,info@alphagroomingpetsalon.com,"Skip to content
Mobile Pet Groomer near you
Call or Text: +1(800) 270-1365
Connect With Us:
Google
 
Facebook
 
Instagram
 
X-twitter
 
Youtube
Home
About Us
Our Groomers
Service Packages
Contact
BOOK NOW
Alpha Grooming Pet Salon
Premier Mobile Dog Grooming in Northeast Bay Area

Premium Mobile Pet Grooming Delivered to Your Doorstep — Where Clean Meets Care.

Book Your Pet’s Grooming Today
Fully Licensed & CPPA
Associated

Our team is trained by the Golden State Pet Grooming Academy and certified in pet CPR and first aid.

Local Operators, We Support Our Community

Supporting communities from Fairfield to Emeryville, we’re deeply rooted in the Bay Area.

24/7 Customer
Support by Email

Our customer service team is available via email to assist you anytime.

Trusted Mobile Grooming Professionals with a Passion for Pets

Discover top-tier mobile pet grooming services in the Northeast Bay Area with Alpha Grooming Pet Salon. As the #1 voted in-home mobile groomers in the region, we bring professional, caring, and convenient pet care directly to your doorstep. Serving communities like Alameda, Berkeley, Oakland, Napa, and Vallejo, our fully licensed and insured team ensures your furry companions receive exceptional grooming in the comfort of their own environment. Whether you’re near the iconic Jack London Square or the scenic Napa Valley vineyards, we’re here to pamper your pets with unmatched expertise.

Read More
Discover Our Service Packages
Comprehensive Grooming Packages

We offer three tailored grooming packages to suit your pet’s needs: Bath, Grooming, and V.I.P. Each package includes:

Bath Package

Perfect for pets needing a quick refresh, this package includes a gentle bath, nail trimming, ear cleaning, anal gland expression (if needed), eye wash, a hand blow dry, and a complete brush-out. Ideal for pets in Vallejo or Fairfield who need regular maintenance.

Learn More
Grooming Package

This all-inclusive option builds on the Bath Package with a customized haircut tailored to your pet’s breed, coat type, or your preferences. Our skilled groomers use precision techniques to ensure a polished look, whether it’s a classic trim for a Golden Retriever in Oakland or a stylish cut for a Poodle in Piedmont.

Learn More
V.I.P. Package

For pets deserving extra pampering, our V.I.P. Package elevates the grooming experience with premium add-ons.

Learn More
How It Works
Simple, Stress-Free,
and Convenient—Every Time

Getting started with Alpha Grooming Pet Salon is quick and easy.

1. Book Online or Call

Use our simple online booking system or call to schedule an appointment at your convenience.

2. We Arrive at Your Location

Our fully-equipped grooming van pulls up to your home, workplace, or apartment—no setup needed on your part.

3. Your Pet Gets Groomed

Our certified groomer greets your pet, confirms the requested service, and provides gentle, one-on-one grooming.

4. Fresh, Clean & Happy Pet

After a spa-like session, your pet comes back inside clean, styled, and stress-free. We clean up and drive off—no mess left behind.

Book Now
Our Expert Groomers

Our groomers are the heart of Alpha Grooming Pet Salon. Each team member has at least two years of experience working with dogs and cats of all breeds, including senior pets and those with special needs. We conduct thorough background and safety checks twice a year to ensure your pet is in trusted hands. Whether your pet needs gentle handling or specialized care, our groomers provide a calm, compassionate experience that makes your pet feel at home.

Our team’s expertise extends to understanding the unique needs of pets in the Northeast Bay Area, from the bustling streets of Oakland to the serene neighborhoods of Piedmont. We’re proud to be part of the community, serving pet owners near landmarks like the Tilden Regional Park and Lake Merritt.

Book Now
Our Groomers are Insured, Licensed & Certified
Testimonials
What Our Happy Clients Are Saying
See All Reviews
Mobile Pet Grooming Across Northeast Bay Area

Our mobile pet grooming vans bring the salon to you, operating independently under the Alpha Grooming quality standards for nearly a decade. From Alameda’s waterfront to the rolling hills of Napa, we serve a wide range of communities, including:

Alameda
Berkeley
Oakland
Vacaville
Fairfield
Vallejo
Piedmont
Emeryville
Napa
Suisun City
View All Locations
FAQs
FAQs About Mobile Pet Grooming in Northeast Bay Area

Got Questions? We’ve Got Answers

What areas do you serve?

We provide mobile grooming in Alameda, Berkeley, Oakland, Napa, Vallejo, and more. See our full service area list here.

Are your groomers certified?
How often should I groom my pet?
Do you groom aggressive or fearful pets?
What payment methods do you accept?
Book Your Appointment Today
Contact Alpha Grooming Pet Salon Today

Ready to give your pet the ultimate grooming experience? Contact Alpha Grooming Pet Salon for professional, convenient, and caring mobile pet grooming in the Northeast Bay Area.  Book your pet’s grooming session today and see why we’re the top choice for pet owners near Lake Merritt, Jack London Square, and beyond. Let your pet enjoy the luxury they deserve!

Schedule An Appointment
Facebook-f
 
Twitter
 
Youtube
 
Instagram
Quick Links
About Us
Locations
Service Packages
Our Groomers
Reviews
Booking Online
Help Center
Alpha Blog
Cancellation Request
Privacy Policy
Terms of Service
Contact Us
Office Hours
Mon - Sat 9:00 AM - 5:00 PM
Service Availability
from 6:00 AM - 11:00 PM Every Day!
Alpha Grooming Mobile Pet Salon
📍
1325 Howard Ave Ste 267, Burlingame, CA 94010
📞
(650) 271-4282
📧
info@alphagroomingpetsalon.com
⭐ View us on Google
Copyright © Alpha Grooming Pet Salon - All Rights Reserved
SEO and Design by bigPromoter
Call Us
Text Us
Book Now"
Alpha Grooming Pet Salon,2026-09-23,4.7,4.7 stars,Pet groomer,,+1 650-206-4607,https://www.alphagroomingpetsalon.com/northeast-bay-area/,,,added,False,False,info@seo.green,"Skip to content
Mobile Pet Groomer near you
Call or Text: +1(800) 270-1365
Connect With Us:
Google
 
Facebook
 
Instagram
 
X-twitter
 
Youtube
Home
About Us
Our Groomers
Service Packages
Contact
BOOK NOW
Alpha Grooming Pet Salon
Premier Mobile Dog Grooming in Northeast Bay Area

Premium Mobile Pet Grooming Delivered to Your Doorstep — Where Clean Meets Care.

Book Your Pet’s Grooming Today
Fully Licensed & CPPA
Associated

Our team is trained by the Golden State Pet Grooming Academy and certified in pet CPR and first aid.

Local Operators, We Support Our Community

Supporting communities from Fairfield to Emeryville, we’re deeply rooted in the Bay Area.

24/7 Customer
Support by Email

Our customer service team is available via email to assist you anytime.

Trusted Mobile Grooming Professionals with a Passion for Pets

Discover top-tier mobile pet grooming services in the Northeast Bay Area with Alpha Grooming Pet Salon. As the #1 voted in-home mobile groomers in the region, we bring professional, caring, and convenient pet care directly to your doorstep. Serving communities like Alameda, Berkeley, Oakland, Napa, and Vallejo, our fully licensed and insured team ensures your furry companions receive exceptional grooming in the comfort of their own environment. Whether you’re near the iconic Jack London Square or the scenic Napa Valley vineyards, we’re here to pamper your pets with unmatched expertise.

Read More
Discover Our Service Packages
Comprehensive Grooming Packages

We offer three tailored grooming packages to suit your pet’s needs: Bath, Grooming, and V.I.P. Each package includes:

Bath Package

Perfect for pets needing a quick refresh, this package includes a gentle bath, nail trimming, ear cleaning, anal gland expression (if needed), eye wash, a hand blow dry, and a complete brush-out. Ideal for pets in Vallejo or Fairfield who need regular maintenance.

Learn More
Grooming Package

This all-inclusive option builds on the Bath Package with a customized haircut tailored to your pet’s breed, coat type, or your preferences. Our skilled groomers use precision techniques to ensure a polished look, whether it’s a classic trim for a Golden Retriever in Oakland or a stylish cut for a Poodle in Piedmont.

Learn More
V.I.P. Package

For pets deserving extra pampering, our V.I.P. Package elevates the grooming experience with premium add-ons.

Learn More
How It Works
Simple, Stress-Free,
and Convenient—Every Time

Getting started with Alpha Grooming Pet Salon is quick and easy.

1. Book Online or Call

Use our simple online booking system or call to schedule an appointment at your convenience.

2. We Arrive at Your Location

Our fully-equipped grooming van pulls up to your home, workplace, or apartment—no setup needed on your part.

3. Your Pet Gets Groomed

Our certified groomer greets your pet, confirms the requested service, and provides gentle, one-on-one grooming.

4. Fresh, Clean & Happy Pet

After a spa-like session, your pet comes back inside clean, styled, and stress-free. We clean up and drive off—no mess left behind.

Book Now
Our Expert Groomers

Our groomers are the heart of Alpha Grooming Pet Salon. Each team member has at least two years of experience working with dogs and cats of all breeds, including senior pets and those with special needs. We conduct thorough background and safety checks twice a year to ensure your pet is in trusted hands. Whether your pet needs gentle handling or specialized care, our groomers provide a calm, compassionate experience that makes your pet feel at home.

Our team’s expertise extends to understanding the unique needs of pets in the Northeast Bay Area, from the bustling streets of Oakland to the serene neighborhoods of Piedmont. We’re proud to be part of the community, serving pet owners near landmarks like the Tilden Regional Park and Lake Merritt.

Book Now
Our Groomers are Insured, Licensed & Certified
Testimonials
What Our Happy Clients Are Saying
See All Reviews
Mobile Pet Grooming Across Northeast Bay Area

Our mobile pet grooming vans bring the salon to you, operating independently under the Alpha Grooming quality standards for nearly a decade. From Alameda’s waterfront to the rolling hills of Napa, we serve a wide range of communities, including:

Alameda
Berkeley
Oakland
Vacaville
Fairfield
Vallejo
Piedmont
Emeryville
Napa
Suisun City
View All Locations
FAQs
FAQs About Mobile Pet Grooming in Northeast Bay Area

Got Questions? We’ve Got Answers

What areas do you serve?

We provide mobile grooming in Alameda, Berkeley, Oakland, Napa, Vallejo, and more. See our full service area list here.

Are your groomers certified?
How often should I groom my pet?
Do you groom aggressive or fearful pets?
What payment methods do you accept?
Book Your Appointment Today
Contact Alpha Grooming Pet Salon Today

Ready to give your pet the ultimate grooming experience? Contact Alpha Grooming Pet Salon for professional, convenient, and caring mobile pet grooming in the Northeast Bay Area.  Book your pet’s grooming session today and see why we’re the top choice for pet owners near Lake Merritt, Jack London Square, and beyond. Let your pet enjoy the luxury they deserve!

Schedule An Appointment
Facebook-f
 
Twitter
 
Youtube
 
Instagram
Quick Links
About Us
Locations
Service Packages
Our Groomers
Reviews
Booking Online
Help Center
Alpha Blog
Cancellation Request
Privacy Policy
Terms of Service
Contact Us
Office Hours
Mon - Sat 9:00 AM - 5:00 PM
Service Availability
from 6:00 AM - 11:00 PM Every Day!
Alpha Grooming Mobile Pet Salon
📍
1325 Howard Ave Ste 267, Burlingame, CA 94010
📞
(650) 271-4282
📧
info@alphagroomingpetsalon.com
⭐ View us on Google
Copyright © Alpha Grooming Pet Salon - All Rights Reserved
SEO and Design by bigPromoter
Call Us
Text Us
Book Now"
MISHKA Luxury Dog Boutique,2026-09-23,4.9,4.9 stars,Pet store,"2124 Union St #A, San Francisco, CA 94123, United States",+1 415-796-6444,http://www.mishkacakes.com/,"QHW8+W6 Union Street, San Francisco, CA, USA",,added,False,False,,
The Grateful Dog,2026-09-23,4.1,4.1 stars,Dog day care center,"1769 Lombard St, San Francisco, CA 94123, United States",+1 415-563-2275,https://www.sanfranciscodoggydaycare.com/,"RH29+5Q Union Street, San Francisco, CA, USA",,added,False,False,,"{""detail"":""Blocked""}
"
Who Let the Dogs Out!,2026-09-23,4.3,4.3 stars,Dog walker,"5915 California St, San Francisco, CA 94121, United States",+1 415-419-8777,https://dogsoutsf.com/,"QGM9+HH Central Richmond, San Francisco, CA, USA",,added,False,False,info@dogsoutsf.com,"HOMEABOUTSERVICES
DOG WALKING
DOG SITTING
TRAINING + PUPPY PRESCHOOL
PAW PERK- CORP CANINES
JOBSFAQSCONTACT USHOLIDAY WALK SCHEDULE 2026
TEXT US
SAN FRANCISCO’S PREMIER PROVIDER FOR DOG WALKING, DOG SITTING & TRAINING.
ESTABLISHING A NEW STANDARD FOR DOG CARE
TEXT TO JOIN THE PACK!

WOOF & WELCOME

We are San Francisco's premiere provider for Dog Walking, Dog Sitting & Training. Our reliable and professional staff makes sure your pup is happy and healthy so you can relax and focus on your busy day. We are fully licensed and insured and we can't wait to meet your pup!

DIG IN TO LEARN MORE
OUR OFFERINGS
FROM TONGUE TO TAIL
CONTACT US

Schedule your FREE CONSULTATION today!

GENERAL INQUIRIES

info@dogsoutsf.com
(415) 419-8777
FAX  (415) 358-5816
SMS TEXT  (415) 419-8777

LAUREN GOLDBOSS

lauren@dogsoutsf.com
(415) 706-2556﻿


Name
First Name
(required)
Last Name
(required)
Email
(required)
Are you a current client?
Yes
No
Subject
(required)
Message
(required)
SUBMIT
FOLLOW ALONG!
INSTAGRAM  |  FACEBOOK

Dog Walking
Dog Sitting
Training

About Us
FAQS
Events
COVID-19

CONTACT US"
Who Let the Dogs Out!,2026-09-23,4.3,4.3 stars,Dog walker,"5915 California St, San Francisco, CA 94121, United States",+1 415-419-8777,https://dogsoutsf.com/,"QGM9+HH Central Richmond, San Francisco, CA, USA",,added,False,False,lauren@dogsoutsf.com,"HOMEABOUTSERVICES
DOG WALKING
DOG SITTING
TRAINING + PUPPY PRESCHOOL
PAW PERK- CORP CANINES
JOBSFAQSCONTACT USHOLIDAY WALK SCHEDULE 2026
TEXT US
SAN FRANCISCO’S PREMIER PROVIDER FOR DOG WALKING, DOG SITTING & TRAINING.
ESTABLISHING A NEW STANDARD FOR DOG CARE
TEXT TO JOIN THE PACK!

WOOF & WELCOME

We are San Francisco's premiere provider for Dog Walking, Dog Sitting & Training. Our reliable and professional staff makes sure your pup is happy and healthy so you can relax and focus on your busy day. We are fully licensed and insured and we can't wait to meet your pup!

DIG IN TO LEARN MORE
OUR OFFERINGS
FROM TONGUE TO TAIL
CONTACT US

Schedule your FREE CONSULTATION today!

GENERAL INQUIRIES

info@dogsoutsf.com
(415) 419-8777
FAX  (415) 358-5816
SMS TEXT  (415) 419-8777

LAUREN GOLDBOSS

lauren@dogsoutsf.com
(415) 706-2556﻿


Name
First Name
(required)
Last Name
(required)
Email
(required)
Are you a current client?
Yes
No
Subject
(required)
Message
(required)
SUBMIT
FOLLOW ALONG!
INSTAGRAM  |  FACEBOOK

Dog Walking
Dog Sitting
Training

About Us
FAQS
Events
COVID-19

CONTACT US"
Village Pets & Supplies,2026-09-23,4.7,4.7 stars,Pet supply store,"1036 Hyde St, San Francisco, CA 94109, United States",+1 415-525-4757,https://www.ilovevp.com/,"QHRM+64 Nob Hill, San Francisco, CA, USA",,added,False,False,ilovevillagepets@yahoo.com,"Skip to content

	
Home
 
Brands We Carry
 
Pet Services
 
Curbside Pickup
 
Contact Us
	
Search
Log in
Cart
	
Bay Area's Trusted Pet Supply Store

For over 25 years, dog, cat, small animal, fish, reptile and bird owners have found their one stop shop for food, supplies, and so much more.  

	
So Fresh & So Clean...Try our Self-Serve Dog Wash!

For your convenience, our wash is open 7 days a week. First come, first serve.

 **In order for proper cleaning and disinfecting: last wash is at 5:30.

We provide everything you need to get your fur buddy squeaky clean. Elevated tubs, shampoos, dryers, deodorizing spritzes and even treats!  

 

 

WASH NOW
LOCATIONS
1036 Hyde Street
San Francisco, CA 94109
Tel: (415) 525-4757

Mon - Fri, 10am - 6:30pm
Saturday, 10am - 6:30pm
Sunday, 10am - 6:30pm

 GET DIRECTIONS
4263 Montgomery Dr.
Santa Rosa, CA 95405
Tel: (707) 539-7142

Mon - Fri, 10am - 6:30pm
Saturday, 10am - 6:30pm
Sunday, 10am - 6:30pm

 GET DIRECTIONS
1425 Fulton Road
Santa Rosa, CA 95403
Tel: (707) 544-7387

Mon - Fri, 10am - 6:30pm
Saturday, 10am - 6:30pm
Sunday, 10am - 6:30pm

 GET DIRECTIONS

We Tweet You Right! Find us on DoorDash, Uber Eats or In Store!

Great Selection, Friendly Service and a Knowledgeable staff.

Home

Home
Brands We Carry
Pet Services
Curbside Pickup
Contact Us

Policies

Privacy Policy
Refund Policy
Shipping Policy
Terms of Service
Facebook
Instagram
© 2026, Village Pets & Supplies , Powered By Hi Dev Mobile
Use left/right arrows to navigate the slideshow or swipe left/right if using a mobile device"
Bark Avenue,2026-09-23,5.0,5.0 stars,Dog day care center,"285 Berry St, San Francisco, CA 94158, United States",+1 415-954-2275,https://barkavesf.com/,"QJF3+MQ Mission Bay, San Francisco, CA, USA",,added,False,False,craig@barkavesf.com,"Mission Bay’s Boutique Doggie Daycare

Client Login

GET STARTED
Home
Why Bark Avenue?
Pricing
About
Contact Us
Dog Daycare, Walking and Boarding in Mission Bay, San Francisco
Let's get to know each other
	
Bark Avenue is a loving doggy day care in the Mission Bay neighborhood of San Francisco where dogs feel like they’re going to their favorite Aunties’ house.

Our thoughtful staff and well-planned day-long schedules create happy dogs for their happy clients who can enjoy their furry friends with absolutely ZERO worry about them while they’re in our care.

Let's get to know each other

Our pup Ollie attended Bark for a little over a year and it was nothing short of an amazing experience. The warmth, care, and knowledge of everyone that worked there was incredible and we knew our pup was in the best hands, which as protective dog moms was key!

Maria W.

Leo, my mutt, is always excited to go to “school” everyday, always eager to go through the door as we approach the facility. Bark Avenue posts updates everyday on Insta, and you can see how happy all the dogs are. Highly recommended.

TJ A.

Absolutely recommend Bark Ave! Our dog Maddie has been going to Bark Ave for 7 years since she was a 7 month old puppy! She has grown up there and all the staff always show her so much love and care. She gets so excited at every drop off.

Michelle M.
Six Reasons To Choose Bark Avenue
High Human to Dog Ratio

Dogs thrive with plenty of well-trained, loving human attention.

Indoor and Outdoor activities

Going outside and sniffing is so important for a balanced and peaceful dog.

Homey, cozy indoor space

Bark Avenue feels like you’re going to your friend’s house, not a warehouse.

Dog Safety & Positive Reinforcement Training

All staff are dog CPR and First Aid certified and positive reinforcement is the only training method we use.

Our Staff

Out of all the things that make Bark Avenue the best place, our staff is on the top of the list.

Our Special Location

We have lots of quiet, traffic-free areas to walk around Mission Creek and two enclosed dog parks all within walking distance of our facility.

Want a 360° tour of Bark Avenue? Click here!

Ready to send your dog off to their best day?
Let's get to know each other

 Monday through Fridays,  8am till 7pm. Early drop off available.  Closed weekends and major holidays.

 Click map for detailed directions.

Small Dogs

301 King Street
San Francisco, CA 94158
(On King Street between 4th and 5th Streets)

King St. Image Gallery

Big Dogs

Corner of Berry Street and 5th Street

Berry St. Image Gallery

Dog Walking Service Area

Proudly serving Mission Bay Dog Walking Clients


SMALL GROUPS

Max 4–5 dogs per walker


SF BASED

Local, trusted team


ALL-INCLUSIVE

Daycare includes 2–4 walks/day


FLEXIBLE PLANS

1–5 days/week options


MONTHLY SAVINGS

Membership discounts available

Daycare Pricing

2 DAYS / W E E K

$799

per month

~$95 / day

Includes 2–4 walks/day

3 DAYS / W E E K

$1,099

per month

~$87 / day

Includes 2–4 walks/day

4 DAYS / W E E K

$1,399

per month

~$83 / day

Includes 2–4 walks/day

5 DAYS / W E E K

$1,699

per month

~$81 / day

Includes 2–4 walks/day

Group Walk Memberships
PLAN	MONTHLY	PER WALK
1×/day, 2 days/wk	$349	~$40
1×/day, 3 days/wk	$479	~$37
1×/day, 5 days/wk	$699	~$33
2×/day, 5 days/wk	$1,299	~$31

60-minute group walks with 4–5 dogs. Best value for regular walkers!

À La Carte Walks
SERVICE	DETAILS	PRICE
Poop in a Group!	60 min, 2–5 dogs	$32–$38
Private Walk	30 min, private	Starts at $45
+ Extra Dog	Same household	+$15
Potty Walk	5–10 min, private	Starts at $30
+ Extra Dog	Same household	+$15

Private walk memberships available — inquire for monthly rates & discounts.

Daycare Requirements
About Us

Bark Avenue Methods & Philosophy

In interactions with our dogs, Bark Avenue employees use only positive reinforcement dog training methods, based on canine behavioral science. We use natural dog motivators like toys, treats, praise, and attention to elicit the desired behavior. Dogs are never subjected to punishment, threats, yelling, or aversive techniques involving leashes or collars.

Meet the Owner
Craig Cucinella

Owner
craig@barkavesf.com

Craig Cucinella is a lifelong animal lover and dog owner, with over 25 years working in hospitality, operations and management all over the country and world. He started working with dogs while growing up in the midwest as a dog walker and veterinary assistant – and for most of the last 20 years has been a regular with his own pups at the dog parks and grassy fields in the Mission Bay neighborhood.

 

Personalized care, positive reinforcement, and a playful and supportive environment are the focal points of what Bark Avenue is all about, and Craig is committed to continuing this philosophy and building on the sense of community the team and customers at Bark Avenue have created.
Claire
Handler
Button
Becca
Handler
Emma
Handler
Button
Estella
Manager

Certified in Dog Trainer Foundations – Karen Pryor Academy
Certified CATCH dog trainer

Diana
Manager

Certified in Dog Trainer Foundations – Karen Pryor Academy

Sandra
Assistant Manager
Lucas
Assistant Manager
Barbara
Sr. Handler
Gaby
Handler
Julissa
Sr. Handler
Princess
Handler
Chelsea
Handler
Lupe
Handler
Sarah
Handler
Button
Vilavanh
Handler
Button
Claire
Handler
Button
Becca
Handler
Emma
Handler
Button
Estella
Manager

Certified in Dog Trainer Foundations – Karen Pryor Academy
Certified CATCH dog trainer

Diana
Manager

Certified in Dog Trainer Foundations – Karen Pryor Academy

Sandra
Assistant Manager
Amanda Rotondo

Founder

Amanda Rotondo is the founder and former COO of Bark Avenue Doggy Day Care, a trusted cornerstone of San Francisco’s Mission Bay community for over 13 years. Built on a foundation of compassion, her love of dogs, and operational excellence, Bark Avenue became known for its personalized pet care, force-free training methods, and unwavering commitment to safety and service. With certifications in dog training and pet first aid, Amanda ensured all practices reflected evidence-based, humane standards. Beyond her hands-on care approach, she oversaw HR strategy, daily operations, and client relationships—establishing Bark Avenue as a leader in the competitive pet care industry. After selling the business in 2025, Amanda continues to champion ethical, innovative approaches to strengthening the human-animal bond.

We Know Dogs

Our team receives regular, ongoing training in dog behavior, safety, and low-stress handling. Many of our staff members are graduates of the dog*biz Dog Walking Academy, a professional program covering:

P
Pack Management
P
Dog Body Language
P
Advanced Recall Training
P
Safety & Fight Protocols
P
Polite Leash Behavior
P
Trail Etiquette
P
Best Business Practices
P
Canine First Aid & CPR

Your Dog’s Best Day

415-954-2275info@barkavesf.com"
Bark Avenue,2026-09-23,5.0,5.0 stars,Dog day care center,"285 Berry St, San Francisco, CA 94158, United States",+1 415-954-2275,https://barkavesf.com/,"QJF3+MQ Mission Bay, San Francisco, CA, USA",,added,False,False,info@barkavesf.com,"Mission Bay’s Boutique Doggie Daycare

Client Login

GET STARTED
Home
Why Bark Avenue?
Pricing
About
Contact Us
Dog Daycare, Walking and Boarding in Mission Bay, San Francisco
Let's get to know each other
	
Bark Avenue is a loving doggy day care in the Mission Bay neighborhood of San Francisco where dogs feel like they’re going to their favorite Aunties’ house.

Our thoughtful staff and well-planned day-long schedules create happy dogs for their happy clients who can enjoy their furry friends with absolutely ZERO worry about them while they’re in our care.

Let's get to know each other

Our pup Ollie attended Bark for a little over a year and it was nothing short of an amazing experience. The warmth, care, and knowledge of everyone that worked there was incredible and we knew our pup was in the best hands, which as protective dog moms was key!

Maria W.

Leo, my mutt, is always excited to go to “school” everyday, always eager to go through the door as we approach the facility. Bark Avenue posts updates everyday on Insta, and you can see how happy all the dogs are. Highly recommended.

TJ A.

Absolutely recommend Bark Ave! Our dog Maddie has been going to Bark Ave for 7 years since she was a 7 month old puppy! She has grown up there and all the staff always show her so much love and care. She gets so excited at every drop off.

Michelle M.
Six Reasons To Choose Bark Avenue
High Human to Dog Ratio

Dogs thrive with plenty of well-trained, loving human attention.

Indoor and Outdoor activities

Going outside and sniffing is so important for a balanced and peaceful dog.

Homey, cozy indoor space

Bark Avenue feels like you’re going to your friend’s house, not a warehouse.

Dog Safety & Positive Reinforcement Training

All staff are dog CPR and First Aid certified and positive reinforcement is the only training method we use.

Our Staff

Out of all the things that make Bark Avenue the best place, our staff is on the top of the list.

Our Special Location

We have lots of quiet, traffic-free areas to walk around Mission Creek and two enclosed dog parks all within walking distance of our facility.

Want a 360° tour of Bark Avenue? Click here!

Ready to send your dog off to their best day?
Let's get to know each other

 Monday through Fridays,  8am till 7pm. Early drop off available.  Closed weekends and major holidays.

 Click map for detailed directions.

Small Dogs

301 King Street
San Francisco, CA 94158
(On King Street between 4th and 5th Streets)

King St. Image Gallery

Big Dogs

Corner of Berry Street and 5th Street

Berry St. Image Gallery

Dog Walking Service Area

Proudly serving Mission Bay Dog Walking Clients


SMALL GROUPS

Max 4–5 dogs per walker


SF BASED

Local, trusted team


ALL-INCLUSIVE

Daycare includes 2–4 walks/day


FLEXIBLE PLANS

1–5 days/week options


MONTHLY SAVINGS

Membership discounts available

Daycare Pricing

2 DAYS / W E E K

$799

per month

~$95 / day

Includes 2–4 walks/day

3 DAYS / W E E K

$1,099

per month

~$87 / day

Includes 2–4 walks/day

4 DAYS / W E E K

$1,399

per month

~$83 / day

Includes 2–4 walks/day

5 DAYS / W E E K

$1,699

per month

~$81 / day

Includes 2–4 walks/day

Group Walk Memberships
PLAN	MONTHLY	PER WALK
1×/day, 2 days/wk	$349	~$40
1×/day, 3 days/wk	$479	~$37
1×/day, 5 days/wk	$699	~$33
2×/day, 5 days/wk	$1,299	~$31

60-minute group walks with 4–5 dogs. Best value for regular walkers!

À La Carte Walks
SERVICE	DETAILS	PRICE
Poop in a Group!	60 min, 2–5 dogs	$32–$38
Private Walk	30 min, private	Starts at $45
+ Extra Dog	Same household	+$15
Potty Walk	5–10 min, private	Starts at $30
+ Extra Dog	Same household	+$15

Private walk memberships available — inquire for monthly rates & discounts.

Daycare Requirements
About Us

Bark Avenue Methods & Philosophy

In interactions with our dogs, Bark Avenue employees use only positive reinforcement dog training methods, based on canine behavioral science. We use natural dog motivators like toys, treats, praise, and attention to elicit the desired behavior. Dogs are never subjected to punishment, threats, yelling, or aversive techniques involving leashes or collars.

Meet the Owner
Craig Cucinella

Owner
craig@barkavesf.com

Craig Cucinella is a lifelong animal lover and dog owner, with over 25 years working in hospitality, operations and management all over the country and world. He started working with dogs while growing up in the midwest as a dog walker and veterinary assistant – and for most of the last 20 years has been a regular with his own pups at the dog parks and grassy fields in the Mission Bay neighborhood.

 

Personalized care, positive reinforcement, and a playful and supportive environment are the focal points of what Bark Avenue is all about, and Craig is committed to continuing this philosophy and building on the sense of community the team and customers at Bark Avenue have created.
Claire
Handler
Button
Becca
Handler
Emma
Handler
Button
Estella
Manager

Certified in Dog Trainer Foundations – Karen Pryor Academy
Certified CATCH dog trainer

Diana
Manager

Certified in Dog Trainer Foundations – Karen Pryor Academy

Sandra
Assistant Manager
Lucas
Assistant Manager
Barbara
Sr. Handler
Gaby
Handler
Julissa
Sr. Handler
Princess
Handler
Chelsea
Handler
Lupe
Handler
Sarah
Handler
Button
Vilavanh
Handler
Button
Claire
Handler
Button
Becca
Handler
Emma
Handler
Button
Estella
Manager

Certified in Dog Trainer Foundations – Karen Pryor Academy
Certified CATCH dog trainer

Diana
Manager

Certified in Dog Trainer Foundations – Karen Pryor Academy

Sandra
Assistant Manager
Amanda Rotondo

Founder

Amanda Rotondo is the founder and former COO of Bark Avenue Doggy Day Care, a trusted cornerstone of San Francisco’s Mission Bay community for over 13 years. Built on a foundation of compassion, her love of dogs, and operational excellence, Bark Avenue became known for its personalized pet care, force-free training methods, and unwavering commitment to safety and service. With certifications in dog training and pet first aid, Amanda ensured all practices reflected evidence-based, humane standards. Beyond her hands-on care approach, she oversaw HR strategy, daily operations, and client relationships—establishing Bark Avenue as a leader in the competitive pet care industry. After selling the business in 2025, Amanda continues to champion ethical, innovative approaches to strengthening the human-animal bond.

We Know Dogs

Our team receives regular, ongoing training in dog behavior, safety, and low-stress handling. Many of our staff members are graduates of the dog*biz Dog Walking Academy, a professional program covering:

P
Pack Management
P
Dog Body Language
P
Advanced Recall Training
P
Safety & Fight Protocols
P
Polite Leash Behavior
P
Trail Etiquette
P
Best Business Practices
P
Canine First Aid & CPR

Your Dog’s Best Day

415-954-2275info@barkavesf.com"
Dan Perata Training,2026-09-23,4.6,4.6 stars,Dog trainer,"80 Elmira St, San Francisco, CA 94124, United States",+1 415-373-0889,http://www.danperata.com/,"PHPW+R8 Apparel City, San Francisco, CA, USA",,added,False,False,fetch@danperata.com,"Check out our early bird Holiday Special! Buy a weekend of boarding and get free late checkout, or buy boarding for a week and get a free night! Book by 9/30 to waive all holiday fees.
Skip to content
Home
About
Services
FAQ
Blog
Contact
FREE CONSULTATION
★
4.6 / 5 — 92 GOOGLE REVIEWS
★
4.6 / 5 — 402 YELP REVIEWS
San Francisco Dog Training,
The Dan Perata Way
35+ years of hands-on experience. One proven methodology.
Dan Perata has spent decades developing and refining his own approach to dog training, helping dogs and their people build better communication, stronger relationships, and lasting results.
JOIN OUR PACK
Proven Experience.
Real Results.
Our mission is to support you in having a life-long, well-adjusted, good natured canine companion at ease anywhere.
Years of Experience
0
+
SQ FT Training Facility
0
Dogs Trained
0
+
Love & Trust.
Healthy relationships between dogs and their owners begin with a focus on love and trust. Throughout our time as one of the Bay Area’s top-rated dog training facilities, we’ve helped thousands of owners build life-long relationships with their dogs. Fostering those relationships and imparting that knowledge onto owners and animals in our community has been our greatest reward.
BOOK FREE CONSULTATION
What Our Clients Say
Types of Dog Training in San Francisco
Your dog, no matter the age or level of training, is counting on you to be a calm and balanced decision maker, which is why our training program focuses on owners just as much as dogs. Every single program we create is specifically designed for your dog and your family, however big or small (yes, we’re thinking about you, single people). By having everyone in your home participate in the training, we can deliver lasting results. (Training the dogs is easy! Sometimes, training the humans is hard.)
BRAND NEW PUPPIES
POST-ADOLESCENT DOGS THAT HAVEN’T HAD MUCH, IF ANY TRAINING
DOGS WITH BEHAVIORAL ISSUES, FROM MILD TO SEVERE
State of the art San Francisco dog training facilities built for real-world results
Dan Perata Training is housed in a 12,000 square foot facility in southeast San Francisco. We have the space to accommodate any training our behavioral needs for your dog–and with plenty of parking for owners.

We are fully licensed and insured, and follow all policies as directed by the City of San Francisco and the State of California.

A clean, safe environment is the foundation for successful dog training. We take pride in our facility’s presentation and upkeep.
BOOK FREE CONSULTATION
ABOUT DAN PERATA
CO-FOUNDER, PRINCIPAL DOG TRAINER (RUNS THE DOGS)

Dan Perata is a San Francisco original, someone who has always bucked the traditional conventional wisdom. A third-generation native of the city, Dan has always had a natural rapport with all animals, and dogs in particular, and he’s been working with them since he was a teen. He’s been honing and perfecting his methods ever since, sometimes in the most fascinating of places.

BOOK FREE CONSULTATION
YOUR DOG IS COUNTING ON YOU.
Proven San Francisco Dog Training for Real Life
All relationships are a two-way street. To call Dan’s program simply “Dog Training” would be to forget that the owners are just as responsible for the growth and development of their dog. We will coach you to be the calm, balanced decision maker your dog needs you to be, whether you have a brand new puppy or an adult dog who needs to learn some new tricks.
BOOK FREE CONSULTATION
TRAIN WITH DAN PERATA
We can’t wait to hear from you. We work with clients to make sure our services are affordable so please feel free to message or call us and see how we can help on your journey to having a confident dog that is fully integrated with your family.
GET STARTED TODAY!

San Francisco Dog Training,
The Dan Perata Way
35+ years of hands-on experience. One proven methodology.

CONTACT US
80 Elmira St San Francisco, CA 94124 US
(415) 373-0889
fetch@danperata.com
HOURS
Monday - Friday
8:00 am – 7:00 pm
Saturday - Sunday
8:00 am – 1:00 pm
3:00 pm – 7:00 pm
Connect
Facebook
 
Instagram
 
Yelp
Client Login
LOG IN
© 2026 Dan Perata Training | All Rights Reserved | Powered by: Barketing Solutions
Stay in the loop

Email Address(Required)
Submit"
Noe Valley Pet Company,2026-09-23,4.8,4.8 stars,Pet supply store,"1451 Church St, San Francisco, CA 94131, United States",+1 415-282-7385,http://www.noevalleypet.com/,"PHXF+27 Noe Valley, San Francisco, CA, USA",,added,False,False,noevalleypetco@gmail.com,"Skip to Main Content

ABOUT US

FOR DOGS

FOR CATS

Provisions for Cats and Dogs

NOE VALLEY PET COMPANY

For over 25 years, Noe Valley Pet Company has given San Francisco’s dogs, cats, and their owners something to celebrate.

Store Hours

In-store shopping, 7 days a week:
Mon – Fri: 10AM – 7PM

Saturday: 10AM-6PM

Sunday: 10AM – 5PM​

Closed on Labor Day

Monday 9/7/2026 

​

 

​

Adoption Discount

Get 20% off if you’ve recently adopted a pet from a shelter. Make sure to bring your paperwork!

Pickup Available

Contact us as needed:

(415) 282-7385

noevalleypetco@gmail.com

“We’re so lucky that this is our neighborhood pet store! The staff is super friendly and gives excellent advice when asked. Our dog LOVES to go in there, and is always so disappointed when they're closed.”
SUSAN C., Customer
As you explore this site, you will notice there is no e-commerce.

That’s because we want you to come in and talk to us in person about kibble verses the raw meat diet, let your dog squeeze a plush toy or roll in a comfy bed. While you’re at it you might want to grab a catnip cigar for your cat “to go.” See you in the shop! 

Read more about us >

For updates (and adorable pets), follow us on Instagram: @noevalleypet

VISIT US

Mon – Fri: 10AM – 7PM

Saturday:  10AM - 6PM

Sunday: 10AM – 5PM

Closed on Labor Day

Monday 9/7/2026 

1451 Church Street, San Francisco

 

​

CONTACT US

noevalleypetco@gmail.com

(415) 282-7385

​

© 2020 Noe Valley Pet Company"
Dogpile Dogs,2026-09-23,4.8,4.8 stars,Dog day care center,"1338 Illinois St, San Francisco, CA 94107, United States",+1 415-826-3647,https://www.dogpiledogssf.com/,"QJ47+23 Central Waterfront, San Francisco, CA, USA",,added,False,False,dogpiledogs2018@icloud.com,"Skip to Content
About us -
What we do -
Enrollment -
Hours/Pricing -
Gallery -
Concerns -
FAQs -
Contact -

Enrollment is currently closed until further notice. Thank you.

Where dogs can be dogs!

An off leash, crate free community featuring spacious indoor and outdoor play areas outfitted with obstacles and day beds. Give your pup the socialization and exercise they crave with both individual and group play! Offering daily, monthly and long term care for your family member by ours - family owned & operated with 24/7 on-site care tailored to each dog’s size and personality.

Learn More
Improve your dogs overall well being.

Both mentally and physically. Allow them to develop true friendships and run their heart out! Plus, who doesn’t love a tired cuddly pup at night?

Concerns?
Why daycare / boarding?

High energy

Under socialized

Anxious when alone

Extra care for your new puppy

Destructive at home

In need of some TLC or a vacation

Or maybe you just want the absolute most for your loved ones

Lets get started!

“I have a steady routine.  Wake up, play play PLAY,  rest, play play PLAY,  bedtime.”

                      -Yuri the dog.

Meet your new best friends!

There’s no commitment, or obligation. Just fun.

Check us out on INSTAGRAM!﻿

 

Welcome to the family!

About us    What we do    Enrollment    Hours/Pricing    Gallery

Concerns    FAQs    Contact"
Petco,2026-09-23,4.3,4.3 stars,Pet store,"1591 Sloat Blvd, San Francisco, CA 94132, United States",+1 415-665-3700,https://stores.petco.com/ca/san-francisco/pet-supplies-sanfrancisco-ca-308.html?utm_source=google&utm_campaign=locallist_308_pcc,"PGM5+FF Lakeshore, San Francisco, CA, USA",,added,False,False,,"Buy 3+ Cat Treats, Get 20% OFF

*Exclusions
Apply

Search...
Account
Your store:
Delivering to:
Petco Perks
Services
Deals
Pet Store/
CA/
San Francisco/
1591 Sloat Blvd
Pet Store
Dog Grooming
Vaccination Clinic
Dog Training
Aquatics Department
Petco Pet Store in San Francisco
(415) 665-3700
1591 Sloat Blvd
San Francisco CA, 94132
Get Directions
Store Hours
Open Now - Closes at 9:00 PM
Sunday
9:00 AM - 8:00 PM
Monday
9:00 AM - 9:00 PM
Tuesday
9:00 AM - 9:00 PM
Wednesday
9:00 AM - 9:00 PM
Thursday
9:00 AM - 9:00 PM
Friday
8:30 AM - 9:30 PM
Saturday
8:30 AM - 9:30 PM
Store Events
Monthly Offers
Store: 308
Our Services
Dog Grooming
Opens at 8:00 AM
Book Now
Learn More
Vaccination Clinic
Opens at 9:00 AM
Book Now
Learn More
Dog Training
Opens at 9:00 AM
Book Now
Learn More
Aquatics Department
Opens at 9:00 AM
Learn More
Shop Petcoween
Dog Costumes
Cat Costumes
Small Pet & Reptile Costumes
Wigs & Accessories
Shop by Pet Category
Dog
Cat
Fish
Small Pet
Reptile
Bird
Dog Food
Dog Toys
Dog Treats
Dog Beds
Dog Flea & Tick
Shop All Dog
Sponsored
Welcome to your Petco in San Francisco, CA
Petco pet store in San Francisco offers supplies for pets along with services including Full-Service Grooming, Dog Training, Vaccination Clinic, Aquatics Department, making it easy for local pet parents to shop and access care in one place. This location brings together everyday pet supplies, nutrition and trusted services supported by knowledgeable partners who help guide product and service decisions. Petco in San Francisco provides a convenient and welcoming space designed to support pets and the people who care for them.
Shop Now
Frequently Asked Questions
Does Petco San Francisco offer curbside pickup?
How much are hamsters and guinea pigs at San Francisco Petco?
Does Petco San Francisco sell dogs?
Do you offer pet grooming services?
Do you offer dog training classes?
Petco Pet Store in San Francisco, CA Reviews
What Customers Say

Helpful Staff

Many reviews highlight the friendly and knowledgeable staff at this location, with customers appreciating their willingness to assist and provide recommendations for pet products.

Good Selection

The store offers a wide variety of pet supplies, including food, toys, and grooming products, which many customers find convenient and satisfactory.

Positive Experiences

Numerous customers report positive experiences with services such as grooming and pet vaccinations, noting the care and attention their pets received.

Service Issues

Some customers have expressed frustration with service inconsistencies, including incorrect inventory, long wait times, and issues with grooming services, indicating that these problems may affect overall satisfaction.

Summarized with AI

Download our App
Featured Posts
Food & Nutrition
Vet-Recommended Dog Food for Allergies: Top Ingredients to Look For
Suspect dog food allergies cause GI issues? Discover common symptoms like vomiting/diarrhea. Get expert Petco guidance to understand and relieve your dog's discomfort.
Updated on July 17th, 2026
Product Guides
New to the Petco Family? What to Expect from Vet Visit to Product in Hand
Give your new pet the best life! Find expert veterinary advice, products, and helpful services at your local Petco or order online.
Updated on July 16th, 2026
Seasonal Topics
Caring for Your Pet Bird During a Power Outage
Learn more about beachcombing tips with your water-friendly dog to understand how to get most out of your dog’s day at the beach.
Updated on July 16th, 2026
Seasonal Topics
How to Keep Your Reptile Warm During a Power Outage
Learn some tips and strategies that can be used to get your pet reptiles safely through a power outage regardless of the time of year.
Updated on July 16th, 2026
Product Guides
Best Small Fish for Small Tanks | Nano Aquarium Guide
Small, AKA “Nano” tanks have grown in popularity over the past couple years and continue to gain momentum. Find out if a mini aquarium is right for you.
Updated on July 16th, 2026
New Pet
How to Stop Cats from Scratching Furniture
Unwanted scratching can become a nuance, but your cat's scratching is a completely normal behavior. Learn how to stop cats from scratching places you don't want them to - like your beloved reading chair.
Updated on July 16th, 2026
Sponsored
Customer Care
Returns
Shipping Info
Order Lookup
Recalls & Advisories
Store Locator
Help
Contact Us
Website Accessibility Policy
Services
Petco Perks
Dog Grooming
Petco Pay Credit Card
Self-Serve Dog Wash
Positive Dog Training
Veterinary Services
Petco Insurance
Pet Adoption
Autoship
Pet Education Center
Pet Care Sheets
Product Collections
Pets in the Classroom
Corporate
Careers
About Us
Code of Ethics
Event Sponsorships
Vendors
Affiliate Program
Petco Love
Gift Cards
Coupons and Promos
Investors
Sustainability
Advertise with Us
Keep In Touch
Email Address*

By signing up, you consent to receive updates, special offers, program communications and other information via email from Petco.




*Providing your email address means you agree to Petco's Terms of Use and have read our Financial Incentive Terms and Privacy Policy

Download Our App
Terms of UsePrivacy PolicySite MapWebsite Accessibility Policy

©2026 Petco Animal Supplies, Inc. All rights reserved.

Petco Animal Supplies, Inc.® is not an insurer and is not engaged in the business of insurance. PetCoach, LLC is a licensed insurance producer, not an insurer, and a wholly owned subsidiary of Petco Animal Supplies, Inc. The Petco name is used for the brand name. In California, PetCoach, LLC does business as PetCoach Insurance Solutions Agency (CA License No. 0M10414).

Pet insurance plans are marketed and offered by PetCoach, LLC. Pet Insurance plans are underwritten in all states except California by National Casualty Company (NAIC #11991, Columbus, OH), and in California by Veterinary Pet Insurance Company (NAIC #42285, Columbus, OH), both insurers are subsidiaries of Nationwide Mutual Insurance Company. Prior to October 23, 2023, pet insurance policies were underwritten by United States Fire Insurance Company (NAIC #21113. Morristown, NJ).

Pre-existing conditions are not covered. Waiting periods, annual deductible, co-insurance, benefit limits and exclusions may apply. Click here for all terms and conditions. Products, schedules, discounts, and rates may vary and are subject to change. More information available at checkout. Enroll at petco.com/petco-insurance."
Cal's Pet Supply,2026-09-23,4.7,4.7 stars,Pet supply store,"5950 California St, San Francisco, CA 94121, United States",+1 415-386-1720,http://www.calspetsupply.com/,"QGM9+M8 Lake Street, San Francisco, CA, USA",,added,False,False,,
SF Puppy Prep,2026-09-23,4.7,4.7 stars,Dog trainer,"251 6th St, San Francisco, CA 94103, United States",+1 415-618-0828,http://www.sfpuppyprep.com/,"QHHV+PG SoMa, San Francisco, CA, USA",,added,False,False,info@sfpuppyprep.com,
George,2026-09-23,4.6,4.6 stars,Pet supply store,"2512 Sacramento St, San Francisco, CA 94115, United States",+1 415-441-0564,http://georgesf.com/,"QHQ8+X5 Pacific Heights, San Francisco, CA, USA",,added,False,False,georgeoffice1824@gmail.com,"GEORGE
Search for:
HOME DOGS CATS OUR SHOPS OUR STORY CONTACT US PET GALLERY   
INSTAGRAM
Grab your friend and get outta town… we’ve got che
In honor of all the dog moms and mama dogs out the
From all of us at GEORGE ( including our giant 🐶 m
Our shop at the Marin Country Mart is happy to be
Come play with kitties this sunday at our SF shop
As spooky season draws to a close, let’s keep our
Mosey on down to one of our shops today for some l
May 19, 1987–the day little George Lambert Wise ca
16 new posts loaded
LOAD MORE
  Follow on Instagram

High-quality, thoughtfully designed pet products for dogs & cats. Made in San Francisco.

CONTACT US

DOGS
Adjacent Merch
Beds
Bowls
Coats & Sweaters
Collars
Feeding Mats
Grooming
Harnesses
ID Tags
Leads
Quilts
Stationery
Toys
Treats
CATS
Beds
Bowls
Collars
ID Tags
Toys
Treats
ABOUT US
Our Story
Our Shops
Pet Gallery
Contact Us
Gift Cards
CUSTOMER CARE
Shipping
Measurements
Privacy Policy
Terms & Conditions
© 2026 GEORGE. All Rights Reserved.
Website › InterfaceEngineer.com"
George,2026-09-23,4.6,4.6 stars,Pet supply store,"2512 Sacramento St, San Francisco, CA 94115, United States",+1 415-441-0564,http://georgesf.com/,"QHQ8+X5 Pacific Heights, San Francisco, CA, USA",,added,False,False,sales@georgesf.com,"GEORGE
Search for:
HOME DOGS CATS OUR SHOPS OUR STORY CONTACT US PET GALLERY   
INSTAGRAM
Grab your friend and get outta town… we’ve got che
In honor of all the dog moms and mama dogs out the
From all of us at GEORGE ( including our giant 🐶 m
Our shop at the Marin Country Mart is happy to be
Come play with kitties this sunday at our SF shop
As spooky season draws to a close, let’s keep our
Mosey on down to one of our shops today for some l
May 19, 1987–the day little George Lambert Wise ca
16 new posts loaded
LOAD MORE
  Follow on Instagram

High-quality, thoughtfully designed pet products for dogs & cats. Made in San Francisco.

CONTACT US

DOGS
Adjacent Merch
Beds
Bowls
Coats & Sweaters
Collars
Feeding Mats
Grooming
Harnesses
ID Tags
Leads
Quilts
Stationery
Toys
Treats
CATS
Beds
Bowls
Collars
ID Tags
Toys
Treats
ABOUT US
Our Story
Our Shops
Pet Gallery
Contact Us
Gift Cards
CUSTOMER CARE
Shipping
Measurements
Privacy Policy
Terms & Conditions
© 2026 GEORGE. All Rights Reserved.
Website › InterfaceEngineer.com"
Top Dog SF,2026-09-23,4.9,4.9 stars,Dog trainer,"2121 Taraval St, San Francisco, CA 94116, United States",+1 628-285-3700,https://topdogsf.com/,"PGR6+WC Parkside, San Francisco, CA, USA",,added,False,False,info@topdogsf.com,"Client Login

Next session starts on Oct 17, 2026

Puppy Preschool 101 & Kindergarten 201 — Week 1: Humans Only (no puppies)

23
D
:
09
H
:
00
M
:
44
S
23 days, 9 hours, 0 minutes, 44 seconds remaining.
View classes
Helping San Francisco Dogs Thrive
Training, Care & Adventure
SERVING SF & THE BAY AREA
SINCE 2004

NEXT AVAILABLE CLASSES

Spots filling up

Puppy Socials

Sat 10:00 AM
·
Every Week

$35 per session

Enrolling now

Puppy Preschool 101

Sat 9:00 AM
·
Oct 17 – Nov 14, 2026
Wed 6:00 PM
·
Oct 21 – Nov 18, 2026

5-week series · Week 1 Humans Only (no puppies)

Enrolling now

Puppy Kindergarten 201

Sat 11:00 AM
·
Oct 17 – Nov 14, 2026
Wed 7:00 PM
·
Oct 21 – Nov 18, 2026

5-week series · Week 1 Humans Only (no puppies)

🐾 Get Started
Trusted Since 2004

San Francisco's most trusted dog training experts

★
★
★
★
★

4.9

Google Reviews

Read reviews

0+

Years Experience

0%

Fully Insured

Certified Excellence

• Small & Large Breed Specialist

Expert care for all sizes

• CPR Pet Certified

Safety first

• Small Breed Experts

Specialized care

• Private Ranch Access

Off-leash paradise

• Positive Reinforcement

Kind & effective

• City Living Expertise

SF specialists

• Business Coaching

Professional development

• Top Dog SF Dog Walker Certified Staff

In-house trained & certified

• Certified Professional Trainers

Accredited expertise

4.9
(200+ reviews)
See what real dog owners are saying

""Top Dog SF has been absolutely amazing! The staff is professional, caring, and always keeps me updated.""

— Sarah M., Golden Retriever owner

""Best decision we made! He gets exercise, training, and socialization all in one.""

— Michael T., Aussie Mix owner
Dog Training, Puppy Classes & Dog Daycare in San Francisco

Top Dog SF has provided dog training in San Francisco since 2004. Our CPDT-KA certified, reward-based trainers offer puppy training in San Francisco, small dog daycare in San Francisco, off-leash ranch adventures in the Bay Area, and in-home dog training across every SF neighborhood.

Puppy Training San Francisco

Puppy Preschool 101 (Puppy Kindergarten) & Kindergarten 201 group classes plus 1:1 Puppy Head Start.

Dog Daycare San Francisco

Small dog daycare (under 25 lbs) in the Sunset — supervised socialization, enrichment, and rest.

Off-Leash Dog Ranch, Bay Area

Adventure Outings at our private off-leash dog ranch — a safer alternative to crowded off-leash dog parks.

Private Dog Trainer SF

In-home, force-free, reward-based dog training with CPDT-KA certified trainers.

Group Dog Training Classes SF

AKC Canine Good Citizen prep, puppy socials, and drop-in sessions in San Francisco.

Serving All SF Neighborhoods

Sunset, Richmond, Mission, Marina, Noe Valley, Pacific Heights, SoMa & more.

GET IN TOUCH
Loading…
FIND YOUR PERFECT PROGRAM
Loading…
OUR SERVICES
Loading…
CLASS SCHEDULE
Loading…
SERVICE AREA
Dog training & daycare in your San Francisco neighborhood

From Outer Sunset to Pacific Heights, we serve every SF neighborhood with door-to-door pickup and in-home sessions. Explore local pricing and FAQs:

OUTER SUNSET, SF
Dog Training in Outer Sunset

Ocean Beach dogs, Sunset fog, and one of the best surf-town dog cultures in California.

INNER SUNSET, SF
Dog Training in Inner Sunset

Foggy mornings, Golden Gate Park out your front door, and a serious dog community.

RICHMOND DISTRICT, SF
Dog Training in Richmond District

Golden Gate Park to the south, Lands End to the west, and quiet residential streets in between.

NOE VALLEY, SF
Dog Training in Noe Valley

Family-friendly, dog-obsessed, and one of the most walkable corners of San Francisco.

PACIFIC HEIGHTS, SF
Dog Training in Pacific Heights

Big views, big dogs, big expectations — and we love that about this neighborhood.

Loading…
REVIEWS
Loading…
JOIN OUR TEAM
Loading…
Loading…
FOLLOW US
Loading…
VIDEOS
Loading…
Loading…

Premium Care & Training for Urban Dogs, plus our Signature Off-Leash Ranch Experience since 2004.

Y
QUICK LINKS
About Us
Services & Pricing
Contact Us
FAQ
Careers
Blog
Gallery
Local SF Partners
Press & Media
Connect an AI Assistant
SERVICES
Puppy Head Start
PlayCare
Adventure Outings
Private Training
Puppy Socials
Group Training Classes
CONTACT
2121 Taraval St.
San Francisco, CA 94116
(628) 285-3700
info@topdogsf.com

PlayCare: 7:30am – 6pm

Office: 8:30am – 5:30pm

Mon–Fri (excluding holidays)

DOG TRAINING & DAYCARE BY SAN FRANCISCO NEIGHBORHOOD
Dog Training Noe Valley
Dog Daycare Noe Valley
Dog Training Pacific Heights
Dog Daycare Pacific Heights
Dog Training Cole Valley
Dog Daycare Cole Valley
Dog Training Inner Sunset
Dog Daycare Inner Sunset
Dog Training Castro
Dog Daycare Castro
Dog Training Bernal Heights
Dog Daycare Bernal Heights
Dog Training Mission District
Dog Daycare Mission District
Dog Training Marina
Dog Daycare Marina
Dog Training Cow Hollow
Dog Daycare Cow Hollow
Dog Training Hayes Valley
Dog Daycare Hayes Valley
Dog Training Richmond District
Dog Daycare Richmond District
Dog Training Outer Sunset
Dog Daycare Outer Sunset
Dog Training Potrero Hill
Dog Daycare Potrero Hill
Dog Training Glen Park
Dog Daycare Glen Park
Dog Training Russian Hill
Dog Daycare Russian Hill
Dog Training Dogpatch
Dog Daycare Dogpatch

© 2026 TopDog SF. All rights reserved.

Privacy Policy
Terms of Service
Do Not Sell My Info
Chat with us!"
