Name,Date,Rating,Total Reviews,Category,Address,Phone,Website,Plus Code,Hours,Status,Offer,Bad Website,email
petbar Boutique - Fort Lauderdale,2026-09-13,4.9,4.9 stars,Pet groomer,"1579 N Federal Hwy, Fort Lauderdale, FL 33304, United States",+1 954-533-1150,https://www.petbarinc.com/locations/fort-lauderdale/,"4VXH+6R Fort Lauderdale, Florida, USA",,added,False,False,ftlauderdale@petbarboutique.com
petbar Boutique - Fort Lauderdale,2026-09-13,4.9,4.9 stars,Pet groomer,"1579 N Federal Hwy, Fort Lauderdale, FL 33304, United States",+1 954-533-1150,https://www.petbarinc.com/locations/fort-lauderdale/,"4VXH+6R Fort Lauderdale, Florida, USA",,added,False,False,ian@idigitalstrategies.com
petbar Boutique - Fort Lauderdale,2026-09-13,4.9,4.9 stars,Pet groomer,"1579 N Federal Hwy, Fort Lauderdale, FL 33304, United States",+1 954-533-1150,https://www.petbarinc.com/locations/fort-lauderdale/,"4VXH+6R Fort Lauderdale, Florida, USA",,added,False,False,info@petbarinc.com
Shampooch Dog Wash & Grooming,2026-09-13,4.9,4.9 stars,Pet groomer,"819 N Federal Hwy, Fort Lauderdale, FL 33304, United States",+1 954-324-7273,http://www.shampoochftl.com/?utm_source=google&utm_medium=wix_google_business_profile&utm_campaign=15755432531667482885,"4VM6+MV Fort Lauderdale, Florida, USA",,added,False,False,info@shampoochftl.com
Happy Paws Mobile Grooming,2026-09-13,4.9,4.9 stars,Pet groomer,"2018 NE 15th St, Fort Lauderdale, FL 33304, United States",+1 954-643-2440,https://www.happypawsgrooming21.com/,"4VWJ+G8 Fort Lauderdale, Florida, USA",,added,False,False,
Woof Gang Bakery & Grooming Fort Lauderdale,2026-09-13,4.6,4.6 stars,Pet groomer,"2394 N Federal Hwy, Fort Lauderdale, FL 33305, United States",+1 954-368-8820,https://www.woofgangbakery.com/balharboursq?utm_source=google&utm_medium=gmb,"5V4M+67 Fort Lauderdale, Florida, USA",,added,False,False,alamoheights@woofgangbakery.com
Woof Gang Bakery & Grooming Fort Lauderdale,2026-09-13,4.6,4.6 stars,Pet groomer,"2394 N Federal Hwy, Fort Lauderdale, FL 33305, United States",+1 954-368-8820,https://www.woofgangbakery.com/balharboursq?utm_source=google&utm_medium=gmb,"5V4M+67 Fort Lauderdale, Florida, USA",,added,False,False,albuquerque@woofgangbakery.com
Woof Gang Bakery & Grooming Fort Lauderdale,2026-09-13,4.6,4.6 stars,Pet groomer,"2394 N Federal Hwy, Fort Lauderdale, FL 33305, United States",+1 954-368-8820,https://www.woofgangbakery.com/balharboursq?utm_source=google&utm_medium=gmb,"5V4M+67 Fort Lauderdale, Florida, USA",,added,False,False,amarillotx@woofgangbakery.com
Woof Gang Bakery & Grooming Fort Lauderdale,2026-09-13,4.6,4.6 stars,Pet groomer,"2394 N Federal Hwy, Fort Lauderdale, FL 33305, United States",+1 954-368-8820,https://www.woofgangbakery.com/balharboursq?utm_source=google&utm_medium=gmb,"5V4M+67 Fort Lauderdale, Florida, USA",,added,False,False,andersonoh@woofgangbakery.com
Woof Gang Bakery & Grooming Fort Lauderdale,2026-09-13,4.6,4.6 stars,Pet groomer,"2394 N Federal Hwy, Fort Lauderdale, FL 33305, United States",+1 954-368-8820,https://www.woofgangbakery.com/balharboursq?utm_source=google&utm_medium=gmb,"5V4M+67 Fort Lauderdale, Florida, USA",,added,False,False,annarbormi@woofgangbakery.com
Woof Gang Bakery & Grooming Fort Lauderdale,2026-09-13,4.6,4.6 stars,Pet groomer,"2394 N Federal Hwy, Fort Lauderdale, FL 33305, United States",+1 954-368-8820,https://www.woofgangbakery.com/balharboursq?utm_source=google&utm_medium=gmb,"5V4M+67 Fort Lauderdale, Florida, USA",,added,False,False,apex@woofgangbakery.com
Woof Gang Bakery & Grooming Fort Lauderdale,2026-09-13,4.6,4.6 stars,Pet groomer,"2394 N Federal Hwy, Fort Lauderdale, FL 33305, United States",+1 954-368-8820,https://www.woofgangbakery.com/balharboursq?utm_source=google&utm_medium=gmb,"5V4M+67 Fort Lauderdale, Florida, USA",,added,False,False,apollobeachfl@woofgangbakery.com
Woof Gang Bakery & Grooming Fort Lauderdale,2026-09-13,4.6,4.6 stars,Pet groomer,"2394 N Federal Hwy, Fort Lauderdale, FL 33305, United States",+1 954-368-8820,https://www.woofgangbakery.com/balharboursq?utm_source=google&utm_medium=gmb,"5V4M+67 Fort Lauderdale, Florida, USA",,added,False,False,apopka@woofgangbakery.com
Woof Gang Bakery & Grooming Fort Lauderdale,2026-09-13,4.6,4.6 stars,Pet groomer,"2394 N Federal Hwy, Fort Lauderdale, FL 33305, United States",+1 954-368-8820,https://www.woofgangbakery.com/balharboursq?utm_source=google&utm_medium=gmb,"5V4M+67 Fort Lauderdale, Florida, USA",,added,False,False,arlington@woofgangbakery.com
Woof Gang Bakery & Grooming Fort Lauderdale,2026-09-13,4.6,4.6 stars,Pet groomer,"2394 N Federal Hwy, Fort Lauderdale, FL 33305, United States",+1 954-368-8820,https://www.woofgangbakery.com/balharboursq?utm_source=google&utm_medium=gmb,"5V4M+67 Fort Lauderdale, Florida, USA",,added,False,False,asheville@woofgangbakery.com
Woof Gang Bakery & Grooming Fort Lauderdale,2026-09-13,4.6,4.6 stars,Pet groomer,"2394 N Federal Hwy, Fort Lauderdale, FL 33305, United States",+1 954-368-8820,https://www.woofgangbakery.com/balharboursq?utm_source=google&utm_medium=gmb,"5V4M+67 Fort Lauderdale, Florida, USA",,added,False,False,ashleyparkga@woofgangbakery.com
Woof Gang Bakery & Grooming Fort Lauderdale,2026-09-13,4.6,4.6 stars,Pet groomer,"2394 N Federal Hwy, Fort Lauderdale, FL 33305, United States",+1 954-368-8820,https://www.woofgangbakery.com/balharboursq?utm_source=google&utm_medium=gmb,"5V4M+67 Fort Lauderdale, Florida, USA",,added,False,False,augusta@woofgangbakery.com
Woof Gang Bakery & Grooming Fort Lauderdale,2026-09-13,4.6,4.6 stars,Pet groomer,"2394 N Federal Hwy, Fort Lauderdale, FL 33305, United States",+1 954-368-8820,https://www.woofgangbakery.com/balharboursq?utm_source=google&utm_medium=gmb,"5V4M+67 Fort Lauderdale, Florida, USA",,added,False,False,austin@woofgangbakery.com
Woof Gang Bakery & Grooming Fort Lauderdale,2026-09-13,4.6,4.6 stars,Pet groomer,"2394 N Federal Hwy, Fort Lauderdale, FL 33305, United States",+1 954-368-8820,https://www.woofgangbakery.com/balharboursq?utm_source=google&utm_medium=gmb,"5V4M+67 Fort Lauderdale, Florida, USA",,added,False,False,avalonparkfl@woofgangbakery.com
Woof Gang Bakery & Grooming Fort Lauderdale,2026-09-13,4.6,4.6 stars,Pet groomer,"2394 N Federal Hwy, Fort Lauderdale, FL 33305, United States",+1 954-368-8820,https://www.woofgangbakery.com/balharboursq?utm_source=google&utm_medium=gmb,"5V4M+67 Fort Lauderdale, Florida, USA",,added,False,False,aventura@woofgangbakery.com
Woof Gang Bakery & Grooming Fort Lauderdale,2026-09-13,4.6,4.6 stars,Pet groomer,"2394 N Federal Hwy, Fort Lauderdale, FL 33305, United States",+1 954-368-8820,https://www.woofgangbakery.com/balharboursq?utm_source=google&utm_medium=gmb,"5V4M+67 Fort Lauderdale, Florida, USA",,added,False,False,avondale@woofgangbakery.com
Woof Gang Bakery & Grooming Fort Lauderdale,2026-09-13,4.6,4.6 stars,Pet groomer,"2394 N Federal Hwy, Fort Lauderdale, FL 33305, United States",+1 954-368-8820,https://www.woofgangbakery.com/balharboursq?utm_source=google&utm_medium=gmb,"5V4M+67 Fort Lauderdale, Florida, USA",,added,False,False,ballantynenc@woofgangbakery.com
Woof Gang Bakery & Grooming Fort Lauderdale,2026-09-13,4.6,4.6 stars,Pet groomer,"2394 N Federal Hwy, Fort Lauderdale, FL 33305, United States",+1 954-368-8820,https://www.woofgangbakery.com/balharboursq?utm_source=google&utm_medium=gmb,"5V4M+67 Fort Lauderdale, Florida, USA",,added,False,False,bannermanvillagefl@woofgangbakery.com
Woof Gang Bakery & Grooming Fort Lauderdale,2026-09-13,4.6,4.6 stars,Pet groomer,"2394 N Federal Hwy, Fort Lauderdale, FL 33305, United States",+1 954-368-8820,https://www.woofgangbakery.com/balharboursq?utm_source=google&utm_medium=gmb,"5V4M+67 Fort Lauderdale, Florida, USA",,added,False,False,beavertonor@woofgangbakery.com
Woof Gang Bakery & Grooming Fort Lauderdale,2026-09-13,4.6,4.6 stars,Pet groomer,"2394 N Federal Hwy, Fort Lauderdale, FL 33305, United States",+1 954-368-8820,https://www.woofgangbakery.com/balharboursq?utm_source=google&utm_medium=gmb,"5V4M+67 Fort Lauderdale, Florida, USA",,added,False,False,belleairbluffsfl@woofgangbakery.com
Woof Gang Bakery & Grooming Fort Lauderdale,2026-09-13,4.6,4.6 stars,Pet groomer,"2394 N Federal Hwy, Fort Lauderdale, FL 33305, United States",+1 954-368-8820,https://www.woofgangbakery.com/balharboursq?utm_source=google&utm_medium=gmb,"5V4M+67 Fort Lauderdale, Florida, USA",,added,False,False,bellevuetn@woofgangbakery.com
Woof Gang Bakery & Grooming Fort Lauderdale,2026-09-13,4.6,4.6 stars,Pet groomer,"2394 N Federal Hwy, Fort Lauderdale, FL 33305, United States",+1 954-368-8820,https://www.woofgangbakery.com/balharboursq?utm_source=google&utm_medium=gmb,"5V4M+67 Fort Lauderdale, Florida, USA",,added,False,False,belmontchaseva@woofgangbakery.com
Woof Gang Bakery & Grooming Fort Lauderdale,2026-09-13,4.6,4.6 stars,Pet groomer,"2394 N Federal Hwy, Fort Lauderdale, FL 33305, United States",+1 954-368-8820,https://www.woofgangbakery.com/balharboursq?utm_source=google&utm_medium=gmb,"5V4M+67 Fort Lauderdale, Florida, USA",,added,False,False,belmontshoreca@woofgangbakery.com
Woof Gang Bakery & Grooming Fort Lauderdale,2026-09-13,4.6,4.6 stars,Pet groomer,"2394 N Federal Hwy, Fort Lauderdale, FL 33305, United States",+1 954-368-8820,https://www.woofgangbakery.com/balharboursq?utm_source=google&utm_medium=gmb,"5V4M+67 Fort Lauderdale, Florida, USA",,added,False,False,beltlinega@woofgangbakery.com
Woof Gang Bakery & Grooming Fort Lauderdale,2026-09-13,4.6,4.6 stars,Pet groomer,"2394 N Federal Hwy, Fort Lauderdale, FL 33305, United States",+1 954-368-8820,https://www.woofgangbakery.com/balharboursq?utm_source=google&utm_medium=gmb,"5V4M+67 Fort Lauderdale, Florida, USA",,added,False,False,bethanyor@woofgangbakery.com
Woof Gang Bakery & Grooming Fort Lauderdale,2026-09-13,4.6,4.6 stars,Pet groomer,"2394 N Federal Hwy, Fort Lauderdale, FL 33305, United States",+1 954-368-8820,https://www.woofgangbakery.com/balharboursq?utm_source=google&utm_medium=gmb,"5V4M+67 Fort Lauderdale, Florida, USA",,added,False,False,bexleyfl@woofgangbakery.com
Woof Gang Bakery & Grooming Fort Lauderdale,2026-09-13,4.6,4.6 stars,Pet groomer,"2394 N Federal Hwy, Fort Lauderdale, FL 33305, United States",+1 954-368-8820,https://www.woofgangbakery.com/balharboursq?utm_source=google&utm_medium=gmb,"5V4M+67 Fort Lauderdale, Florida, USA",,added,False,False,blueoaksca@woofgangbakery.com
Woof Gang Bakery & Grooming Fort Lauderdale,2026-09-13,4.6,4.6 stars,Pet groomer,"2394 N Federal Hwy, Fort Lauderdale, FL 33305, United States",+1 954-368-8820,https://www.woofgangbakery.com/balharboursq?utm_source=google&utm_medium=gmb,"5V4M+67 Fort Lauderdale, Florida, USA",,added,False,False,boontonnj@woofgangbakery.com
Woof Gang Bakery & Grooming Fort Lauderdale,2026-09-13,4.6,4.6 stars,Pet groomer,"2394 N Federal Hwy, Fort Lauderdale, FL 33305, United States",+1 954-368-8820,https://www.woofgangbakery.com/balharboursq?utm_source=google&utm_medium=gmb,"5V4M+67 Fort Lauderdale, Florida, USA",,added,False,False,boulder@woofgangbakery.com
Woof Gang Bakery & Grooming Fort Lauderdale,2026-09-13,4.6,4.6 stars,Pet groomer,"2394 N Federal Hwy, Fort Lauderdale, FL 33305, United States",+1 954-368-8820,https://www.woofgangbakery.com/balharboursq?utm_source=google&utm_medium=gmb,"5V4M+67 Fort Lauderdale, Florida, USA",,added,False,False,bountifulut@woofgangbakery.com
Woof Gang Bakery & Grooming Fort Lauderdale,2026-09-13,4.6,4.6 stars,Pet groomer,"2394 N Federal Hwy, Fort Lauderdale, FL 33305, United States",+1 954-368-8820,https://www.woofgangbakery.com/balharboursq?utm_source=google&utm_medium=gmb,"5V4M+67 Fort Lauderdale, Florida, USA",,added,False,False,boyntonbeach@woofgangbakery.com
Woof Gang Bakery & Grooming Fort Lauderdale,2026-09-13,4.6,4.6 stars,Pet groomer,"2394 N Federal Hwy, Fort Lauderdale, FL 33305, United States",+1 954-368-8820,https://www.woofgangbakery.com/balharboursq?utm_source=google&utm_medium=gmb,"5V4M+67 Fort Lauderdale, Florida, USA",,added,False,False,braseltonga@woofgangbakery.com
Woof Gang Bakery & Grooming Fort Lauderdale,2026-09-13,4.6,4.6 stars,Pet groomer,"2394 N Federal Hwy, Fort Lauderdale, FL 33305, United States",+1 954-368-8820,https://www.woofgangbakery.com/balharboursq?utm_source=google&utm_medium=gmb,"5V4M+67 Fort Lauderdale, Florida, USA",,added,False,False,brennan@woofgangbakery.com
Woof Gang Bakery & Grooming Fort Lauderdale,2026-09-13,4.6,4.6 stars,Pet groomer,"2394 N Federal Hwy, Fort Lauderdale, FL 33305, United States",+1 954-368-8820,https://www.woofgangbakery.com/balharboursq?utm_source=google&utm_medium=gmb,"5V4M+67 Fort Lauderdale, Florida, USA",,added,False,False,brentwoodtn@woofgangbakery.com
Woof Gang Bakery & Grooming Fort Lauderdale,2026-09-13,4.6,4.6 stars,Pet groomer,"2394 N Federal Hwy, Fort Lauderdale, FL 33305, United States",+1 954-368-8820,https://www.woofgangbakery.com/balharboursq?utm_source=google&utm_medium=gmb,"5V4M+67 Fort Lauderdale, Florida, USA",,added,False,False,bridgeland@woofgangbakery.com
Woof Gang Bakery & Grooming Fort Lauderdale,2026-09-13,4.6,4.6 stars,Pet groomer,"2394 N Federal Hwy, Fort Lauderdale, FL 33305, United States",+1 954-368-8820,https://www.woofgangbakery.com/balharboursq?utm_source=google&utm_medium=gmb,"5V4M+67 Fort Lauderdale, Florida, USA",,added,False,False,bridgewater@woofgangbakery.com
Woof Gang Bakery & Grooming Fort Lauderdale,2026-09-13,4.6,4.6 stars,Pet groomer,"2394 N Federal Hwy, Fort Lauderdale, FL 33305, United States",+1 954-368-8820,https://www.woofgangbakery.com/balharboursq?utm_source=google&utm_medium=gmb,"5V4M+67 Fort Lauderdale, Florida, USA",,added,False,False,briercreek@woofgangbakery.com
Woof Gang Bakery & Grooming Fort Lauderdale,2026-09-13,4.6,4.6 stars,Pet groomer,"2394 N Federal Hwy, Fort Lauderdale, FL 33305, United States",+1 954-368-8820,https://www.woofgangbakery.com/balharboursq?utm_source=google&utm_medium=gmb,"5V4M+67 Fort Lauderdale, Florida, USA",,added,False,False,brookfieldwi@woofgangbakery.com
Woof Gang Bakery & Grooming Fort Lauderdale,2026-09-13,4.6,4.6 stars,Pet groomer,"2394 N Federal Hwy, Fort Lauderdale, FL 33305, United States",+1 954-368-8820,https://www.woofgangbakery.com/balharboursq?utm_source=google&utm_medium=gmb,"5V4M+67 Fort Lauderdale, Florida, USA",,added,False,False,candelasco@woofgangbakery.com
Woof Gang Bakery & Grooming Fort Lauderdale,2026-09-13,4.6,4.6 stars,Pet groomer,"2394 N Federal Hwy, Fort Lauderdale, FL 33305, United States",+1 954-368-8820,https://www.woofgangbakery.com/balharboursq?utm_source=google&utm_medium=gmb,"5V4M+67 Fort Lauderdale, Florida, USA",,added,False,False,cantonct@woofgangbakery.com
Woof Gang Bakery & Grooming Fort Lauderdale,2026-09-13,4.6,4.6 stars,Pet groomer,"2394 N Federal Hwy, Fort Lauderdale, FL 33305, United States",+1 954-368-8820,https://www.woofgangbakery.com/balharboursq?utm_source=google&utm_medium=gmb,"5V4M+67 Fort Lauderdale, Florida, USA",,added,False,False,cantonmi@woofgangbakery.com
Woof Gang Bakery & Grooming Fort Lauderdale,2026-09-13,4.6,4.6 stars,Pet groomer,"2394 N Federal Hwy, Fort Lauderdale, FL 33305, United States",+1 954-368-8820,https://www.woofgangbakery.com/balharboursq?utm_source=google&utm_medium=gmb,"5V4M+67 Fort Lauderdale, Florida, USA",,added,False,False,capecoralfl@woofgangbakery.com
Woof Gang Bakery & Grooming Fort Lauderdale,2026-09-13,4.6,4.6 stars,Pet groomer,"2394 N Federal Hwy, Fort Lauderdale, FL 33305, United States",+1 954-368-8820,https://www.woofgangbakery.com/balharboursq?utm_source=google&utm_medium=gmb,"5V4M+67 Fort Lauderdale, Florida, USA",,added,False,False,capitolhillwa@woofgangbakery.com
Woof Gang Bakery & Grooming Fort Lauderdale,2026-09-13,4.6,4.6 stars,Pet groomer,"2394 N Federal Hwy, Fort Lauderdale, FL 33305, United States",+1 954-368-8820,https://www.woofgangbakery.com/balharboursq?utm_source=google&utm_medium=gmb,"5V4M+67 Fort Lauderdale, Florida, USA",,added,False,False,carmelin@woofgangbakery.com
Woof Gang Bakery & Grooming Fort Lauderdale,2026-09-13,4.6,4.6 stars,Pet groomer,"2394 N Federal Hwy, Fort Lauderdale, FL 33305, United States",+1 954-368-8820,https://www.woofgangbakery.com/balharboursq?utm_source=google&utm_medium=gmb,"5V4M+67 Fort Lauderdale, Florida, USA",,added,False,False,carolstreamil@woofgangbakery.com
Woof Gang Bakery & Grooming Fort Lauderdale,2026-09-13,4.6,4.6 stars,Pet groomer,"2394 N Federal Hwy, Fort Lauderdale, FL 33305, United States",+1 954-368-8820,https://www.woofgangbakery.com/balharboursq?utm_source=google&utm_medium=gmb,"5V4M+67 Fort Lauderdale, Florida, USA",,added,False,False,carriagecrossingid@woofgangbakery.com
Woof Gang Bakery & Grooming Fort Lauderdale,2026-09-13,4.6,4.6 stars,Pet groomer,"2394 N Federal Hwy, Fort Lauderdale, FL 33305, United States",+1 954-368-8820,https://www.woofgangbakery.com/balharboursq?utm_source=google&utm_medium=gmb,"5V4M+67 Fort Lauderdale, Florida, USA",,added,False,False,carrollwood@woofgangbakery.com
Woof Gang Bakery & Grooming Fort Lauderdale,2026-09-13,4.6,4.6 stars,Pet groomer,"2394 N Federal Hwy, Fort Lauderdale, FL 33305, United States",+1 954-368-8820,https://www.woofgangbakery.com/balharboursq?utm_source=google&utm_medium=gmb,"5V4M+67 Fort Lauderdale, Florida, USA",,added,False,False,cary@woofgangbakery.com
Woof Gang Bakery & Grooming Fort Lauderdale,2026-09-13,4.6,4.6 stars,Pet groomer,"2394 N Federal Hwy, Fort Lauderdale, FL 33305, United States",+1 954-368-8820,https://www.woofgangbakery.com/balharboursq?utm_source=google&utm_medium=gmb,"5V4M+67 Fort Lauderdale, Florida, USA",,added,False,False,catalinafoothillsaz@woofgangbakery.com
Woof Gang Bakery & Grooming Fort Lauderdale,2026-09-13,4.6,4.6 stars,Pet groomer,"2394 N Federal Hwy, Fort Lauderdale, FL 33305, United States",+1 954-368-8820,https://www.woofgangbakery.com/balharboursq?utm_source=google&utm_medium=gmb,"5V4M+67 Fort Lauderdale, Florida, USA",,added,False,False,cattlemenfl@woofgangbakery.com
Woof Gang Bakery & Grooming Fort Lauderdale,2026-09-13,4.6,4.6 stars,Pet groomer,"2394 N Federal Hwy, Fort Lauderdale, FL 33305, United States",+1 954-368-8820,https://www.woofgangbakery.com/balharboursq?utm_source=google&utm_medium=gmb,"5V4M+67 Fort Lauderdale, Florida, USA",,added,False,False,cavecreekaz@woofgangbakery.com
Woof Gang Bakery & Grooming Fort Lauderdale,2026-09-13,4.6,4.6 stars,Pet groomer,"2394 N Federal Hwy, Fort Lauderdale, FL 33305, United States",+1 954-368-8820,https://www.woofgangbakery.com/balharboursq?utm_source=google&utm_medium=gmb,"5V4M+67 Fort Lauderdale, Florida, USA",,added,False,False,cedarpark@woofgangbakery.com
Woof Gang Bakery & Grooming Fort Lauderdale,2026-09-13,4.6,4.6 stars,Pet groomer,"2394 N Federal Hwy, Fort Lauderdale, FL 33305, United States",+1 954-368-8820,https://www.woofgangbakery.com/balharboursq?utm_source=google&utm_medium=gmb,"5V4M+67 Fort Lauderdale, Florida, USA",,added,False,False,celebration@woofgangbakery.com
Woof Gang Bakery & Grooming Fort Lauderdale,2026-09-13,4.6,4.6 stars,Pet groomer,"2394 N Federal Hwy, Fort Lauderdale, FL 33305, United States",+1 954-368-8820,https://www.woofgangbakery.com/balharboursq?utm_source=google&utm_medium=gmb,"5V4M+67 Fort Lauderdale, Florida, USA",,added,False,False,centervilleoh@woofgangbakery.com
Woof Gang Bakery & Grooming Fort Lauderdale,2026-09-13,4.6,4.6 stars,Pet groomer,"2394 N Federal Hwy, Fort Lauderdale, FL 33305, United States",+1 954-368-8820,https://www.woofgangbakery.com/balharboursq?utm_source=google&utm_medium=gmb,"5V4M+67 Fort Lauderdale, Florida, USA",,added,False,False,championsgate@woofgangbakery.com
Woof Gang Bakery & Grooming Fort Lauderdale,2026-09-13,4.6,4.6 stars,Pet groomer,"2394 N Federal Hwy, Fort Lauderdale, FL 33305, United States",+1 954-368-8820,https://www.woofgangbakery.com/balharboursq?utm_source=google&utm_medium=gmb,"5V4M+67 Fort Lauderdale, Florida, USA",,added,False,False,chapelhill@woofgangbakery.com
Woof Gang Bakery & Grooming Fort Lauderdale,2026-09-13,4.6,4.6 stars,Pet groomer,"2394 N Federal Hwy, Fort Lauderdale, FL 33305, United States",+1 954-368-8820,https://www.woofgangbakery.com/balharboursq?utm_source=google&utm_medium=gmb,"5V4M+67 Fort Lauderdale, Florida, USA",,added,False,False,chapin@woofgangbakery.com
Woof Gang Bakery & Grooming Fort Lauderdale,2026-09-13,4.6,4.6 stars,Pet groomer,"2394 N Federal Hwy, Fort Lauderdale, FL 33305, United States",+1 954-368-8820,https://www.woofgangbakery.com/balharboursq?utm_source=google&utm_medium=gmb,"5V4M+67 Fort Lauderdale, Florida, USA",,added,False,False,charleston@woofgangbakery.com
Woof Gang Bakery & Grooming Fort Lauderdale,2026-09-13,4.6,4.6 stars,Pet groomer,"2394 N Federal Hwy, Fort Lauderdale, FL 33305, United States",+1 954-368-8820,https://www.woofgangbakery.com/balharboursq?utm_source=google&utm_medium=gmb,"5V4M+67 Fort Lauderdale, Florida, USA",,added,False,False,chesternj@woofgangbakery.com
Woof Gang Bakery & Grooming Fort Lauderdale,2026-09-13,4.6,4.6 stars,Pet groomer,"2394 N Federal Hwy, Fort Lauderdale, FL 33305, United States",+1 954-368-8820,https://www.woofgangbakery.com/balharboursq?utm_source=google&utm_medium=gmb,"5V4M+67 Fort Lauderdale, Florida, USA",,added,False,False,chinohillsca@woofgangbakery.com
Woof Gang Bakery & Grooming Fort Lauderdale,2026-09-13,4.6,4.6 stars,Pet groomer,"2394 N Federal Hwy, Fort Lauderdale, FL 33305, United States",+1 954-368-8820,https://www.woofgangbakery.com/balharboursq?utm_source=google&utm_medium=gmb,"5V4M+67 Fort Lauderdale, Florida, USA",,added,False,False,christenburync@woofgangbakery.com
Woof Gang Bakery & Grooming Fort Lauderdale,2026-09-13,4.6,4.6 stars,Pet groomer,"2394 N Federal Hwy, Fort Lauderdale, FL 33305, United States",+1 954-368-8820,https://www.woofgangbakery.com/balharboursq?utm_source=google&utm_medium=gmb,"5V4M+67 Fort Lauderdale, Florida, USA",,added,False,False,circlec@woofgangbakery.com
Woof Gang Bakery & Grooming Fort Lauderdale,2026-09-13,4.6,4.6 stars,Pet groomer,"2394 N Federal Hwy, Fort Lauderdale, FL 33305, United States",+1 954-368-8820,https://www.woofgangbakery.com/balharboursq?utm_source=google&utm_medium=gmb,"5V4M+67 Fort Lauderdale, Florida, USA",,added,False,False,circlecrossaz@woofgangbakery.com
Woof Gang Bakery & Grooming Fort Lauderdale,2026-09-13,4.6,4.6 stars,Pet groomer,"2394 N Federal Hwy, Fort Lauderdale, FL 33305, United States",+1 954-368-8820,https://www.woofgangbakery.com/balharboursq?utm_source=google&utm_medium=gmb,"5V4M+67 Fort Lauderdale, Florida, USA",,added,False,False,claytonca@woofgangbakery.com
Woof Gang Bakery & Grooming Fort Lauderdale,2026-09-13,4.6,4.6 stars,Pet groomer,"2394 N Federal Hwy, Fort Lauderdale, FL 33305, United States",+1 954-368-8820,https://www.woofgangbakery.com/balharboursq?utm_source=google&utm_medium=gmb,"5V4M+67 Fort Lauderdale, Florida, USA",,added,False,False,claytonnc@woofgangbakery.com
Woof Gang Bakery & Grooming Fort Lauderdale,2026-09-13,4.6,4.6 stars,Pet groomer,"2394 N Federal Hwy, Fort Lauderdale, FL 33305, United States",+1 954-368-8820,https://www.woofgangbakery.com/balharboursq?utm_source=google&utm_medium=gmb,"5V4M+67 Fort Lauderdale, Florida, USA",,added,False,False,clearwater@woofgangbakery.com
Woof Gang Bakery & Grooming Fort Lauderdale,2026-09-13,4.6,4.6 stars,Pet groomer,"2394 N Federal Hwy, Fort Lauderdale, FL 33305, United States",+1 954-368-8820,https://www.woofgangbakery.com/balharboursq?utm_source=google&utm_medium=gmb,"5V4M+67 Fort Lauderdale, Florida, USA",,added,False,False,clermont@woofgangbakery.com
Woof Gang Bakery & Grooming Fort Lauderdale,2026-09-13,4.6,4.6 stars,Pet groomer,"2394 N Federal Hwy, Fort Lauderdale, FL 33305, United States",+1 954-368-8820,https://www.woofgangbakery.com/balharboursq?utm_source=google&utm_medium=gmb,"5V4M+67 Fort Lauderdale, Florida, USA",,added,False,False,cliftonva@woofgangbakery.com
Woof Gang Bakery & Grooming Fort Lauderdale,2026-09-13,4.6,4.6 stars,Pet groomer,"2394 N Federal Hwy, Fort Lauderdale, FL 33305, United States",+1 954-368-8820,https://www.woofgangbakery.com/balharboursq?utm_source=google&utm_medium=gmb,"5V4M+67 Fort Lauderdale, Florida, USA",,added,False,False,cocoabeach@woofgangbakery.com
Woof Gang Bakery & Grooming Fort Lauderdale,2026-09-13,4.6,4.6 stars,Pet groomer,"2394 N Federal Hwy, Fort Lauderdale, FL 33305, United States",+1 954-368-8820,https://www.woofgangbakery.com/balharboursq?utm_source=google&utm_medium=gmb,"5V4M+67 Fort Lauderdale, Florida, USA",,added,False,False,collectionga@woofgangbakery.com
Woof Gang Bakery & Grooming Fort Lauderdale,2026-09-13,4.6,4.6 stars,Pet groomer,"2394 N Federal Hwy, Fort Lauderdale, FL 33305, United States",+1 954-368-8820,https://www.woofgangbakery.com/balharboursq?utm_source=google&utm_medium=gmb,"5V4M+67 Fort Lauderdale, Florida, USA",,added,False,False,collegeparktx@woofgangbakery.com
Woof Gang Bakery & Grooming Fort Lauderdale,2026-09-13,4.6,4.6 stars,Pet groomer,"2394 N Federal Hwy, Fort Lauderdale, FL 33305, United States",+1 954-368-8820,https://www.woofgangbakery.com/balharboursq?utm_source=google&utm_medium=gmb,"5V4M+67 Fort Lauderdale, Florida, USA",,added,False,False,concordnc@woofgangbakery.com
Woof Gang Bakery & Grooming Fort Lauderdale,2026-09-13,4.6,4.6 stars,Pet groomer,"2394 N Federal Hwy, Fort Lauderdale, FL 33305, United States",+1 954-368-8820,https://www.woofgangbakery.com/balharboursq?utm_source=google&utm_medium=gmb,"5V4M+67 Fort Lauderdale, Florida, USA",,added,False,False,concordoh@woofgangbakery.com
Woof Gang Bakery & Grooming Fort Lauderdale,2026-09-13,4.6,4.6 stars,Pet groomer,"2394 N Federal Hwy, Fort Lauderdale, FL 33305, United States",+1 954-368-8820,https://www.woofgangbakery.com/balharboursq?utm_source=google&utm_medium=gmb,"5V4M+67 Fort Lauderdale, Florida, USA",,added,False,False,conroe@woofgangbakery.com
Woof Gang Bakery & Grooming Fort Lauderdale,2026-09-13,4.6,4.6 stars,Pet groomer,"2394 N Federal Hwy, Fort Lauderdale, FL 33305, United States",+1 954-368-8820,https://www.woofgangbakery.com/balharboursq?utm_source=google&utm_medium=gmb,"5V4M+67 Fort Lauderdale, Florida, USA",,added,False,False,conway@woofgangbakery.com
Woof Gang Bakery & Grooming Fort Lauderdale,2026-09-13,4.6,4.6 stars,Pet groomer,"2394 N Federal Hwy, Fort Lauderdale, FL 33305, United States",+1 954-368-8820,https://www.woofgangbakery.com/balharboursq?utm_source=google&utm_medium=gmb,"5V4M+67 Fort Lauderdale, Florida, USA",,added,False,False,cornelius@woofgangbakery.com
Woof Gang Bakery & Grooming Fort Lauderdale,2026-09-13,4.6,4.6 stars,Pet groomer,"2394 N Federal Hwy, Fort Lauderdale, FL 33305, United States",+1 954-368-8820,https://www.woofgangbakery.com/balharboursq?utm_source=google&utm_medium=gmb,"5V4M+67 Fort Lauderdale, Florida, USA",,added,False,False,cranford@woofgangbakery.com
Woof Gang Bakery & Grooming Fort Lauderdale,2026-09-13,4.6,4.6 stars,Pet groomer,"2394 N Federal Hwy, Fort Lauderdale, FL 33305, United States",+1 954-368-8820,https://www.woofgangbakery.com/balharboursq?utm_source=google&utm_medium=gmb,"5V4M+67 Fort Lauderdale, Florida, USA",,added,False,False,dadeland@woofgangbakery.com
Woof Gang Bakery & Grooming Fort Lauderdale,2026-09-13,4.6,4.6 stars,Pet groomer,"2394 N Federal Hwy, Fort Lauderdale, FL 33305, United States",+1 954-368-8820,https://www.woofgangbakery.com/balharboursq?utm_source=google&utm_medium=gmb,"5V4M+67 Fort Lauderdale, Florida, USA",,added,False,False,danburyct@woofgangbakery.com
Woof Gang Bakery & Grooming Fort Lauderdale,2026-09-13,4.6,4.6 stars,Pet groomer,"2394 N Federal Hwy, Fort Lauderdale, FL 33305, United States",+1 954-368-8820,https://www.woofgangbakery.com/balharboursq?utm_source=google&utm_medium=gmb,"5V4M+67 Fort Lauderdale, Florida, USA",,added,False,False,daniapointefl@woofgangbakery.com
Woof Gang Bakery & Grooming Fort Lauderdale,2026-09-13,4.6,4.6 stars,Pet groomer,"2394 N Federal Hwy, Fort Lauderdale, FL 33305, United States",+1 954-368-8820,https://www.woofgangbakery.com/balharboursq?utm_source=google&utm_medium=gmb,"5V4M+67 Fort Lauderdale, Florida, USA",,added,False,False,daytona@woofgangbakery.com
Woof Gang Bakery & Grooming Fort Lauderdale,2026-09-13,4.6,4.6 stars,Pet groomer,"2394 N Federal Hwy, Fort Lauderdale, FL 33305, United States",+1 954-368-8820,https://www.woofgangbakery.com/balharboursq?utm_source=google&utm_medium=gmb,"5V4M+67 Fort Lauderdale, Florida, USA",,added,False,False,dcranchaz@woofgangbakery.com
Woof Gang Bakery & Grooming Fort Lauderdale,2026-09-13,4.6,4.6 stars,Pet groomer,"2394 N Federal Hwy, Fort Lauderdale, FL 33305, United States",+1 954-368-8820,https://www.woofgangbakery.com/balharboursq?utm_source=google&utm_medium=gmb,"5V4M+67 Fort Lauderdale, Florida, USA",,added,False,False,deerfieldbeachfl@woofgangbakery.com
Woof Gang Bakery & Grooming Fort Lauderdale,2026-09-13,4.6,4.6 stars,Pet groomer,"2394 N Federal Hwy, Fort Lauderdale, FL 33305, United States",+1 954-368-8820,https://www.woofgangbakery.com/balharboursq?utm_source=google&utm_medium=gmb,"5V4M+67 Fort Lauderdale, Florida, USA",,added,False,False,deland@woofgangbakery.com
Woof Gang Bakery & Grooming Fort Lauderdale,2026-09-13,4.6,4.6 stars,Pet groomer,"2394 N Federal Hwy, Fort Lauderdale, FL 33305, United States",+1 954-368-8820,https://www.woofgangbakery.com/balharboursq?utm_source=google&utm_medium=gmb,"5V4M+67 Fort Lauderdale, Florida, USA",,added,False,False,delraylandingfl@woofgangbakery.com
Woof Gang Bakery & Grooming Fort Lauderdale,2026-09-13,4.6,4.6 stars,Pet groomer,"2394 N Federal Hwy, Fort Lauderdale, FL 33305, United States",+1 954-368-8820,https://www.woofgangbakery.com/balharboursq?utm_source=google&utm_medium=gmb,"5V4M+67 Fort Lauderdale, Florida, USA",,added,False,False,delsolfl@woofgangbakery.com
Woof Gang Bakery & Grooming Fort Lauderdale,2026-09-13,4.6,4.6 stars,Pet groomer,"2394 N Federal Hwy, Fort Lauderdale, FL 33305, United States",+1 954-368-8820,https://www.woofgangbakery.com/balharboursq?utm_source=google&utm_medium=gmb,"5V4M+67 Fort Lauderdale, Florida, USA",,added,False,False,dilworthnc@woofgangbakery.com
Woof Gang Bakery & Grooming Fort Lauderdale,2026-09-13,4.6,4.6 stars,Pet groomer,"2394 N Federal Hwy, Fort Lauderdale, FL 33305, United States",+1 954-368-8820,https://www.woofgangbakery.com/balharboursq?utm_source=google&utm_medium=gmb,"5V4M+67 Fort Lauderdale, Florida, USA",,added,False,False,dominion@woofgangbakery.com
Woof Gang Bakery & Grooming Fort Lauderdale,2026-09-13,4.6,4.6 stars,Pet groomer,"2394 N Federal Hwy, Fort Lauderdale, FL 33305, United States",+1 954-368-8820,https://www.woofgangbakery.com/balharboursq?utm_source=google&utm_medium=gmb,"5V4M+67 Fort Lauderdale, Florida, USA",,added,False,False,doral@woofgangbakery.com
Woof Gang Bakery & Grooming Fort Lauderdale,2026-09-13,4.6,4.6 stars,Pet groomer,"2394 N Federal Hwy, Fort Lauderdale, FL 33305, United States",+1 954-368-8820,https://www.woofgangbakery.com/balharboursq?utm_source=google&utm_medium=gmb,"5V4M+67 Fort Lauderdale, Florida, USA",,added,False,False,dothan@woofgangbakery.com
Woof Gang Bakery & Grooming Fort Lauderdale,2026-09-13,4.6,4.6 stars,Pet groomer,"2394 N Federal Hwy, Fort Lauderdale, FL 33305, United States",+1 954-368-8820,https://www.woofgangbakery.com/balharboursq?utm_source=google&utm_medium=gmb,"5V4M+67 Fort Lauderdale, Florida, USA",,added,False,False,dp@woofgangbakery.com
Woof Gang Bakery & Grooming Fort Lauderdale,2026-09-13,4.6,4.6 stars,Pet groomer,"2394 N Federal Hwy, Fort Lauderdale, FL 33305, United States",+1 954-368-8820,https://www.woofgangbakery.com/balharboursq?utm_source=google&utm_medium=gmb,"5V4M+67 Fort Lauderdale, Florida, USA",,added,False,False,dunedin@woofgangbakery.com
Woof Gang Bakery & Grooming Fort Lauderdale,2026-09-13,4.6,4.6 stars,Pet groomer,"2394 N Federal Hwy, Fort Lauderdale, FL 33305, United States",+1 954-368-8820,https://www.woofgangbakery.com/balharboursq?utm_source=google&utm_medium=gmb,"5V4M+67 Fort Lauderdale, Florida, USA",,added,False,False,dunwoodyga@woofgangbakery.com
Woof Gang Bakery & Grooming Fort Lauderdale,2026-09-13,4.6,4.6 stars,Pet groomer,"2394 N Federal Hwy, Fort Lauderdale, FL 33305, United States",+1 954-368-8820,https://www.woofgangbakery.com/balharboursq?utm_source=google&utm_medium=gmb,"5V4M+67 Fort Lauderdale, Florida, USA",,added,False,False,durham@woofgangbakery.com
Woof Gang Bakery & Grooming Fort Lauderdale,2026-09-13,4.6,4.6 stars,Pet groomer,"2394 N Federal Hwy, Fort Lauderdale, FL 33305, United States",+1 954-368-8820,https://www.woofgangbakery.com/balharboursq?utm_source=google&utm_medium=gmb,"5V4M+67 Fort Lauderdale, Florida, USA",,added,False,False,eagleid@woofgangbakery.com
Woof Gang Bakery & Grooming Fort Lauderdale,2026-09-13,4.6,4.6 stars,Pet groomer,"2394 N Federal Hwy, Fort Lauderdale, FL 33305, United States",+1 954-368-8820,https://www.woofgangbakery.com/balharboursq?utm_source=google&utm_medium=gmb,"5V4M+67 Fort Lauderdale, Florida, USA",,added,False,False,eastbocaratonfl@woofgangbakery.com
Woof Gang Bakery & Grooming Fort Lauderdale,2026-09-13,4.6,4.6 stars,Pet groomer,"2394 N Federal Hwy, Fort Lauderdale, FL 33305, United States",+1 954-368-8820,https://www.woofgangbakery.com/balharboursq?utm_source=google&utm_medium=gmb,"5V4M+67 Fort Lauderdale, Florida, USA",,added,False,False,eastbrainerdtn@woofgangbakery.com
Woof Gang Bakery & Grooming Fort Lauderdale,2026-09-13,4.6,4.6 stars,Pet groomer,"2394 N Federal Hwy, Fort Lauderdale, FL 33305, United States",+1 954-368-8820,https://www.woofgangbakery.com/balharboursq?utm_source=google&utm_medium=gmb,"5V4M+67 Fort Lauderdale, Florida, USA",,added,False,False,eastlibertypa@woofgangbakery.com
Woof Gang Bakery & Grooming Fort Lauderdale,2026-09-13,4.6,4.6 stars,Pet groomer,"2394 N Federal Hwy, Fort Lauderdale, FL 33305, United States",+1 954-368-8820,https://www.woofgangbakery.com/balharboursq?utm_source=google&utm_medium=gmb,"5V4M+67 Fort Lauderdale, Florida, USA",,added,False,False,edgewaternj@woofgangbakery.com
Woof Gang Bakery & Grooming Fort Lauderdale,2026-09-13,4.6,4.6 stars,Pet groomer,"2394 N Federal Hwy, Fort Lauderdale, FL 33305, United States",+1 954-368-8820,https://www.woofgangbakery.com/balharboursq?utm_source=google&utm_medium=gmb,"5V4M+67 Fort Lauderdale, Florida, USA",,added,False,False,edinamn@woofgangbakery.com
Woof Gang Bakery & Grooming Fort Lauderdale,2026-09-13,4.6,4.6 stars,Pet groomer,"2394 N Federal Hwy, Fort Lauderdale, FL 33305, United States",+1 954-368-8820,https://www.woofgangbakery.com/balharboursq?utm_source=google&utm_medium=gmb,"5V4M+67 Fort Lauderdale, Florida, USA",,added,False,False,edmondok@woofgangbakery.com
Woof Gang Bakery & Grooming Fort Lauderdale,2026-09-13,4.6,4.6 stars,Pet groomer,"2394 N Federal Hwy, Fort Lauderdale, FL 33305, United States",+1 954-368-8820,https://www.woofgangbakery.com/balharboursq?utm_source=google&utm_medium=gmb,"5V4M+67 Fort Lauderdale, Florida, USA",,added,False,False,elkgroveca@woofgangbakery.com
Woof Gang Bakery & Grooming Fort Lauderdale,2026-09-13,4.6,4.6 stars,Pet groomer,"2394 N Federal Hwy, Fort Lauderdale, FL 33305, United States",+1 954-368-8820,https://www.woofgangbakery.com/balharboursq?utm_source=google&utm_medium=gmb,"5V4M+67 Fort Lauderdale, Florida, USA",,added,False,False,elpasotx@woofgangbakery.com
Woof Gang Bakery & Grooming Fort Lauderdale,2026-09-13,4.6,4.6 stars,Pet groomer,"2394 N Federal Hwy, Fort Lauderdale, FL 33305, United States",+1 954-368-8820,https://www.woofgangbakery.com/balharboursq?utm_source=google&utm_medium=gmb,"5V4M+67 Fort Lauderdale, Florida, USA",,added,False,False,elsegundoca@woofgangbakery.com
Woof Gang Bakery & Grooming Fort Lauderdale,2026-09-13,4.6,4.6 stars,Pet groomer,"2394 N Federal Hwy, Fort Lauderdale, FL 33305, United States",+1 954-368-8820,https://www.woofgangbakery.com/balharboursq?utm_source=google&utm_medium=gmb,"5V4M+67 Fort Lauderdale, Florida, USA",,added,False,False,elysontx@woofgangbakery.com
Woof Gang Bakery & Grooming Fort Lauderdale,2026-09-13,4.6,4.6 stars,Pet groomer,"2394 N Federal Hwy, Fort Lauderdale, FL 33305, United States",+1 954-368-8820,https://www.woofgangbakery.com/balharboursq?utm_source=google&utm_medium=gmb,"5V4M+67 Fort Lauderdale, Florida, USA",,added,False,False,emersonnj@woofgangbakery.com
Woof Gang Bakery & Grooming Fort Lauderdale,2026-09-13,4.6,4.6 stars,Pet groomer,"2394 N Federal Hwy, Fort Lauderdale, FL 33305, United States",+1 954-368-8820,https://www.woofgangbakery.com/balharboursq?utm_source=google&utm_medium=gmb,"5V4M+67 Fort Lauderdale, Florida, USA",,added,False,False,encinitasca@woofgangbakery.com
Woof Gang Bakery & Grooming Fort Lauderdale,2026-09-13,4.6,4.6 stars,Pet groomer,"2394 N Federal Hwy, Fort Lauderdale, FL 33305, United States",+1 954-368-8820,https://www.woofgangbakery.com/balharboursq?utm_source=google&utm_medium=gmb,"5V4M+67 Fort Lauderdale, Florida, USA",,added,False,False,energycorridortx@woofgangbakery.com
Woof Gang Bakery & Grooming Fort Lauderdale,2026-09-13,4.6,4.6 stars,Pet groomer,"2394 N Federal Hwy, Fort Lauderdale, FL 33305, United States",+1 954-368-8820,https://www.woofgangbakery.com/balharboursq?utm_source=google&utm_medium=gmb,"5V4M+67 Fort Lauderdale, Florida, USA",,added,False,False,englewoodnj@woofgangbakery.com
Woof Gang Bakery & Grooming Fort Lauderdale,2026-09-13,4.6,4.6 stars,Pet groomer,"2394 N Federal Hwy, Fort Lauderdale, FL 33305, United States",+1 954-368-8820,https://www.woofgangbakery.com/balharboursq?utm_source=google&utm_medium=gmb,"5V4M+67 Fort Lauderdale, Florida, USA",,added,False,False,enterprisenv@woofgangbakery.com
Woof Gang Bakery & Grooming Fort Lauderdale,2026-09-13,4.6,4.6 stars,Pet groomer,"2394 N Federal Hwy, Fort Lauderdale, FL 33305, United States",+1 954-368-8820,https://www.woofgangbakery.com/balharboursq?utm_source=google&utm_medium=gmb,"5V4M+67 Fort Lauderdale, Florida, USA",,added,False,False,estero@woofgangbakery.com
Woof Gang Bakery & Grooming Fort Lauderdale,2026-09-13,4.6,4.6 stars,Pet groomer,"2394 N Federal Hwy, Fort Lauderdale, FL 33305, United States",+1 954-368-8820,https://www.woofgangbakery.com/balharboursq?utm_source=google&utm_medium=gmb,"5V4M+67 Fort Lauderdale, Florida, USA",,added,False,False,evans@woofgangbakery.com
Woof Gang Bakery & Grooming Fort Lauderdale,2026-09-13,4.6,4.6 stars,Pet groomer,"2394 N Federal Hwy, Fort Lauderdale, FL 33305, United States",+1 954-368-8820,https://www.woofgangbakery.com/balharboursq?utm_source=google&utm_medium=gmb,"5V4M+67 Fort Lauderdale, Florida, USA",,added,False,False,evergreenca@woofgangbakery.com
Woof Gang Bakery & Grooming Fort Lauderdale,2026-09-13,4.6,4.6 stars,Pet groomer,"2394 N Federal Hwy, Fort Lauderdale, FL 33305, United States",+1 954-368-8820,https://www.woofgangbakery.com/balharboursq?utm_source=google&utm_medium=gmb,"5V4M+67 Fort Lauderdale, Florida, USA",,added,False,False,fairfieldtx@woofgangbakery.com
Woof Gang Bakery & Grooming Fort Lauderdale,2026-09-13,4.6,4.6 stars,Pet groomer,"2394 N Federal Hwy, Fort Lauderdale, FL 33305, United States",+1 954-368-8820,https://www.woofgangbakery.com/balharboursq?utm_source=google&utm_medium=gmb,"5V4M+67 Fort Lauderdale, Florida, USA",,added,False,False,fallschurchva@woofgangbakery.com
Woof Gang Bakery & Grooming Fort Lauderdale,2026-09-13,4.6,4.6 stars,Pet groomer,"2394 N Federal Hwy, Fort Lauderdale, FL 33305, United States",+1 954-368-8820,https://www.woofgangbakery.com/balharboursq?utm_source=google&utm_medium=gmb,"5V4M+67 Fort Lauderdale, Florida, USA",,added,False,False,fargond@woofgangbakery.com
Woof Gang Bakery & Grooming Fort Lauderdale,2026-09-13,4.6,4.6 stars,Pet groomer,"2394 N Federal Hwy, Fort Lauderdale, FL 33305, United States",+1 954-368-8820,https://www.woofgangbakery.com/balharboursq?utm_source=google&utm_medium=gmb,"5V4M+67 Fort Lauderdale, Florida, USA",,added,False,False,fayetteville@woofgangbakery.com
Woof Gang Bakery & Grooming Fort Lauderdale,2026-09-13,4.6,4.6 stars,Pet groomer,"2394 N Federal Hwy, Fort Lauderdale, FL 33305, United States",+1 954-368-8820,https://www.woofgangbakery.com/balharboursq?utm_source=google&utm_medium=gmb,"5V4M+67 Fort Lauderdale, Florida, USA",,added,False,False,feathersound@woofgangbakery.com
Woof Gang Bakery & Grooming Fort Lauderdale,2026-09-13,4.6,4.6 stars,Pet groomer,"2394 N Federal Hwy, Fort Lauderdale, FL 33305, United States",+1 954-368-8820,https://www.woofgangbakery.com/balharboursq?utm_source=google&utm_medium=gmb,"5V4M+67 Fort Lauderdale, Florida, USA",,added,False,False,fishhawkcommonsfl@woofgangbakery.com
Woof Gang Bakery & Grooming Fort Lauderdale,2026-09-13,4.6,4.6 stars,Pet groomer,"2394 N Federal Hwy, Fort Lauderdale, FL 33305, United States",+1 954-368-8820,https://www.woofgangbakery.com/balharboursq?utm_source=google&utm_medium=gmb,"5V4M+67 Fort Lauderdale, Florida, USA",,added,False,False,flemingisland@woofgangbakery.com
Woof Gang Bakery & Grooming Fort Lauderdale,2026-09-13,4.6,4.6 stars,Pet groomer,"2394 N Federal Hwy, Fort Lauderdale, FL 33305, United States",+1 954-368-8820,https://www.woofgangbakery.com/balharboursq?utm_source=google&utm_medium=gmb,"5V4M+67 Fort Lauderdale, Florida, USA",,added,False,False,florhamparknj@woofgangbakery.com
Woof Gang Bakery & Grooming Fort Lauderdale,2026-09-13,4.6,4.6 stars,Pet groomer,"2394 N Federal Hwy, Fort Lauderdale, FL 33305, United States",+1 954-368-8820,https://www.woofgangbakery.com/balharboursq?utm_source=google&utm_medium=gmb,"5V4M+67 Fort Lauderdale, Florida, USA",,added,False,False,flyinghorseco@woofgangbakery.com
Woof Gang Bakery & Grooming Fort Lauderdale,2026-09-13,4.6,4.6 stars,Pet groomer,"2394 N Federal Hwy, Fort Lauderdale, FL 33305, United States",+1 954-368-8820,https://www.woofgangbakery.com/balharboursq?utm_source=google&utm_medium=gmb,"5V4M+67 Fort Lauderdale, Florida, USA",,added,False,False,foothillvillageut@woofgangbakery.com
Woof Gang Bakery & Grooming Fort Lauderdale,2026-09-13,4.6,4.6 stars,Pet groomer,"2394 N Federal Hwy, Fort Lauderdale, FL 33305, United States",+1 954-368-8820,https://www.woofgangbakery.com/balharboursq?utm_source=google&utm_medium=gmb,"5V4M+67 Fort Lauderdale, Florida, USA",,added,False,False,friendlycenternc@woofgangbakery.com
Woof Gang Bakery & Grooming Fort Lauderdale,2026-09-13,4.6,4.6 stars,Pet groomer,"2394 N Federal Hwy, Fort Lauderdale, FL 33305, United States",+1 954-368-8820,https://www.woofgangbakery.com/balharboursq?utm_source=google&utm_medium=gmb,"5V4M+67 Fort Lauderdale, Florida, USA",,added,False,False,friendswoodtx@woofgangbakery.com
Woof Gang Bakery & Grooming Fort Lauderdale,2026-09-13,4.6,4.6 stars,Pet groomer,"2394 N Federal Hwy, Fort Lauderdale, FL 33305, United States",+1 954-368-8820,https://www.woofgangbakery.com/balharboursq?utm_source=google&utm_medium=gmb,"5V4M+67 Fort Lauderdale, Florida, USA",,added,False,False,ftlauderdalefl@woofgangbakery.com
Woof Gang Bakery & Grooming Fort Lauderdale,2026-09-13,4.6,4.6 stars,Pet groomer,"2394 N Federal Hwy, Fort Lauderdale, FL 33305, United States",+1 954-368-8820,https://www.woofgangbakery.com/balharboursq?utm_source=google&utm_medium=gmb,"5V4M+67 Fort Lauderdale, Florida, USA",,added,False,False,fulsheartx@woofgangbakery.com
Woof Gang Bakery & Grooming Fort Lauderdale,2026-09-13,4.6,4.6 stars,Pet groomer,"2394 N Federal Hwy, Fort Lauderdale, FL 33305, United States",+1 954-368-8820,https://www.woofgangbakery.com/balharboursq?utm_source=google&utm_medium=gmb,"5V4M+67 Fort Lauderdale, Florida, USA",,added,False,False,gaineyvillageaz@woofgangbakery.com
Woof Gang Bakery & Grooming Fort Lauderdale,2026-09-13,4.6,4.6 stars,Pet groomer,"2394 N Federal Hwy, Fort Lauderdale, FL 33305, United States",+1 954-368-8820,https://www.woofgangbakery.com/balharboursq?utm_source=google&utm_medium=gmb,"5V4M+67 Fort Lauderdale, Florida, USA",,added,False,False,garnernc@woofgangbakery.com
Woof Gang Bakery & Grooming Fort Lauderdale,2026-09-13,4.6,4.6 stars,Pet groomer,"2394 N Federal Hwy, Fort Lauderdale, FL 33305, United States",+1 954-368-8820,https://www.woofgangbakery.com/balharboursq?utm_source=google&utm_medium=gmb,"5V4M+67 Fort Lauderdale, Florida, USA",,added,False,False,gateway@woofgangbakery.com
Woof Gang Bakery & Grooming Fort Lauderdale,2026-09-13,4.6,4.6 stars,Pet groomer,"2394 N Federal Hwy, Fort Lauderdale, FL 33305, United States",+1 954-368-8820,https://www.woofgangbakery.com/balharboursq?utm_source=google&utm_medium=gmb,"5V4M+67 Fort Lauderdale, Florida, USA",,added,False,False,georgetowntx@woofgangbakery.com
Woof Gang Bakery & Grooming Fort Lauderdale,2026-09-13,4.6,4.6 stars,Pet groomer,"2394 N Federal Hwy, Fort Lauderdale, FL 33305, United States",+1 954-368-8820,https://www.woofgangbakery.com/balharboursq?utm_source=google&utm_medium=gmb,"5V4M+67 Fort Lauderdale, Florida, USA",,added,False,False,germantowntn@woofgangbakery.com
Woof Gang Bakery & Grooming Fort Lauderdale,2026-09-13,4.6,4.6 stars,Pet groomer,"2394 N Federal Hwy, Fort Lauderdale, FL 33305, United States",+1 954-368-8820,https://www.woofgangbakery.com/balharboursq?utm_source=google&utm_medium=gmb,"5V4M+67 Fort Lauderdale, Florida, USA",,added,False,False,gleannlochtx@woofgangbakery.com
Woof Gang Bakery & Grooming Fort Lauderdale,2026-09-13,4.6,4.6 stars,Pet groomer,"2394 N Federal Hwy, Fort Lauderdale, FL 33305, United States",+1 954-368-8820,https://www.woofgangbakery.com/balharboursq?utm_source=google&utm_medium=gmb,"5V4M+67 Fort Lauderdale, Florida, USA",,added,False,False,glencoveny@woofgangbakery.com
Woof Gang Bakery & Grooming Fort Lauderdale,2026-09-13,4.6,4.6 stars,Pet groomer,"2394 N Federal Hwy, Fort Lauderdale, FL 33305, United States",+1 954-368-8820,https://www.woofgangbakery.com/balharboursq?utm_source=google&utm_medium=gmb,"5V4M+67 Fort Lauderdale, Florida, USA",,added,False,False,glendaleaz@woofgangbakery.com
Woof Gang Bakery & Grooming Fort Lauderdale,2026-09-13,4.6,4.6 stars,Pet groomer,"2394 N Federal Hwy, Fort Lauderdale, FL 33305, United States",+1 954-368-8820,https://www.woofgangbakery.com/balharboursq?utm_source=google&utm_medium=gmb,"5V4M+67 Fort Lauderdale, Florida, USA",,added,False,False,glenrocknj@woofgangbakery.com
Woof Gang Bakery & Grooming Fort Lauderdale,2026-09-13,4.6,4.6 stars,Pet groomer,"2394 N Federal Hwy, Fort Lauderdale, FL 33305, United States",+1 954-368-8820,https://www.woofgangbakery.com/balharboursq?utm_source=google&utm_medium=gmb,"5V4M+67 Fort Lauderdale, Florida, USA",,added,False,False,glenviewil@woofgangbakery.com
Woof Gang Bakery & Grooming Fort Lauderdale,2026-09-13,4.6,4.6 stars,Pet groomer,"2394 N Federal Hwy, Fort Lauderdale, FL 33305, United States",+1 954-368-8820,https://www.woofgangbakery.com/balharboursq?utm_source=google&utm_medium=gmb,"5V4M+67 Fort Lauderdale, Florida, USA",,added,False,False,greenville@woofgangbakery.com
Woof Gang Bakery & Grooming Fort Lauderdale,2026-09-13,4.6,4.6 stars,Pet groomer,"2394 N Federal Hwy, Fort Lauderdale, FL 33305, United States",+1 954-368-8820,https://www.woofgangbakery.com/balharboursq?utm_source=google&utm_medium=gmb,"5V4M+67 Fort Lauderdale, Florida, USA",,added,False,False,gretna@woofgangbakery.com
Woof Gang Bakery & Grooming Fort Lauderdale,2026-09-13,4.6,4.6 stars,Pet groomer,"2394 N Federal Hwy, Fort Lauderdale, FL 33305, United States",+1 954-368-8820,https://www.woofgangbakery.com/balharboursq?utm_source=google&utm_medium=gmb,"5V4M+67 Fort Lauderdale, Florida, USA",,added,False,False,grovecentralfl@woofgangbakery.com
Woof Gang Bakery & Grooming Fort Lauderdale,2026-09-13,4.6,4.6 stars,Pet groomer,"2394 N Federal Hwy, Fort Lauderdale, FL 33305, United States",+1 954-368-8820,https://www.woofgangbakery.com/balharboursq?utm_source=google&utm_medium=gmb,"5V4M+67 Fort Lauderdale, Florida, USA",,added,False,False,hamlin@woofgangbakery.com
Woof Gang Bakery & Grooming Fort Lauderdale,2026-09-13,4.6,4.6 stars,Pet groomer,"2394 N Federal Hwy, Fort Lauderdale, FL 33305, United States",+1 954-368-8820,https://www.woofgangbakery.com/balharboursq?utm_source=google&utm_medium=gmb,"5V4M+67 Fort Lauderdale, Florida, USA",,added,False,False,hanovercenternc@woofgangbakery.com
Woof Gang Bakery & Grooming Fort Lauderdale,2026-09-13,4.6,4.6 stars,Pet groomer,"2394 N Federal Hwy, Fort Lauderdale, FL 33305, United States",+1 954-368-8820,https://www.woofgangbakery.com/balharboursq?utm_source=google&utm_medium=gmb,"5V4M+67 Fort Lauderdale, Florida, USA",,added,False,False,heathrow@woofgangbakery.com
Woof Gang Bakery & Grooming Fort Lauderdale,2026-09-13,4.6,4.6 stars,Pet groomer,"2394 N Federal Hwy, Fort Lauderdale, FL 33305, United States",+1 954-368-8820,https://www.woofgangbakery.com/balharboursq?utm_source=google&utm_medium=gmb,"5V4M+67 Fort Lauderdale, Florida, USA",,added,False,False,heightstx@woofgangbakery.com
Woof Gang Bakery & Grooming Fort Lauderdale,2026-09-13,4.6,4.6 stars,Pet groomer,"2394 N Federal Hwy, Fort Lauderdale, FL 33305, United States",+1 954-368-8820,https://www.woofgangbakery.com/balharboursq?utm_source=google&utm_medium=gmb,"5V4M+67 Fort Lauderdale, Florida, USA",,added,False,False,henderson@woofgangbakery.com
Woof Gang Bakery & Grooming Fort Lauderdale,2026-09-13,4.6,4.6 stars,Pet groomer,"2394 N Federal Hwy, Fort Lauderdale, FL 33305, United States",+1 954-368-8820,https://www.woofgangbakery.com/balharboursq?utm_source=google&utm_medium=gmb,"5V4M+67 Fort Lauderdale, Florida, USA",,added,False,False,hendersonvilletn@woofgangbakery.com
Woof Gang Bakery & Grooming Fort Lauderdale,2026-09-13,4.6,4.6 stars,Pet groomer,"2394 N Federal Hwy, Fort Lauderdale, FL 33305, United States",+1 954-368-8820,https://www.woofgangbakery.com/balharboursq?utm_source=google&utm_medium=gmb,"5V4M+67 Fort Lauderdale, Florida, USA",,added,False,False,hicksvilleny@woofgangbakery.com
Woof Gang Bakery & Grooming Fort Lauderdale,2026-09-13,4.6,4.6 stars,Pet groomer,"2394 N Federal Hwy, Fort Lauderdale, FL 33305, United States",+1 954-368-8820,https://www.woofgangbakery.com/balharboursq?utm_source=google&utm_medium=gmb,"5V4M+67 Fort Lauderdale, Florida, USA",,added,False,False,highlandsranchco@woofgangbakery.com
Woof Gang Bakery & Grooming Fort Lauderdale,2026-09-13,4.6,4.6 stars,Pet groomer,"2394 N Federal Hwy, Fort Lauderdale, FL 33305, United States",+1 954-368-8820,https://www.woofgangbakery.com/balharboursq?utm_source=google&utm_medium=gmb,"5V4M+67 Fort Lauderdale, Florida, USA",,added,False,False,highlandvillagetx@woofgangbakery.com
Woof Gang Bakery & Grooming Fort Lauderdale,2026-09-13,4.6,4.6 stars,Pet groomer,"2394 N Federal Hwy, Fort Lauderdale, FL 33305, United States",+1 954-368-8820,https://www.woofgangbakery.com/balharboursq?utm_source=google&utm_medium=gmb,"5V4M+67 Fort Lauderdale, Florida, USA",,added,False,False,hiltonheadsc@woofgangbakery.com
Woof Gang Bakery & Grooming Fort Lauderdale,2026-09-13,4.6,4.6 stars,Pet groomer,"2394 N Federal Hwy, Fort Lauderdale, FL 33305, United States",+1 954-368-8820,https://www.woofgangbakery.com/balharboursq?utm_source=google&utm_medium=gmb,"5V4M+67 Fort Lauderdale, Florida, USA",,added,False,False,hobokennj@woofgangbakery.com
Woof Gang Bakery & Grooming Fort Lauderdale,2026-09-13,4.6,4.6 stars,Pet groomer,"2394 N Federal Hwy, Fort Lauderdale, FL 33305, United States",+1 954-368-8820,https://www.woofgangbakery.com/balharboursq?utm_source=google&utm_medium=gmb,"5V4M+67 Fort Lauderdale, Florida, USA",,added,False,False,hollyspringsnc@woofgangbakery.com
Woof Gang Bakery & Grooming Fort Lauderdale,2026-09-13,4.6,4.6 stars,Pet groomer,"2394 N Federal Hwy, Fort Lauderdale, FL 33305, United States",+1 954-368-8820,https://www.woofgangbakery.com/balharboursq?utm_source=google&utm_medium=gmb,"5V4M+67 Fort Lauderdale, Florida, USA",,added,False,False,huntersvillenc@woofgangbakery.com
Woof Gang Bakery & Grooming Fort Lauderdale,2026-09-13,4.6,4.6 stars,Pet groomer,"2394 N Federal Hwy, Fort Lauderdale, FL 33305, United States",+1 954-368-8820,https://www.woofgangbakery.com/balharboursq?utm_source=google&utm_medium=gmb,"5V4M+67 Fort Lauderdale, Florida, USA",,added,False,False,huntingdonvalleypa@woofgangbakery.com
Woof Gang Bakery & Grooming Fort Lauderdale,2026-09-13,4.6,4.6 stars,Pet groomer,"2394 N Federal Hwy, Fort Lauderdale, FL 33305, United States",+1 954-368-8820,https://www.woofgangbakery.com/balharboursq?utm_source=google&utm_medium=gmb,"5V4M+67 Fort Lauderdale, Florida, USA",,added,False,False,huttotx@woofgangbakery.com
Woof Gang Bakery & Grooming Fort Lauderdale,2026-09-13,4.6,4.6 stars,Pet groomer,"2394 N Federal Hwy, Fort Lauderdale, FL 33305, United States",+1 954-368-8820,https://www.woofgangbakery.com/balharboursq?utm_source=google&utm_medium=gmb,"5V4M+67 Fort Lauderdale, Florida, USA",,added,False,False,indianlandsc@woofgangbakery.com
Woof Gang Bakery & Grooming Fort Lauderdale,2026-09-13,4.6,4.6 stars,Pet groomer,"2394 N Federal Hwy, Fort Lauderdale, FL 33305, United States",+1 954-368-8820,https://www.woofgangbakery.com/balharboursq?utm_source=google&utm_medium=gmb,"5V4M+67 Fort Lauderdale, Florida, USA",,added,False,False,ironhorse@woofgangbakery.com
Woof Gang Bakery & Grooming Fort Lauderdale,2026-09-13,4.6,4.6 stars,Pet groomer,"2394 N Federal Hwy, Fort Lauderdale, FL 33305, United States",+1 954-368-8820,https://www.woofgangbakery.com/balharboursq?utm_source=google&utm_medium=gmb,"5V4M+67 Fort Lauderdale, Florida, USA",,added,False,False,issaquahwa@woofgangbakery.com
Woof Gang Bakery & Grooming Fort Lauderdale,2026-09-13,4.6,4.6 stars,Pet groomer,"2394 N Federal Hwy, Fort Lauderdale, FL 33305, United States",+1 954-368-8820,https://www.woofgangbakery.com/balharboursq?utm_source=google&utm_medium=gmb,"5V4M+67 Fort Lauderdale, Florida, USA",,added,False,False,jacksonvillenc@woofgangbakery.com
Woof Gang Bakery & Grooming Fort Lauderdale,2026-09-13,4.6,4.6 stars,Pet groomer,"2394 N Federal Hwy, Fort Lauderdale, FL 33305, United States",+1 954-368-8820,https://www.woofgangbakery.com/balharboursq?utm_source=google&utm_medium=gmb,"5V4M+67 Fort Lauderdale, Florida, USA",,added,False,False,johnscreekga@woofgangbakery.com
Woof Gang Bakery & Grooming Fort Lauderdale,2026-09-13,4.6,4.6 stars,Pet groomer,"2394 N Federal Hwy, Fort Lauderdale, FL 33305, United States",+1 954-368-8820,https://www.woofgangbakery.com/balharboursq?utm_source=google&utm_medium=gmb,"5V4M+67 Fort Lauderdale, Florida, USA",,added,False,False,katy@woofgangbakery.com
Woof Gang Bakery & Grooming Fort Lauderdale,2026-09-13,4.6,4.6 stars,Pet groomer,"2394 N Federal Hwy, Fort Lauderdale, FL 33305, United States",+1 954-368-8820,https://www.woofgangbakery.com/balharboursq?utm_source=google&utm_medium=gmb,"5V4M+67 Fort Lauderdale, Florida, USA",,added,False,False,kendall@woofgangbakery.com
Woof Gang Bakery & Grooming Fort Lauderdale,2026-09-13,4.6,4.6 stars,Pet groomer,"2394 N Federal Hwy, Fort Lauderdale, FL 33305, United States",+1 954-368-8820,https://www.woofgangbakery.com/balharboursq?utm_source=google&utm_medium=gmb,"5V4M+67 Fort Lauderdale, Florida, USA",,added,False,False,keybiscayne@woofgangbakery.com
Woof Gang Bakery & Grooming Fort Lauderdale,2026-09-13,4.6,4.6 stars,Pet groomer,"2394 N Federal Hwy, Fort Lauderdale, FL 33305, United States",+1 954-368-8820,https://www.woofgangbakery.com/balharboursq?utm_source=google&utm_medium=gmb,"5V4M+67 Fort Lauderdale, Florida, USA",,added,False,False,kildairefarmsnc@woofgangbakery.com
Woof Gang Bakery & Grooming Fort Lauderdale,2026-09-13,4.6,4.6 stars,Pet groomer,"2394 N Federal Hwy, Fort Lauderdale, FL 33305, United States",+1 954-368-8820,https://www.woofgangbakery.com/balharboursq?utm_source=google&utm_medium=gmb,"5V4M+67 Fort Lauderdale, Florida, USA",,added,False,False,kingwestvillageon@woofgangbakery.com
Woof Gang Bakery & Grooming Fort Lauderdale,2026-09-13,4.6,4.6 stars,Pet groomer,"2394 N Federal Hwy, Fort Lauderdale, FL 33305, United States",+1 954-368-8820,https://www.woofgangbakery.com/balharboursq?utm_source=google&utm_medium=gmb,"5V4M+67 Fort Lauderdale, Florida, USA",,added,False,False,kingwoodtx@woofgangbakery.com
Woof Gang Bakery & Grooming Fort Lauderdale,2026-09-13,4.6,4.6 stars,Pet groomer,"2394 N Federal Hwy, Fort Lauderdale, FL 33305, United States",+1 954-368-8820,https://www.woofgangbakery.com/balharboursq?utm_source=google&utm_medium=gmb,"5V4M+67 Fort Lauderdale, Florida, USA",,added,False,False,kissimmeefl@woofgangbakery.com
Woof Gang Bakery & Grooming Fort Lauderdale,2026-09-13,4.6,4.6 stars,Pet groomer,"2394 N Federal Hwy, Fort Lauderdale, FL 33305, United States",+1 954-368-8820,https://www.woofgangbakery.com/balharboursq?utm_source=google&utm_medium=gmb,"5V4M+67 Fort Lauderdale, Florida, USA",,added,False,False,knoxvilletn@woofgangbakery.com
Woof Gang Bakery & Grooming Fort Lauderdale,2026-09-13,4.6,4.6 stars,Pet groomer,"2394 N Federal Hwy, Fort Lauderdale, FL 33305, United States",+1 954-368-8820,https://www.woofgangbakery.com/balharboursq?utm_source=google&utm_medium=gmb,"5V4M+67 Fort Lauderdale, Florida, USA",,added,False,False,lacamaswa@woofgangbakery.com
Woof Gang Bakery & Grooming Fort Lauderdale,2026-09-13,4.6,4.6 stars,Pet groomer,"2394 N Federal Hwy, Fort Lauderdale, FL 33305, United States",+1 954-368-8820,https://www.woofgangbakery.com/balharboursq?utm_source=google&utm_medium=gmb,"5V4M+67 Fort Lauderdale, Florida, USA",,added,False,False,lagrangeparkil@woofgangbakery.com
Woof Gang Bakery & Grooming Fort Lauderdale,2026-09-13,4.6,4.6 stars,Pet groomer,"2394 N Federal Hwy, Fort Lauderdale, FL 33305, United States",+1 954-368-8820,https://www.woofgangbakery.com/balharboursq?utm_source=google&utm_medium=gmb,"5V4M+67 Fort Lauderdale, Florida, USA",,added,False,False,lagunaniguelca@woofgangbakery.com
Woof Gang Bakery & Grooming Fort Lauderdale,2026-09-13,4.6,4.6 stars,Pet groomer,"2394 N Federal Hwy, Fort Lauderdale, FL 33305, United States",+1 954-368-8820,https://www.woofgangbakery.com/balharboursq?utm_source=google&utm_medium=gmb,"5V4M+67 Fort Lauderdale, Florida, USA",,added,False,False,lakelandfl@woofgangbakery.com
Woof Gang Bakery & Grooming Fort Lauderdale,2026-09-13,4.6,4.6 stars,Pet groomer,"2394 N Federal Hwy, Fort Lauderdale, FL 33305, United States",+1 954-368-8820,https://www.woofgangbakery.com/balharboursq?utm_source=google&utm_medium=gmb,"5V4M+67 Fort Lauderdale, Florida, USA",,added,False,False,lakemary@woofgangbakery.com
Woof Gang Bakery & Grooming Fort Lauderdale,2026-09-13,4.6,4.6 stars,Pet groomer,"2394 N Federal Hwy, Fort Lauderdale, FL 33305, United States",+1 954-368-8820,https://www.woofgangbakery.com/balharboursq?utm_source=google&utm_medium=gmb,"5V4M+67 Fort Lauderdale, Florida, USA",,added,False,False,lakenona@woofgangbakery.com
Woof Gang Bakery & Grooming Fort Lauderdale,2026-09-13,4.6,4.6 stars,Pet groomer,"2394 N Federal Hwy, Fort Lauderdale, FL 33305, United States",+1 954-368-8820,https://www.woofgangbakery.com/balharboursq?utm_source=google&utm_medium=gmb,"5V4M+67 Fort Lauderdale, Florida, USA",,added,False,False,lakeoswegoor@woofgangbakery.com
Woof Gang Bakery & Grooming Fort Lauderdale,2026-09-13,4.6,4.6 stars,Pet groomer,"2394 N Federal Hwy, Fort Lauderdale, FL 33305, United States",+1 954-368-8820,https://www.woofgangbakery.com/balharboursq?utm_source=google&utm_medium=gmb,"5V4M+67 Fort Lauderdale, Florida, USA",,added,False,False,lakepleasantaz@woofgangbakery.com
Woof Gang Bakery & Grooming Fort Lauderdale,2026-09-13,4.6,4.6 stars,Pet groomer,"2394 N Federal Hwy, Fort Lauderdale, FL 33305, United States",+1 954-368-8820,https://www.woofgangbakery.com/balharboursq?utm_source=google&utm_medium=gmb,"5V4M+67 Fort Lauderdale, Florida, USA",,added,False,False,lakesidevillage@woofgangbakery.com
Woof Gang Bakery & Grooming Fort Lauderdale,2026-09-13,4.6,4.6 stars,Pet groomer,"2394 N Federal Hwy, Fort Lauderdale, FL 33305, United States",+1 954-368-8820,https://www.woofgangbakery.com/balharboursq?utm_source=google&utm_medium=gmb,"5V4M+67 Fort Lauderdale, Florida, USA",,added,False,False,lakewoodranch@woofgangbakery.com
Woof Gang Bakery & Grooming Fort Lauderdale,2026-09-13,4.6,4.6 stars,Pet groomer,"2394 N Federal Hwy, Fort Lauderdale, FL 33305, United States",+1 954-368-8820,https://www.woofgangbakery.com/balharboursq?utm_source=google&utm_medium=gmb,"5V4M+67 Fort Lauderdale, Florida, USA",,added,False,False,landstar@woofgangbakery.com
Woof Gang Bakery & Grooming Fort Lauderdale,2026-09-13,4.6,4.6 stars,Pet groomer,"2394 N Federal Hwy, Fort Lauderdale, FL 33305, United States",+1 954-368-8820,https://www.woofgangbakery.com/balharboursq?utm_source=google&utm_medium=gmb,"5V4M+67 Fort Lauderdale, Florida, USA",,added,False,False,laniercommonsga@woofgangbakery.com
Woof Gang Bakery & Grooming Fort Lauderdale,2026-09-13,4.6,4.6 stars,Pet groomer,"2394 N Federal Hwy, Fort Lauderdale, FL 33305, United States",+1 954-368-8820,https://www.woofgangbakery.com/balharboursq?utm_source=google&utm_medium=gmb,"5V4M+67 Fort Lauderdale, Florida, USA",,added,False,False,larkspurca@woofgangbakery.com
Woof Gang Bakery & Grooming Fort Lauderdale,2026-09-13,4.6,4.6 stars,Pet groomer,"2394 N Federal Hwy, Fort Lauderdale, FL 33305, United States",+1 954-368-8820,https://www.woofgangbakery.com/balharboursq?utm_source=google&utm_medium=gmb,"5V4M+67 Fort Lauderdale, Florida, USA",,added,False,False,lasvegas@woofgangbakery.com
Woof Gang Bakery & Grooming Fort Lauderdale,2026-09-13,4.6,4.6 stars,Pet groomer,"2394 N Federal Hwy, Fort Lauderdale, FL 33305, United States",+1 954-368-8820,https://www.woofgangbakery.com/balharboursq?utm_source=google&utm_medium=gmb,"5V4M+67 Fort Lauderdale, Florida, USA",,added,False,False,leslievilleon@woofgangbakery.com
Woof Gang Bakery & Grooming Fort Lauderdale,2026-09-13,4.6,4.6 stars,Pet groomer,"2394 N Federal Hwy, Fort Lauderdale, FL 33305, United States",+1 954-368-8820,https://www.woofgangbakery.com/balharboursq?utm_source=google&utm_medium=gmb,"5V4M+67 Fort Lauderdale, Florida, USA",,added,False,False,lincolnhillsca@woofgangbakery.com
Woof Gang Bakery & Grooming Fort Lauderdale,2026-09-13,4.6,4.6 stars,Pet groomer,"2394 N Federal Hwy, Fort Lauderdale, FL 33305, United States",+1 954-368-8820,https://www.woofgangbakery.com/balharboursq?utm_source=google&utm_medium=gmb,"5V4M+67 Fort Lauderdale, Florida, USA",,added,False,False,lincolnparkil@woofgangbakery.com
Woof Gang Bakery & Grooming Fort Lauderdale,2026-09-13,4.6,4.6 stars,Pet groomer,"2394 N Federal Hwy, Fort Lauderdale, FL 33305, United States",+1 954-368-8820,https://www.woofgangbakery.com/balharboursq?utm_source=google&utm_medium=gmb,"5V4M+67 Fort Lauderdale, Florida, USA",,added,False,False,livermoreca@woofgangbakery.com
Woof Gang Bakery & Grooming Fort Lauderdale,2026-09-13,4.6,4.6 stars,Pet groomer,"2394 N Federal Hwy, Fort Lauderdale, FL 33305, United States",+1 954-368-8820,https://www.woofgangbakery.com/balharboursq?utm_source=google&utm_medium=gmb,"5V4M+67 Fort Lauderdale, Florida, USA",,added,False,False,longwood@woofgangbakery.com
Woof Gang Bakery & Grooming Fort Lauderdale,2026-09-13,4.6,4.6 stars,Pet groomer,"2394 N Federal Hwy, Fort Lauderdale, FL 33305, United States",+1 954-368-8820,https://www.woofgangbakery.com/balharboursq?utm_source=google&utm_medium=gmb,"5V4M+67 Fort Lauderdale, Florida, USA",,added,False,False,lubbocksouthtx@woofgangbakery.com
Woof Gang Bakery & Grooming Fort Lauderdale,2026-09-13,4.6,4.6 stars,Pet groomer,"2394 N Federal Hwy, Fort Lauderdale, FL 33305, United States",+1 954-368-8820,https://www.woofgangbakery.com/balharboursq?utm_source=google&utm_medium=gmb,"5V4M+67 Fort Lauderdale, Florida, USA",,added,False,False,lutzfl@woofgangbakery.com
Woof Gang Bakery & Grooming Fort Lauderdale,2026-09-13,4.6,4.6 stars,Pet groomer,"2394 N Federal Hwy, Fort Lauderdale, FL 33305, United States",+1 954-368-8820,https://www.woofgangbakery.com/balharboursq?utm_source=google&utm_medium=gmb,"5V4M+67 Fort Lauderdale, Florida, USA",,added,False,False,magnoliaparksc@woofgangbakery.com
Woof Gang Bakery & Grooming Fort Lauderdale,2026-09-13,4.6,4.6 stars,Pet groomer,"2394 N Federal Hwy, Fort Lauderdale, FL 33305, United States",+1 954-368-8820,https://www.woofgangbakery.com/balharboursq?utm_source=google&utm_medium=gmb,"5V4M+67 Fort Lauderdale, Florida, USA",,added,False,False,magnoliavillagetx@woofgangbakery.com
Woof Gang Bakery & Grooming Fort Lauderdale,2026-09-13,4.6,4.6 stars,Pet groomer,"2394 N Federal Hwy, Fort Lauderdale, FL 33305, United States",+1 954-368-8820,https://www.woofgangbakery.com/balharboursq?utm_source=google&utm_medium=gmb,"5V4M+67 Fort Lauderdale, Florida, USA",,added,False,False,maguirefl@woofgangbakery.com
Woof Gang Bakery & Grooming Fort Lauderdale,2026-09-13,4.6,4.6 stars,Pet groomer,"2394 N Federal Hwy, Fort Lauderdale, FL 33305, United States",+1 954-368-8820,https://www.woofgangbakery.com/balharboursq?utm_source=google&utm_medium=gmb,"5V4M+67 Fort Lauderdale, Florida, USA",,added,False,False,maitlandfl@woofgangbakery.com
Woof Gang Bakery & Grooming Fort Lauderdale,2026-09-13,4.6,4.6 stars,Pet groomer,"2394 N Federal Hwy, Fort Lauderdale, FL 33305, United States",+1 954-368-8820,https://www.woofgangbakery.com/balharboursq?utm_source=google&utm_medium=gmb,"5V4M+67 Fort Lauderdale, Florida, USA",,added,False,False,manliusny@woofgangbakery.com
Woof Gang Bakery & Grooming Fort Lauderdale,2026-09-13,4.6,4.6 stars,Pet groomer,"2394 N Federal Hwy, Fort Lauderdale, FL 33305, United States",+1 954-368-8820,https://www.woofgangbakery.com/balharboursq?utm_source=google&utm_medium=gmb,"5V4M+67 Fort Lauderdale, Florida, USA",,added,False,False,mariettaga@woofgangbakery.com
Woof Gang Bakery & Grooming Fort Lauderdale,2026-09-13,4.6,4.6 stars,Pet groomer,"2394 N Federal Hwy, Fort Lauderdale, FL 33305, United States",+1 954-368-8820,https://www.woofgangbakery.com/balharboursq?utm_source=google&utm_medium=gmb,"5V4M+67 Fort Lauderdale, Florida, USA",,added,False,False,mckinney@woofgangbakery.com
Woof Gang Bakery & Grooming Fort Lauderdale,2026-09-13,4.6,4.6 stars,Pet groomer,"2394 N Federal Hwy, Fort Lauderdale, FL 33305, United States",+1 954-368-8820,https://www.woofgangbakery.com/balharboursq?utm_source=google&utm_medium=gmb,"5V4M+67 Fort Lauderdale, Florida, USA",,added,False,False,merrickparkfl@woofgangbakery.com
Woof Gang Bakery & Grooming Fort Lauderdale,2026-09-13,4.6,4.6 stars,Pet groomer,"2394 N Federal Hwy, Fort Lauderdale, FL 33305, United States",+1 954-368-8820,https://www.woofgangbakery.com/balharboursq?utm_source=google&utm_medium=gmb,"5V4M+67 Fort Lauderdale, Florida, USA",,added,False,False,metuchennj@woofgangbakery.com
Woof Gang Bakery & Grooming Fort Lauderdale,2026-09-13,4.6,4.6 stars,Pet groomer,"2394 N Federal Hwy, Fort Lauderdale, FL 33305, United States",+1 954-368-8820,https://www.woofgangbakery.com/balharboursq?utm_source=google&utm_medium=gmb,"5V4M+67 Fort Lauderdale, Florida, USA",,added,False,False,miamilakes@woofgangbakery.com
Woof Gang Bakery & Grooming Fort Lauderdale,2026-09-13,4.6,4.6 stars,Pet groomer,"2394 N Federal Hwy, Fort Lauderdale, FL 33305, United States",+1 954-368-8820,https://www.woofgangbakery.com/balharboursq?utm_source=google&utm_medium=gmb,"5V4M+67 Fort Lauderdale, Florida, USA",,added,False,False,middletonwi@woofgangbakery.com
Woof Gang Bakery & Grooming Fort Lauderdale,2026-09-13,4.6,4.6 stars,Pet groomer,"2394 N Federal Hwy, Fort Lauderdale, FL 33305, United States",+1 954-368-8820,https://www.woofgangbakery.com/balharboursq?utm_source=google&utm_medium=gmb,"5V4M+67 Fort Lauderdale, Florida, USA",,added,False,False,middletownde@woofgangbakery.com
Woof Gang Bakery & Grooming Fort Lauderdale,2026-09-13,4.6,4.6 stars,Pet groomer,"2394 N Federal Hwy, Fort Lauderdale, FL 33305, United States",+1 954-368-8820,https://www.woofgangbakery.com/balharboursq?utm_source=google&utm_medium=gmb,"5V4M+67 Fort Lauderdale, Florida, USA",,added,False,False,midland@woofgangbakery.com
Woof Gang Bakery & Grooming Fort Lauderdale,2026-09-13,4.6,4.6 stars,Pet groomer,"2394 N Federal Hwy, Fort Lauderdale, FL 33305, United States",+1 954-368-8820,https://www.woofgangbakery.com/balharboursq?utm_source=google&utm_medium=gmb,"5V4M+67 Fort Lauderdale, Florida, USA",,added,False,False,midlandcommonsga@woofgangbakery.com
Woof Gang Bakery & Grooming Fort Lauderdale,2026-09-13,4.6,4.6 stars,Pet groomer,"2394 N Federal Hwy, Fort Lauderdale, FL 33305, United States",+1 954-368-8820,https://www.woofgangbakery.com/balharboursq?utm_source=google&utm_medium=gmb,"5V4M+67 Fort Lauderdale, Florida, USA",,added,False,False,midtownsacca@woofgangbakery.com
Woof Gang Bakery & Grooming Fort Lauderdale,2026-09-13,4.6,4.6 stars,Pet groomer,"2394 N Federal Hwy, Fort Lauderdale, FL 33305, United States",+1 954-368-8820,https://www.woofgangbakery.com/balharboursq?utm_source=google&utm_medium=gmb,"5V4M+67 Fort Lauderdale, Florida, USA",,added,False,False,midwilshireca@woofgangbakery.com
Woof Gang Bakery & Grooming Fort Lauderdale,2026-09-13,4.6,4.6 stars,Pet groomer,"2394 N Federal Hwy, Fort Lauderdale, FL 33305, United States",+1 954-368-8820,https://www.woofgangbakery.com/balharboursq?utm_source=google&utm_medium=gmb,"5V4M+67 Fort Lauderdale, Florida, USA",,added,False,False,miltonga@woofgangbakery.com
Woof Gang Bakery & Grooming Fort Lauderdale,2026-09-13,4.6,4.6 stars,Pet groomer,"2394 N Federal Hwy, Fort Lauderdale, FL 33305, United States",+1 954-368-8820,https://www.woofgangbakery.com/balharboursq?utm_source=google&utm_medium=gmb,"5V4M+67 Fort Lauderdale, Florida, USA",,added,False,False,missionfarmsks@woofgangbakery.com
Woof Gang Bakery & Grooming Fort Lauderdale,2026-09-13,4.6,4.6 stars,Pet groomer,"2394 N Federal Hwy, Fort Lauderdale, FL 33305, United States",+1 954-368-8820,https://www.woofgangbakery.com/balharboursq?utm_source=google&utm_medium=gmb,"5V4M+67 Fort Lauderdale, Florida, USA",,added,False,False,monckscornersc@woofgangbakery.com
Woof Gang Bakery & Grooming Fort Lauderdale,2026-09-13,4.6,4.6 stars,Pet groomer,"2394 N Federal Hwy, Fort Lauderdale, FL 33305, United States",+1 954-368-8820,https://www.woofgangbakery.com/balharboursq?utm_source=google&utm_medium=gmb,"5V4M+67 Fort Lauderdale, Florida, USA",,added,False,False,montgomerytx@woofgangbakery.com
Woof Gang Bakery & Grooming Fort Lauderdale,2026-09-13,4.6,4.6 stars,Pet groomer,"2394 N Federal Hwy, Fort Lauderdale, FL 33305, United States",+1 954-368-8820,https://www.woofgangbakery.com/balharboursq?utm_source=google&utm_medium=gmb,"5V4M+67 Fort Lauderdale, Florida, USA",,added,False,False,montvalenj@woofgangbakery.com
Woof Gang Bakery & Grooming Fort Lauderdale,2026-09-13,4.6,4.6 stars,Pet groomer,"2394 N Federal Hwy, Fort Lauderdale, FL 33305, United States",+1 954-368-8820,https://www.woofgangbakery.com/balharboursq?utm_source=google&utm_medium=gmb,"5V4M+67 Fort Lauderdale, Florida, USA",,added,False,False,mooresvillenc@woofgangbakery.com
Woof Gang Bakery & Grooming Fort Lauderdale,2026-09-13,4.6,4.6 stars,Pet groomer,"2394 N Federal Hwy, Fort Lauderdale, FL 33305, United States",+1 954-368-8820,https://www.woofgangbakery.com/balharboursq?utm_source=google&utm_medium=gmb,"5V4M+67 Fort Lauderdale, Florida, USA",,added,False,False,morrisonranchaz@woofgangbakery.com
Woof Gang Bakery & Grooming Fort Lauderdale,2026-09-13,4.6,4.6 stars,Pet groomer,"2394 N Federal Hwy, Fort Lauderdale, FL 33305, United States",+1 954-368-8820,https://www.woofgangbakery.com/balharboursq?utm_source=google&utm_medium=gmb,"5V4M+67 Fort Lauderdale, Florida, USA",,added,False,False,mtpleasant@woofgangbakery.com
Woof Gang Bakery & Grooming Fort Lauderdale,2026-09-13,4.6,4.6 stars,Pet groomer,"2394 N Federal Hwy, Fort Lauderdale, FL 33305, United States",+1 954-368-8820,https://www.woofgangbakery.com/balharboursq?utm_source=google&utm_medium=gmb,"5V4M+67 Fort Lauderdale, Florida, USA",,added,False,False,mueller@woofgangbakery.com
Woof Gang Bakery & Grooming Fort Lauderdale,2026-09-13,4.6,4.6 stars,Pet groomer,"2394 N Federal Hwy, Fort Lauderdale, FL 33305, United States",+1 954-368-8820,https://www.woofgangbakery.com/balharboursq?utm_source=google&utm_medium=gmb,"5V4M+67 Fort Lauderdale, Florida, USA",,added,False,False,murabella@woofgangbakery.com
Woof Gang Bakery & Grooming Fort Lauderdale,2026-09-13,4.6,4.6 stars,Pet groomer,"2394 N Federal Hwy, Fort Lauderdale, FL 33305, United States",+1 954-368-8820,https://www.woofgangbakery.com/balharboursq?utm_source=google&utm_medium=gmb,"5V4M+67 Fort Lauderdale, Florida, USA",,added,False,False,napervilleil@woofgangbakery.com
Woof Gang Bakery & Grooming Fort Lauderdale,2026-09-13,4.6,4.6 stars,Pet groomer,"2394 N Federal Hwy, Fort Lauderdale, FL 33305, United States",+1 954-368-8820,https://www.woofgangbakery.com/balharboursq?utm_source=google&utm_medium=gmb,"5V4M+67 Fort Lauderdale, Florida, USA",,added,False,False,newbraunfels@woofgangbakery.com
Woof Gang Bakery & Grooming Fort Lauderdale,2026-09-13,4.6,4.6 stars,Pet groomer,"2394 N Federal Hwy, Fort Lauderdale, FL 33305, United States",+1 954-368-8820,https://www.woofgangbakery.com/balharboursq?utm_source=google&utm_medium=gmb,"5V4M+67 Fort Lauderdale, Florida, USA",,added,False,False,newmarketeaston@woofgangbakery.com
Woof Gang Bakery & Grooming Fort Lauderdale,2026-09-13,4.6,4.6 stars,Pet groomer,"2394 N Federal Hwy, Fort Lauderdale, FL 33305, United States",+1 954-368-8820,https://www.woofgangbakery.com/balharboursq?utm_source=google&utm_medium=gmb,"5V4M+67 Fort Lauderdale, Florida, USA",,added,False,False,newtampa@woofgangbakery.com
Woof Gang Bakery & Grooming Fort Lauderdale,2026-09-13,4.6,4.6 stars,Pet groomer,"2394 N Federal Hwy, Fort Lauderdale, FL 33305, United States",+1 954-368-8820,https://www.woofgangbakery.com/balharboursq?utm_source=google&utm_medium=gmb,"5V4M+67 Fort Lauderdale, Florida, USA",,added,False,False,nocatee@woofgangbakery.com
Woof Gang Bakery & Grooming Fort Lauderdale,2026-09-13,4.6,4.6 stars,Pet groomer,"2394 N Federal Hwy, Fort Lauderdale, FL 33305, United States",+1 954-368-8820,https://www.woofgangbakery.com/balharboursq?utm_source=google&utm_medium=gmb,"5V4M+67 Fort Lauderdale, Florida, USA",,added,False,False,northshoretn@woofgangbakery.com
Woof Gang Bakery & Grooming Fort Lauderdale,2026-09-13,4.6,4.6 stars,Pet groomer,"2394 N Federal Hwy, Fort Lauderdale, FL 33305, United States",+1 954-368-8820,https://www.woofgangbakery.com/balharboursq?utm_source=google&utm_medium=gmb,"5V4M+67 Fort Lauderdale, Florida, USA",,added,False,False,northvillemi@woofgangbakery.com
Woof Gang Bakery & Grooming Fort Lauderdale,2026-09-13,4.6,4.6 stars,Pet groomer,"2394 N Federal Hwy, Fort Lauderdale, FL 33305, United States",+1 954-368-8820,https://www.woofgangbakery.com/balharboursq?utm_source=google&utm_medium=gmb,"5V4M+67 Fort Lauderdale, Florida, USA",,added,False,False,nortoncommonsky@woofgangbakery.com
Woof Gang Bakery & Grooming Fort Lauderdale,2026-09-13,4.6,4.6 stars,Pet groomer,"2394 N Federal Hwy, Fort Lauderdale, FL 33305, United States",+1 954-368-8820,https://www.woofgangbakery.com/balharboursq?utm_source=google&utm_medium=gmb,"5V4M+67 Fort Lauderdale, Florida, USA",,added,False,False,npalmbeach@woofgangbakery.com
Woof Gang Bakery & Grooming Fort Lauderdale,2026-09-13,4.6,4.6 stars,Pet groomer,"2394 N Federal Hwy, Fort Lauderdale, FL 33305, United States",+1 954-368-8820,https://www.woofgangbakery.com/balharboursq?utm_source=google&utm_medium=gmb,"5V4M+67 Fort Lauderdale, Florida, USA",,added,False,False,nstapleyaz@woofgangbakery.com
Woof Gang Bakery & Grooming Fort Lauderdale,2026-09-13,4.6,4.6 stars,Pet groomer,"2394 N Federal Hwy, Fort Lauderdale, FL 33305, United States",+1 954-368-8820,https://www.woofgangbakery.com/balharboursq?utm_source=google&utm_medium=gmb,"5V4M+67 Fort Lauderdale, Florida, USA",,added,False,False,oakleyca@woofgangbakery.com
Woof Gang Bakery & Grooming Fort Lauderdale,2026-09-13,4.6,4.6 stars,Pet groomer,"2394 N Federal Hwy, Fort Lauderdale, FL 33305, United States",+1 954-368-8820,https://www.woofgangbakery.com/balharboursq?utm_source=google&utm_medium=gmb,"5V4M+67 Fort Lauderdale, Florida, USA",,added,False,False,oakvillebrontevillageon@woofgangbakery.com
Woof Gang Bakery & Grooming Fort Lauderdale,2026-09-13,4.6,4.6 stars,Pet groomer,"2394 N Federal Hwy, Fort Lauderdale, FL 33305, United States",+1 954-368-8820,https://www.woofgangbakery.com/balharboursq?utm_source=google&utm_medium=gmb,"5V4M+67 Fort Lauderdale, Florida, USA",,added,False,False,oakvilleweston@woofgangbakery.com
Woof Gang Bakery & Grooming Fort Lauderdale,2026-09-13,4.6,4.6 stars,Pet groomer,"2394 N Federal Hwy, Fort Lauderdale, FL 33305, United States",+1 954-368-8820,https://www.woofgangbakery.com/balharboursq?utm_source=google&utm_medium=gmb,"5V4M+67 Fort Lauderdale, Florida, USA",,added,False,False,ocoee@woofgangbakery.com
Woof Gang Bakery & Grooming Fort Lauderdale,2026-09-13,4.6,4.6 stars,Pet groomer,"2394 N Federal Hwy, Fort Lauderdale, FL 33305, United States",+1 954-368-8820,https://www.woofgangbakery.com/balharboursq?utm_source=google&utm_medium=gmb,"5V4M+67 Fort Lauderdale, Florida, USA",,added,False,False,oldbridgenj@woofgangbakery.com
Woof Gang Bakery & Grooming Fort Lauderdale,2026-09-13,4.6,4.6 stars,Pet groomer,"2394 N Federal Hwy, Fort Lauderdale, FL 33305, United States",+1 954-368-8820,https://www.woofgangbakery.com/balharboursq?utm_source=google&utm_medium=gmb,"5V4M+67 Fort Lauderdale, Florida, USA",,added,False,False,olympushillsut@woofgangbakery.com
Woof Gang Bakery & Grooming Fort Lauderdale,2026-09-13,4.6,4.6 stars,Pet groomer,"2394 N Federal Hwy, Fort Lauderdale, FL 33305, United States",+1 954-368-8820,https://www.woofgangbakery.com/balharboursq?utm_source=google&utm_medium=gmb,"5V4M+67 Fort Lauderdale, Florida, USA",,added,False,False,orlando@woofgangbakery.com
Woof Gang Bakery & Grooming Fort Lauderdale,2026-09-13,4.6,4.6 stars,Pet groomer,"2394 N Federal Hwy, Fort Lauderdale, FL 33305, United States",+1 954-368-8820,https://www.woofgangbakery.com/balharboursq?utm_source=google&utm_medium=gmb,"5V4M+67 Fort Lauderdale, Florida, USA",,added,False,False,ormondbeach@woofgangbakery.com
Woof Gang Bakery & Grooming Fort Lauderdale,2026-09-13,4.6,4.6 stars,Pet groomer,"2394 N Federal Hwy, Fort Lauderdale, FL 33305, United States",+1 954-368-8820,https://www.woofgangbakery.com/balharboursq?utm_source=google&utm_medium=gmb,"5V4M+67 Fort Lauderdale, Florida, USA",,added,False,False,otayranchca@woofgangbakery.com
Woof Gang Bakery & Grooming Fort Lauderdale,2026-09-13,4.6,4.6 stars,Pet groomer,"2394 N Federal Hwy, Fort Lauderdale, FL 33305, United States",+1 954-368-8820,https://www.woofgangbakery.com/balharboursq?utm_source=google&utm_medium=gmb,"5V4M+67 Fort Lauderdale, Florida, USA",,added,False,False,otownwestfl@woofgangbakery.com
Woof Gang Bakery & Grooming Fort Lauderdale,2026-09-13,4.6,4.6 stars,Pet groomer,"2394 N Federal Hwy, Fort Lauderdale, FL 33305, United States",+1 954-368-8820,https://www.woofgangbakery.com/balharboursq?utm_source=google&utm_medium=gmb,"5V4M+67 Fort Lauderdale, Florida, USA",,added,False,False,overlandpark@woofgangbakery.com
Woof Gang Bakery & Grooming Fort Lauderdale,2026-09-13,4.6,4.6 stars,Pet groomer,"2394 N Federal Hwy, Fort Lauderdale, FL 33305, United States",+1 954-368-8820,https://www.woofgangbakery.com/balharboursq?utm_source=google&utm_medium=gmb,"5V4M+67 Fort Lauderdale, Florida, USA",,added,False,False,oviedofl@woofgangbakery.com
Woof Gang Bakery & Grooming Fort Lauderdale,2026-09-13,4.6,4.6 stars,Pet groomer,"2394 N Federal Hwy, Fort Lauderdale, FL 33305, United States",+1 954-368-8820,https://www.woofgangbakery.com/balharboursq?utm_source=google&utm_medium=gmb,"5V4M+67 Fort Lauderdale, Florida, USA",,added,False,False,pacificcommonsca@woofgangbakery.com
Woof Gang Bakery & Grooming Fort Lauderdale,2026-09-13,4.6,4.6 stars,Pet groomer,"2394 N Federal Hwy, Fort Lauderdale, FL 33305, United States",+1 954-368-8820,https://www.woofgangbakery.com/balharboursq?utm_source=google&utm_medium=gmb,"5V4M+67 Fort Lauderdale, Florida, USA",,added,False,False,palmbeach@woofgangbakery.com
Woof Gang Bakery & Grooming Fort Lauderdale,2026-09-13,4.6,4.6 stars,Pet groomer,"2394 N Federal Hwy, Fort Lauderdale, FL 33305, United States",+1 954-368-8820,https://www.woofgangbakery.com/balharboursq?utm_source=google&utm_medium=gmb,"5V4M+67 Fort Lauderdale, Florida, USA",,added,False,False,palmcity@woofgangbakery.com
Woof Gang Bakery & Grooming Fort Lauderdale,2026-09-13,4.6,4.6 stars,Pet groomer,"2394 N Federal Hwy, Fort Lauderdale, FL 33305, United States",+1 954-368-8820,https://www.woofgangbakery.com/balharboursq?utm_source=google&utm_medium=gmb,"5V4M+67 Fort Lauderdale, Florida, USA",,added,False,False,palmdesertca@woofgangbakery.com
Woof Gang Bakery & Grooming Fort Lauderdale,2026-09-13,4.6,4.6 stars,Pet groomer,"2394 N Federal Hwy, Fort Lauderdale, FL 33305, United States",+1 954-368-8820,https://www.woofgangbakery.com/balharboursq?utm_source=google&utm_medium=gmb,"5V4M+67 Fort Lauderdale, Florida, USA",,added,False,False,palmettosc@woofgangbakery.com
Woof Gang Bakery & Grooming Fort Lauderdale,2026-09-13,4.6,4.6 stars,Pet groomer,"2394 N Federal Hwy, Fort Lauderdale, FL 33305, United States",+1 954-368-8820,https://www.woofgangbakery.com/balharboursq?utm_source=google&utm_medium=gmb,"5V4M+67 Fort Lauderdale, Florida, USA",,added,False,False,palmvalleyaz@woofgangbakery.com
Woof Gang Bakery & Grooming Fort Lauderdale,2026-09-13,4.6,4.6 stars,Pet groomer,"2394 N Federal Hwy, Fort Lauderdale, FL 33305, United States",+1 954-368-8820,https://www.woofgangbakery.com/balharboursq?utm_source=google&utm_medium=gmb,"5V4M+67 Fort Lauderdale, Florida, USA",,added,False,False,paloaltoca@woofgangbakery.com
Woof Gang Bakery & Grooming Fort Lauderdale,2026-09-13,4.6,4.6 stars,Pet groomer,"2394 N Federal Hwy, Fort Lauderdale, FL 33305, United States",+1 954-368-8820,https://www.woofgangbakery.com/balharboursq?utm_source=google&utm_medium=gmb,"5V4M+67 Fort Lauderdale, Florida, USA",,added,False,False,panthercreektx@woofgangbakery.com
Woof Gang Bakery & Grooming Fort Lauderdale,2026-09-13,4.6,4.6 stars,Pet groomer,"2394 N Federal Hwy, Fort Lauderdale, FL 33305, United States",+1 954-368-8820,https://www.woofgangbakery.com/balharboursq?utm_source=google&utm_medium=gmb,"5V4M+67 Fort Lauderdale, Florida, USA",,added,False,False,parkerco@woofgangbakery.com
Woof Gang Bakery & Grooming Fort Lauderdale,2026-09-13,4.6,4.6 stars,Pet groomer,"2394 N Federal Hwy, Fort Lauderdale, FL 33305, United States",+1 954-368-8820,https://www.woofgangbakery.com/balharboursq?utm_source=google&utm_medium=gmb,"5V4M+67 Fort Lauderdale, Florida, USA",,added,False,False,parkland@woofgangbakery.com
Woof Gang Bakery & Grooming Fort Lauderdale,2026-09-13,4.6,4.6 stars,Pet groomer,"2394 N Federal Hwy, Fort Lauderdale, FL 33305, United States",+1 954-368-8820,https://www.woofgangbakery.com/balharboursq?utm_source=google&utm_medium=gmb,"5V4M+67 Fort Lauderdale, Florida, USA",,added,False,False,parkplaceca@woofgangbakery.com
Woof Gang Bakery & Grooming Fort Lauderdale,2026-09-13,4.6,4.6 stars,Pet groomer,"2394 N Federal Hwy, Fort Lauderdale, FL 33305, United States",+1 954-368-8820,https://www.woofgangbakery.com/balharboursq?utm_source=google&utm_medium=gmb,"5V4M+67 Fort Lauderdale, Florida, USA",,added,False,False,parkslopeny@woofgangbakery.com
Woof Gang Bakery & Grooming Fort Lauderdale,2026-09-13,4.6,4.6 stars,Pet groomer,"2394 N Federal Hwy, Fort Lauderdale, FL 33305, United States",+1 954-368-8820,https://www.woofgangbakery.com/balharboursq?utm_source=google&utm_medium=gmb,"5V4M+67 Fort Lauderdale, Florida, USA",,added,False,False,pawleysisland@woofgangbakery.com
Woof Gang Bakery & Grooming Fort Lauderdale,2026-09-13,4.6,4.6 stars,Pet groomer,"2394 N Federal Hwy, Fort Lauderdale, FL 33305, United States",+1 954-368-8820,https://www.woofgangbakery.com/balharboursq?utm_source=google&utm_medium=gmb,"5V4M+67 Fort Lauderdale, Florida, USA",,added,False,False,pbg@woofgangbakery.com
Woof Gang Bakery & Grooming Fort Lauderdale,2026-09-13,4.6,4.6 stars,Pet groomer,"2394 N Federal Hwy, Fort Lauderdale, FL 33305, United States",+1 954-368-8820,https://www.woofgangbakery.com/balharboursq?utm_source=google&utm_medium=gmb,"5V4M+67 Fort Lauderdale, Florida, USA",,added,False,False,peachtreecityga@woofgangbakery.com
Woof Gang Bakery & Grooming Fort Lauderdale,2026-09-13,4.6,4.6 stars,Pet groomer,"2394 N Federal Hwy, Fort Lauderdale, FL 33305, United States",+1 954-368-8820,https://www.woofgangbakery.com/balharboursq?utm_source=google&utm_medium=gmb,"5V4M+67 Fort Lauderdale, Florida, USA",,added,False,False,pearltx@woofgangbakery.com
Woof Gang Bakery & Grooming Fort Lauderdale,2026-09-13,4.6,4.6 stars,Pet groomer,"2394 N Federal Hwy, Fort Lauderdale, FL 33305, United States",+1 954-368-8820,https://www.woofgangbakery.com/balharboursq?utm_source=google&utm_medium=gmb,"5V4M+67 Fort Lauderdale, Florida, USA",,added,False,False,pembrokepines@woofgangbakery.com
Woof Gang Bakery & Grooming Fort Lauderdale,2026-09-13,4.6,4.6 stars,Pet groomer,"2394 N Federal Hwy, Fort Lauderdale, FL 33305, United States",+1 954-368-8820,https://www.woofgangbakery.com/balharboursq?utm_source=google&utm_medium=gmb,"5V4M+67 Fort Lauderdale, Florida, USA",,added,False,False,peninsulamarketplaceca@woofgangbakery.com
Woof Gang Bakery & Grooming Fort Lauderdale,2026-09-13,4.6,4.6 stars,Pet groomer,"2394 N Federal Hwy, Fort Lauderdale, FL 33305, United States",+1 954-368-8820,https://www.woofgangbakery.com/balharboursq?utm_source=google&utm_medium=gmb,"5V4M+67 Fort Lauderdale, Florida, USA",,added,False,False,pinecrestfl@woofgangbakery.com
Woof Gang Bakery & Grooming Fort Lauderdale,2026-09-13,4.6,4.6 stars,Pet groomer,"2394 N Federal Hwy, Fort Lauderdale, FL 33305, United States",+1 954-368-8820,https://www.woofgangbakery.com/balharboursq?utm_source=google&utm_medium=gmb,"5V4M+67 Fort Lauderdale, Florida, USA",,added,False,False,pittsboronc@woofgangbakery.com
Woof Gang Bakery & Grooming Fort Lauderdale,2026-09-13,4.6,4.6 stars,Pet groomer,"2394 N Federal Hwy, Fort Lauderdale, FL 33305, United States",+1 954-368-8820,https://www.woofgangbakery.com/balharboursq?utm_source=google&utm_medium=gmb,"5V4M+67 Fort Lauderdale, Florida, USA",,added,False,False,placervilleca@woofgangbakery.com
Woof Gang Bakery & Grooming Fort Lauderdale,2026-09-13,4.6,4.6 stars,Pet groomer,"2394 N Federal Hwy, Fort Lauderdale, FL 33305, United States",+1 954-368-8820,https://www.woofgangbakery.com/balharboursq?utm_source=google&utm_medium=gmb,"5V4M+67 Fort Lauderdale, Florida, USA",,added,False,False,plainviewky@woofgangbakery.com
Woof Gang Bakery & Grooming Fort Lauderdale,2026-09-13,4.6,4.6 stars,Pet groomer,"2394 N Federal Hwy, Fort Lauderdale, FL 33305, United States",+1 954-368-8820,https://www.woofgangbakery.com/balharboursq?utm_source=google&utm_medium=gmb,"5V4M+67 Fort Lauderdale, Florida, USA",,added,False,False,plano@woofgangbakery.com
Woof Gang Bakery & Grooming Fort Lauderdale,2026-09-13,4.6,4.6 stars,Pet groomer,"2394 N Federal Hwy, Fort Lauderdale, FL 33305, United States",+1 954-368-8820,https://www.woofgangbakery.com/balharboursq?utm_source=google&utm_medium=gmb,"5V4M+67 Fort Lauderdale, Florida, USA",,added,False,False,plantationfl@woofgangbakery.com
Woof Gang Bakery & Grooming Fort Lauderdale,2026-09-13,4.6,4.6 stars,Pet groomer,"2394 N Federal Hwy, Fort Lauderdale, FL 33305, United States",+1 954-368-8820,https://www.woofgangbakery.com/balharboursq?utm_source=google&utm_medium=gmb,"5V4M+67 Fort Lauderdale, Florida, USA",,added,False,False,plazamidwoodnc@woofgangbakery.com
Woof Gang Bakery & Grooming Fort Lauderdale,2026-09-13,4.6,4.6 stars,Pet groomer,"2394 N Federal Hwy, Fort Lauderdale, FL 33305, United States",+1 954-368-8820,https://www.woofgangbakery.com/balharboursq?utm_source=google&utm_medium=gmb,"5V4M+67 Fort Lauderdale, Florida, USA",,added,False,False,plymouthmn@woofgangbakery.com
Woof Gang Bakery & Grooming Fort Lauderdale,2026-09-13,4.6,4.6 stars,Pet groomer,"2394 N Federal Hwy, Fort Lauderdale, FL 33305, United States",+1 954-368-8820,https://www.woofgangbakery.com/balharboursq?utm_source=google&utm_medium=gmb,"5V4M+67 Fort Lauderdale, Florida, USA",,added,False,False,pooler@woofgangbakery.com
Woof Gang Bakery & Grooming Fort Lauderdale,2026-09-13,4.6,4.6 stars,Pet groomer,"2394 N Federal Hwy, Fort Lauderdale, FL 33305, United States",+1 954-368-8820,https://www.woofgangbakery.com/balharboursq?utm_source=google&utm_medium=gmb,"5V4M+67 Fort Lauderdale, Florida, USA",,added,False,False,portwashingtonny@woofgangbakery.com
Woof Gang Bakery & Grooming Fort Lauderdale,2026-09-13,4.6,4.6 stars,Pet groomer,"2394 N Federal Hwy, Fort Lauderdale, FL 33305, United States",+1 954-368-8820,https://www.woofgangbakery.com/balharboursq?utm_source=google&utm_medium=gmb,"5V4M+67 Fort Lauderdale, Florida, USA",,added,False,False,princetonnj@woofgangbakery.com
Woof Gang Bakery & Grooming Fort Lauderdale,2026-09-13,4.6,4.6 stars,Pet groomer,"2394 N Federal Hwy, Fort Lauderdale, FL 33305, United States",+1 954-368-8820,https://www.woofgangbakery.com/balharboursq?utm_source=google&utm_medium=gmb,"5V4M+67 Fort Lauderdale, Florida, USA",,added,False,False,prospertx@woofgangbakery.com
Woof Gang Bakery & Grooming Fort Lauderdale,2026-09-13,4.6,4.6 stars,Pet groomer,"2394 N Federal Hwy, Fort Lauderdale, FL 33305, United States",+1 954-368-8820,https://www.woofgangbakery.com/balharboursq?utm_source=google&utm_medium=gmb,"5V4M+67 Fort Lauderdale, Florida, USA",,added,False,False,quailcornersnc@woofgangbakery.com
Woof Gang Bakery & Grooming Fort Lauderdale,2026-09-13,4.6,4.6 stars,Pet groomer,"2394 N Federal Hwy, Fort Lauderdale, FL 33305, United States",+1 954-368-8820,https://www.woofgangbakery.com/balharboursq?utm_source=google&utm_medium=gmb,"5V4M+67 Fort Lauderdale, Florida, USA",,added,False,False,quarrylakemd@woofgangbakery.com
Woof Gang Bakery & Grooming Fort Lauderdale,2026-09-13,4.6,4.6 stars,Pet groomer,"2394 N Federal Hwy, Fort Lauderdale, FL 33305, United States",+1 954-368-8820,https://www.woofgangbakery.com/balharboursq?utm_source=google&utm_medium=gmb,"5V4M+67 Fort Lauderdale, Florida, USA",,added,False,False,raleigh@woofgangbakery.com
Woof Gang Bakery & Grooming Fort Lauderdale,2026-09-13,4.6,4.6 stars,Pet groomer,"2394 N Federal Hwy, Fort Lauderdale, FL 33305, United States",+1 954-368-8820,https://www.woofgangbakery.com/balharboursq?utm_source=google&utm_medium=gmb,"5V4M+67 Fort Lauderdale, Florida, USA",,added,False,False,ranchocucamongaca@woofgangbakery.com
Woof Gang Bakery & Grooming Fort Lauderdale,2026-09-13,4.6,4.6 stars,Pet groomer,"2394 N Federal Hwy, Fort Lauderdale, FL 33305, United States",+1 954-368-8820,https://www.woofgangbakery.com/balharboursq?utm_source=google&utm_medium=gmb,"5V4M+67 Fort Lauderdale, Florida, USA",,added,False,False,ranchosantamargaritaca@woofgangbakery.com
Woof Gang Bakery & Grooming Fort Lauderdale,2026-09-13,4.6,4.6 stars,Pet groomer,"2394 N Federal Hwy, Fort Lauderdale, FL 33305, United States",+1 954-368-8820,https://www.woofgangbakery.com/balharboursq?utm_source=google&utm_medium=gmb,"5V4M+67 Fort Lauderdale, Florida, USA",,added,False,False,richmondtx@woofgangbakery.com
Woof Gang Bakery & Grooming Fort Lauderdale,2026-09-13,4.6,4.6 stars,Pet groomer,"2394 N Federal Hwy, Fort Lauderdale, FL 33305, United States",+1 954-368-8820,https://www.woofgangbakery.com/balharboursq?utm_source=google&utm_medium=gmb,"5V4M+67 Fort Lauderdale, Florida, USA",,added,False,False,robinsonpa@woofgangbakery.com
Woof Gang Bakery & Grooming Fort Lauderdale,2026-09-13,4.6,4.6 stars,Pet groomer,"2394 N Federal Hwy, Fort Lauderdale, FL 33305, United States",+1 954-368-8820,https://www.woofgangbakery.com/balharboursq?utm_source=google&utm_medium=gmb,"5V4M+67 Fort Lauderdale, Florida, USA",,added,False,False,rochesterhillsmi@woofgangbakery.com
Woof Gang Bakery & Grooming Fort Lauderdale,2026-09-13,4.6,4.6 stars,Pet groomer,"2394 N Federal Hwy, Fort Lauderdale, FL 33305, United States",+1 954-368-8820,https://www.woofgangbakery.com/balharboursq?utm_source=google&utm_medium=gmb,"5V4M+67 Fort Lauderdale, Florida, USA",,added,False,False,rochestermn@woofgangbakery.com
Woof Gang Bakery & Grooming Fort Lauderdale,2026-09-13,4.6,4.6 stars,Pet groomer,"2394 N Federal Hwy, Fort Lauderdale, FL 33305, United States",+1 954-368-8820,https://www.woofgangbakery.com/balharboursq?utm_source=google&utm_medium=gmb,"5V4M+67 Fort Lauderdale, Florida, USA",,added,False,False,rockawaynj@woofgangbakery.com
Woof Gang Bakery & Grooming Fort Lauderdale,2026-09-13,4.6,4.6 stars,Pet groomer,"2394 N Federal Hwy, Fort Lauderdale, FL 33305, United States",+1 954-368-8820,https://www.woofgangbakery.com/balharboursq?utm_source=google&utm_medium=gmb,"5V4M+67 Fort Lauderdale, Florida, USA",,added,False,False,rockvillemd@woofgangbakery.com
Woof Gang Bakery & Grooming Fort Lauderdale,2026-09-13,4.6,4.6 stars,Pet groomer,"2394 N Federal Hwy, Fort Lauderdale, FL 33305, United States",+1 954-368-8820,https://www.woofgangbakery.com/balharboursq?utm_source=google&utm_medium=gmb,"5V4M+67 Fort Lauderdale, Florida, USA",,added,False,False,rockwall@woofgangbakery.com
Woof Gang Bakery & Grooming Fort Lauderdale,2026-09-13,4.6,4.6 stars,Pet groomer,"2394 N Federal Hwy, Fort Lauderdale, FL 33305, United States",+1 954-368-8820,https://www.woofgangbakery.com/balharboursq?utm_source=google&utm_medium=gmb,"5V4M+67 Fort Lauderdale, Florida, USA",,added,False,False,rogersar@woofgangbakery.com
Woof Gang Bakery & Grooming Fort Lauderdale,2026-09-13,4.6,4.6 stars,Pet groomer,"2394 N Federal Hwy, Fort Lauderdale, FL 33305, United States",+1 954-368-8820,https://www.woofgangbakery.com/balharboursq?utm_source=google&utm_medium=gmb,"5V4M+67 Fort Lauderdale, Florida, USA",,added,False,False,rolesvillenc@woofgangbakery.com
Woof Gang Bakery & Grooming Fort Lauderdale,2026-09-13,4.6,4.6 stars,Pet groomer,"2394 N Federal Hwy, Fort Lauderdale, FL 33305, United States",+1 954-368-8820,https://www.woofgangbakery.com/balharboursq?utm_source=google&utm_medium=gmb,"5V4M+67 Fort Lauderdale, Florida, USA",,added,False,False,roundrock@woofgangbakery.com
Woof Gang Bakery & Grooming Fort Lauderdale,2026-09-13,4.6,4.6 stars,Pet groomer,"2394 N Federal Hwy, Fort Lauderdale, FL 33305, United States",+1 954-368-8820,https://www.woofgangbakery.com/balharboursq?utm_source=google&utm_medium=gmb,"5V4M+67 Fort Lauderdale, Florida, USA",,added,False,False,sanantonio@woofgangbakery.com
Woof Gang Bakery & Grooming Fort Lauderdale,2026-09-13,4.6,4.6 stars,Pet groomer,"2394 N Federal Hwy, Fort Lauderdale, FL 33305, United States",+1 954-368-8820,https://www.woofgangbakery.com/balharboursq?utm_source=google&utm_medium=gmb,"5V4M+67 Fort Lauderdale, Florida, USA",,added,False,False,sandfly@woofgangbakery.com
Woof Gang Bakery & Grooming Fort Lauderdale,2026-09-13,4.6,4.6 stars,Pet groomer,"2394 N Federal Hwy, Fort Lauderdale, FL 33305, United States",+1 954-368-8820,https://www.woofgangbakery.com/balharboursq?utm_source=google&utm_medium=gmb,"5V4M+67 Fort Lauderdale, Florida, USA",,added,False,False,sanramonca@woofgangbakery.com
Woof Gang Bakery & Grooming Fort Lauderdale,2026-09-13,4.6,4.6 stars,Pet groomer,"2394 N Federal Hwy, Fort Lauderdale, FL 33305, United States",+1 954-368-8820,https://www.woofgangbakery.com/balharboursq?utm_source=google&utm_medium=gmb,"5V4M+67 Fort Lauderdale, Florida, USA",,added,False,False,santaclaraca@woofgangbakery.com
Woof Gang Bakery & Grooming Fort Lauderdale,2026-09-13,4.6,4.6 stars,Pet groomer,"2394 N Federal Hwy, Fort Lauderdale, FL 33305, United States",+1 954-368-8820,https://www.woofgangbakery.com/balharboursq?utm_source=google&utm_medium=gmb,"5V4M+67 Fort Lauderdale, Florida, USA",,added,False,False,santamonicaca@woofgangbakery.com
Woof Gang Bakery & Grooming Fort Lauderdale,2026-09-13,4.6,4.6 stars,Pet groomer,"2394 N Federal Hwy, Fort Lauderdale, FL 33305, United States",+1 954-368-8820,https://www.woofgangbakery.com/balharboursq?utm_source=google&utm_medium=gmb,"5V4M+67 Fort Lauderdale, Florida, USA",,added,False,False,savannah@woofgangbakery.com
Woof Gang Bakery & Grooming Fort Lauderdale,2026-09-13,4.6,4.6 stars,Pet groomer,"2394 N Federal Hwy, Fort Lauderdale, FL 33305, United States",+1 954-368-8820,https://www.woofgangbakery.com/balharboursq?utm_source=google&utm_medium=gmb,"5V4M+67 Fort Lauderdale, Florida, USA",,added,False,False,shallowfordga@woofgangbakery.com
Woof Gang Bakery & Grooming Fort Lauderdale,2026-09-13,4.6,4.6 stars,Pet groomer,"2394 N Federal Hwy, Fort Lauderdale, FL 33305, United States",+1 954-368-8820,https://www.woofgangbakery.com/balharboursq?utm_source=google&utm_medium=gmb,"5V4M+67 Fort Lauderdale, Florida, USA",,added,False,False,shermanoaksca@woofgangbakery.com
Woof Gang Bakery & Grooming Fort Lauderdale,2026-09-13,4.6,4.6 stars,Pet groomer,"2394 N Federal Hwy, Fort Lauderdale, FL 33305, United States",+1 954-368-8820,https://www.woofgangbakery.com/balharboursq?utm_source=google&utm_medium=gmb,"5V4M+67 Fort Lauderdale, Florida, USA",,added,False,False,shrewsburynj@woofgangbakery.com
Woof Gang Bakery & Grooming Fort Lauderdale,2026-09-13,4.6,4.6 stars,Pet groomer,"2394 N Federal Hwy, Fort Lauderdale, FL 33305, United States",+1 954-368-8820,https://www.woofgangbakery.com/balharboursq?utm_source=google&utm_medium=gmb,"5V4M+67 Fort Lauderdale, Florida, USA",,added,False,False,sienna@woofgangbakery.com
Woof Gang Bakery & Grooming Fort Lauderdale,2026-09-13,4.6,4.6 stars,Pet groomer,"2394 N Federal Hwy, Fort Lauderdale, FL 33305, United States",+1 954-368-8820,https://www.woofgangbakery.com/balharboursq?utm_source=google&utm_medium=gmb,"5V4M+67 Fort Lauderdale, Florida, USA",,added,False,False,silverlakesfl@woofgangbakery.com
Woof Gang Bakery & Grooming Fort Lauderdale,2026-09-13,4.6,4.6 stars,Pet groomer,"2394 N Federal Hwy, Fort Lauderdale, FL 33305, United States",+1 954-368-8820,https://www.woofgangbakery.com/balharboursq?utm_source=google&utm_medium=gmb,"5V4M+67 Fort Lauderdale, Florida, USA",,added,False,False,skyecanyon@woofgangbakery.com
Woof Gang Bakery & Grooming Fort Lauderdale,2026-09-13,4.6,4.6 stars,Pet groomer,"2394 N Federal Hwy, Fort Lauderdale, FL 33305, United States",+1 954-368-8820,https://www.woofgangbakery.com/balharboursq?utm_source=google&utm_medium=gmb,"5V4M+67 Fort Lauderdale, Florida, USA",,added,False,False,smyrnaga@woofgangbakery.com
Woof Gang Bakery & Grooming Fort Lauderdale,2026-09-13,4.6,4.6 stars,Pet groomer,"2394 N Federal Hwy, Fort Lauderdale, FL 33305, United States",+1 954-368-8820,https://www.woofgangbakery.com/balharboursq?utm_source=google&utm_medium=gmb,"5V4M+67 Fort Lauderdale, Florida, USA",,added,False,False,snellvillega@woofgangbakery.com
Woof Gang Bakery & Grooming Fort Lauderdale,2026-09-13,4.6,4.6 stars,Pet groomer,"2394 N Federal Hwy, Fort Lauderdale, FL 33305, United States",+1 954-368-8820,https://www.woofgangbakery.com/balharboursq?utm_source=google&utm_medium=gmb,"5V4M+67 Fort Lauderdale, Florida, USA",,added,False,False,sodo@woofgangbakery.com
Woof Gang Bakery & Grooming Fort Lauderdale,2026-09-13,4.6,4.6 stars,Pet groomer,"2394 N Federal Hwy, Fort Lauderdale, FL 33305, United States",+1 954-368-8820,https://www.woofgangbakery.com/balharboursq?utm_source=google&utm_medium=gmb,"5V4M+67 Fort Lauderdale, Florida, USA",,added,False,False,southchandleraz@woofgangbakery.com
Woof Gang Bakery & Grooming Fort Lauderdale,2026-09-13,4.6,4.6 stars,Pet groomer,"2394 N Federal Hwy, Fort Lauderdale, FL 33305, United States",+1 954-368-8820,https://www.woofgangbakery.com/balharboursq?utm_source=google&utm_medium=gmb,"5V4M+67 Fort Lauderdale, Florida, USA",,added,False,False,southdenverco@woofgangbakery.com
Woof Gang Bakery & Grooming Fort Lauderdale,2026-09-13,4.6,4.6 stars,Pet groomer,"2394 N Federal Hwy, Fort Lauderdale, FL 33305, United States",+1 954-368-8820,https://www.woofgangbakery.com/balharboursq?utm_source=google&utm_medium=gmb,"5V4M+67 Fort Lauderdale, Florida, USA",,added,False,False,southernpinesnc@woofgangbakery.com
Woof Gang Bakery & Grooming Fort Lauderdale,2026-09-13,4.6,4.6 stars,Pet groomer,"2394 N Federal Hwy, Fort Lauderdale, FL 33305, United States",+1 954-368-8820,https://www.woofgangbakery.com/balharboursq?utm_source=google&utm_medium=gmb,"5V4M+67 Fort Lauderdale, Florida, USA",,added,False,False,southlaketx@woofgangbakery.com
Woof Gang Bakery & Grooming Fort Lauderdale,2026-09-13,4.6,4.6 stars,Pet groomer,"2394 N Federal Hwy, Fort Lauderdale, FL 33305, United States",+1 954-368-8820,https://www.woofgangbakery.com/balharboursq?utm_source=google&utm_medium=gmb,"5V4M+67 Fort Lauderdale, Florida, USA",,added,False,False,southmeadowsnv@woofgangbakery.com
Woof Gang Bakery & Grooming Fort Lauderdale,2026-09-13,4.6,4.6 stars,Pet groomer,"2394 N Federal Hwy, Fort Lauderdale, FL 33305, United States",+1 954-368-8820,https://www.woofgangbakery.com/balharboursq?utm_source=google&utm_medium=gmb,"5V4M+67 Fort Lauderdale, Florida, USA",,added,False,False,southpark@woofgangbakery.com
Woof Gang Bakery & Grooming Fort Lauderdale,2026-09-13,4.6,4.6 stars,Pet groomer,"2394 N Federal Hwy, Fort Lauderdale, FL 33305, United States",+1 954-368-8820,https://www.woofgangbakery.com/balharboursq?utm_source=google&utm_medium=gmb,"5V4M+67 Fort Lauderdale, Florida, USA",,added,False,False,southredondoca@woofgangbakery.com
Woof Gang Bakery & Grooming Fort Lauderdale,2026-09-13,4.6,4.6 stars,Pet groomer,"2394 N Federal Hwy, Fort Lauderdale, FL 33305, United States",+1 954-368-8820,https://www.woofgangbakery.com/balharboursq?utm_source=google&utm_medium=gmb,"5V4M+67 Fort Lauderdale, Florida, USA",,added,False,False,southtampa@woofgangbakery.com
Woof Gang Bakery & Grooming Fort Lauderdale,2026-09-13,4.6,4.6 stars,Pet groomer,"2394 N Federal Hwy, Fort Lauderdale, FL 33305, United States",+1 954-368-8820,https://www.woofgangbakery.com/balharboursq?utm_source=google&utm_medium=gmb,"5V4M+67 Fort Lauderdale, Florida, USA",,added,False,False,springhillfl@woofgangbakery.com
Woof Gang Bakery & Grooming Fort Lauderdale,2026-09-13,4.6,4.6 stars,Pet groomer,"2394 N Federal Hwy, Fort Lauderdale, FL 33305, United States",+1 954-368-8820,https://www.woofgangbakery.com/balharboursq?utm_source=google&utm_medium=gmb,"5V4M+67 Fort Lauderdale, Florida, USA",,added,False,False,springwoods@woofgangbakery.com
Woof Gang Bakery & Grooming Fort Lauderdale,2026-09-13,4.6,4.6 stars,Pet groomer,"2394 N Federal Hwy, Fort Lauderdale, FL 33305, United States",+1 954-368-8820,https://www.woofgangbakery.com/balharboursq?utm_source=google&utm_medium=gmb,"5V4M+67 Fort Lauderdale, Florida, USA",,added,False,False,starland@woofgangbakery.com
Woof Gang Bakery & Grooming Fort Lauderdale,2026-09-13,4.6,4.6 stars,Pet groomer,"2394 N Federal Hwy, Fort Lauderdale, FL 33305, United States",+1 954-368-8820,https://www.woofgangbakery.com/balharboursq?utm_source=google&utm_medium=gmb,"5V4M+67 Fort Lauderdale, Florida, USA",,added,False,False,statecollegepa@woofgangbakery.com
Woof Gang Bakery & Grooming Fort Lauderdale,2026-09-13,4.6,4.6 stars,Pet groomer,"2394 N Federal Hwy, Fort Lauderdale, FL 33305, United States",+1 954-368-8820,https://www.woofgangbakery.com/balharboursq?utm_source=google&utm_medium=gmb,"5V4M+67 Fort Lauderdale, Florida, USA",,added,False,False,stjohnstowncenterfl@woofgangbakery.com
Woof Gang Bakery & Grooming Fort Lauderdale,2026-09-13,4.6,4.6 stars,Pet groomer,"2394 N Federal Hwy, Fort Lauderdale, FL 33305, United States",+1 954-368-8820,https://www.woofgangbakery.com/balharboursq?utm_source=google&utm_medium=gmb,"5V4M+67 Fort Lauderdale, Florida, USA",,added,False,False,stlawrencemarketon@woofgangbakery.com
Woof Gang Bakery & Grooming Fort Lauderdale,2026-09-13,4.6,4.6 stars,Pet groomer,"2394 N Federal Hwy, Fort Lauderdale, FL 33305, United States",+1 954-368-8820,https://www.woofgangbakery.com/balharboursq?utm_source=google&utm_medium=gmb,"5V4M+67 Fort Lauderdale, Florida, USA",,added,False,False,stonebriar@woofgangbakery.com
Woof Gang Bakery & Grooming Fort Lauderdale,2026-09-13,4.6,4.6 stars,Pet groomer,"2394 N Federal Hwy, Fort Lauderdale, FL 33305, United States",+1 954-368-8820,https://www.woofgangbakery.com/balharboursq?utm_source=google&utm_medium=gmb,"5V4M+67 Fort Lauderdale, Florida, USA",,added,False,False,stoneoak@woofgangbakery.com
Woof Gang Bakery & Grooming Fort Lauderdale,2026-09-13,4.6,4.6 stars,Pet groomer,"2394 N Federal Hwy, Fort Lauderdale, FL 33305, United States",+1 954-368-8820,https://www.woofgangbakery.com/balharboursq?utm_source=google&utm_medium=gmb,"5V4M+67 Fort Lauderdale, Florida, USA",,added,False,False,stpetefl@woofgangbakery.com
Woof Gang Bakery & Grooming Fort Lauderdale,2026-09-13,4.6,4.6 stars,Pet groomer,"2394 N Federal Hwy, Fort Lauderdale, FL 33305, United States",+1 954-368-8820,https://www.woofgangbakery.com/balharboursq?utm_source=google&utm_medium=gmb,"5V4M+67 Fort Lauderdale, Florida, USA",,added,False,False,sugarland@woofgangbakery.com
Woof Gang Bakery & Grooming Fort Lauderdale,2026-09-13,4.6,4.6 stars,Pet groomer,"2394 N Federal Hwy, Fort Lauderdale, FL 33305, United States",+1 954-368-8820,https://www.woofgangbakery.com/balharboursq?utm_source=google&utm_medium=gmb,"5V4M+67 Fort Lauderdale, Florida, USA",,added,False,False,summerville@woofgangbakery.com
Woof Gang Bakery & Grooming Fort Lauderdale,2026-09-13,4.6,4.6 stars,Pet groomer,"2394 N Federal Hwy, Fort Lauderdale, FL 33305, United States",+1 954-368-8820,https://www.woofgangbakery.com/balharboursq?utm_source=google&utm_medium=gmb,"5V4M+67 Fort Lauderdale, Florida, USA",,added,False,False,sumterfl@woofgangbakery.com
Woof Gang Bakery & Grooming Fort Lauderdale,2026-09-13,4.6,4.6 stars,Pet groomer,"2394 N Federal Hwy, Fort Lauderdale, FL 33305, United States",+1 954-368-8820,https://www.woofgangbakery.com/balharboursq?utm_source=google&utm_medium=gmb,"5V4M+67 Fort Lauderdale, Florida, USA",,added,False,False,sunnyislesfl@woofgangbakery.com
Woof Gang Bakery & Grooming Fort Lauderdale,2026-09-13,4.6,4.6 stars,Pet groomer,"2394 N Federal Hwy, Fort Lauderdale, FL 33305, United States",+1 954-368-8820,https://www.woofgangbakery.com/balharboursq?utm_source=google&utm_medium=gmb,"5V4M+67 Fort Lauderdale, Florida, USA",,added,False,False,sunsetfl@woofgangbakery.com
Woof Gang Bakery & Grooming Fort Lauderdale,2026-09-13,4.6,4.6 stars,Pet groomer,"2394 N Federal Hwy, Fort Lauderdale, FL 33305, United States",+1 954-368-8820,https://www.woofgangbakery.com/balharboursq?utm_source=google&utm_medium=gmb,"5V4M+67 Fort Lauderdale, Florida, USA",,added,False,False,suntree@woofgangbakery.com
Woof Gang Bakery & Grooming Fort Lauderdale,2026-09-13,4.6,4.6 stars,Pet groomer,"2394 N Federal Hwy, Fort Lauderdale, FL 33305, United States",+1 954-368-8820,https://www.woofgangbakery.com/balharboursq?utm_source=google&utm_medium=gmb,"5V4M+67 Fort Lauderdale, Florida, USA",,added,False,False,suwanee@woofgangbakery.com
Woof Gang Bakery & Grooming Fort Lauderdale,2026-09-13,4.6,4.6 stars,Pet groomer,"2394 N Federal Hwy, Fort Lauderdale, FL 33305, United States",+1 954-368-8820,https://www.woofgangbakery.com/balharboursq?utm_source=google&utm_medium=gmb,"5V4M+67 Fort Lauderdale, Florida, USA",,added,False,False,sylvaniaoh@woofgangbakery.com
Woof Gang Bakery & Grooming Fort Lauderdale,2026-09-13,4.6,4.6 stars,Pet groomer,"2394 N Federal Hwy, Fort Lauderdale, FL 33305, United States",+1 954-368-8820,https://www.woofgangbakery.com/balharboursq?utm_source=google&utm_medium=gmb,"5V4M+67 Fort Lauderdale, Florida, USA",,added,False,False,tanglewood@woofgangbakery.com
Woof Gang Bakery & Grooming Fort Lauderdale,2026-09-13,4.6,4.6 stars,Pet groomer,"2394 N Federal Hwy, Fort Lauderdale, FL 33305, United States",+1 954-368-8820,https://www.woofgangbakery.com/balharboursq?utm_source=google&utm_medium=gmb,"5V4M+67 Fort Lauderdale, Florida, USA",,added,False,False,thefallsfl@woofgangbakery.com
Woof Gang Bakery & Grooming Fort Lauderdale,2026-09-13,4.6,4.6 stars,Pet groomer,"2394 N Federal Hwy, Fort Lauderdale, FL 33305, United States",+1 954-368-8820,https://www.woofgangbakery.com/balharboursq?utm_source=google&utm_medium=gmb,"5V4M+67 Fort Lauderdale, Florida, USA",,added,False,False,thegilmoreaz@woofgangbakery.com
Woof Gang Bakery & Grooming Fort Lauderdale,2026-09-13,4.6,4.6 stars,Pet groomer,"2394 N Federal Hwy, Fort Lauderdale, FL 33305, United States",+1 954-368-8820,https://www.woofgangbakery.com/balharboursq?utm_source=google&utm_medium=gmb,"5V4M+67 Fort Lauderdale, Florida, USA",,added,False,False,thevillages@woofgangbakery.com
Woof Gang Bakery & Grooming Fort Lauderdale,2026-09-13,4.6,4.6 stars,Pet groomer,"2394 N Federal Hwy, Fort Lauderdale, FL 33305, United States",+1 954-368-8820,https://www.woofgangbakery.com/balharboursq?utm_source=google&utm_medium=gmb,"5V4M+67 Fort Lauderdale, Florida, USA",,added,False,False,thewoodlands@woofgangbakery.com
Woof Gang Bakery & Grooming Fort Lauderdale,2026-09-13,4.6,4.6 stars,Pet groomer,"2394 N Federal Hwy, Fort Lauderdale, FL 33305, United States",+1 954-368-8820,https://www.woofgangbakery.com/balharboursq?utm_source=google&utm_medium=gmb,"5V4M+67 Fort Lauderdale, Florida, USA",,added,False,False,theworksatl@woofgangbakery.com
Woof Gang Bakery & Grooming Fort Lauderdale,2026-09-13,4.6,4.6 stars,Pet groomer,"2394 N Federal Hwy, Fort Lauderdale, FL 33305, United States",+1 954-368-8820,https://www.woofgangbakery.com/balharboursq?utm_source=google&utm_medium=gmb,"5V4M+67 Fort Lauderdale, Florida, USA",,added,False,False,townandcountrymo@woofgangbakery.com
Woof Gang Bakery & Grooming Fort Lauderdale,2026-09-13,4.6,4.6 stars,Pet groomer,"2394 N Federal Hwy, Fort Lauderdale, FL 33305, United States",+1 954-368-8820,https://www.woofgangbakery.com/balharboursq?utm_source=google&utm_medium=gmb,"5V4M+67 Fort Lauderdale, Florida, USA",,added,False,False,traditionfl@woofgangbakery.com
Woof Gang Bakery & Grooming Fort Lauderdale,2026-09-13,4.6,4.6 stars,Pet groomer,"2394 N Federal Hwy, Fort Lauderdale, FL 33305, United States",+1 954-368-8820,https://www.woofgangbakery.com/balharboursq?utm_source=google&utm_medium=gmb,"5V4M+67 Fort Lauderdale, Florida, USA",,added,False,False,upperstclairpa@woofgangbakery.com
Woof Gang Bakery & Grooming Fort Lauderdale,2026-09-13,4.6,4.6 stars,Pet groomer,"2394 N Federal Hwy, Fort Lauderdale, FL 33305, United States",+1 954-368-8820,https://www.woofgangbakery.com/balharboursq?utm_source=google&utm_medium=gmb,"5V4M+67 Fort Lauderdale, Florida, USA",,added,False,False,valricofl@woofgangbakery.com
Woof Gang Bakery & Grooming Fort Lauderdale,2026-09-13,4.6,4.6 stars,Pet groomer,"2394 N Federal Hwy, Fort Lauderdale, FL 33305, United States",+1 954-368-8820,https://www.woofgangbakery.com/balharboursq?utm_source=google&utm_medium=gmb,"5V4M+67 Fort Lauderdale, Florida, USA",,added,False,False,vanaken@woofgangbakery.com
Woof Gang Bakery & Grooming Fort Lauderdale,2026-09-13,4.6,4.6 stars,Pet groomer,"2394 N Federal Hwy, Fort Lauderdale, FL 33305, United States",+1 954-368-8820,https://www.woofgangbakery.com/balharboursq?utm_source=google&utm_medium=gmb,"5V4M+67 Fort Lauderdale, Florida, USA",,added,False,False,vernonct@woofgangbakery.com
Woof Gang Bakery & Grooming Fort Lauderdale,2026-09-13,4.6,4.6 stars,Pet groomer,"2394 N Federal Hwy, Fort Lauderdale, FL 33305, United States",+1 954-368-8820,https://www.woofgangbakery.com/balharboursq?utm_source=google&utm_medium=gmb,"5V4M+67 Fort Lauderdale, Florida, USA",,added,False,False,vestaviahillsal@woofgangbakery.com
Woof Gang Bakery & Grooming Fort Lauderdale,2026-09-13,4.6,4.6 stars,Pet groomer,"2394 N Federal Hwy, Fort Lauderdale, FL 33305, United States",+1 954-368-8820,https://www.woofgangbakery.com/balharboursq?utm_source=google&utm_medium=gmb,"5V4M+67 Fort Lauderdale, Florida, USA",,added,False,False,virginiabeachva@woofgangbakery.com
Woof Gang Bakery & Grooming Fort Lauderdale,2026-09-13,4.6,4.6 stars,Pet groomer,"2394 N Federal Hwy, Fort Lauderdale, FL 33305, United States",+1 954-368-8820,https://www.woofgangbakery.com/balharboursq?utm_source=google&utm_medium=gmb,"5V4M+67 Fort Lauderdale, Florida, USA",,added,False,False,waco@woofgangbakery.com
Woof Gang Bakery & Grooming Fort Lauderdale,2026-09-13,4.6,4.6 stars,Pet groomer,"2394 N Federal Hwy, Fort Lauderdale, FL 33305, United States",+1 954-368-8820,https://www.woofgangbakery.com/balharboursq?utm_source=google&utm_medium=gmb,"5V4M+67 Fort Lauderdale, Florida, USA",,added,False,False,wakefield@woofgangbakery.com
Woof Gang Bakery & Grooming Fort Lauderdale,2026-09-13,4.6,4.6 stars,Pet groomer,"2394 N Federal Hwy, Fort Lauderdale, FL 33305, United States",+1 954-368-8820,https://www.woofgangbakery.com/balharboursq?utm_source=google&utm_medium=gmb,"5V4M+67 Fort Lauderdale, Florida, USA",,added,False,False,walnutcreekca@woofgangbakery.com
Woof Gang Bakery & Grooming Fort Lauderdale,2026-09-13,4.6,4.6 stars,Pet groomer,"2394 N Federal Hwy, Fort Lauderdale, FL 33305, United States",+1 954-368-8820,https://www.woofgangbakery.com/balharboursq?utm_source=google&utm_medium=gmb,"5V4M+67 Fort Lauderdale, Florida, USA",,added,False,False,waterfordlakes@woofgangbakery.com
Woof Gang Bakery & Grooming Fort Lauderdale,2026-09-13,4.6,4.6 stars,Pet groomer,"2394 N Federal Hwy, Fort Lauderdale, FL 33305, United States",+1 954-368-8820,https://www.woofgangbakery.com/balharboursq?utm_source=google&utm_medium=gmb,"5V4M+67 Fort Lauderdale, Florida, USA",,added,False,False,waterlooweston@woofgangbakery.com
Woof Gang Bakery & Grooming Fort Lauderdale,2026-09-13,4.6,4.6 stars,Pet groomer,"2394 N Federal Hwy, Fort Lauderdale, FL 33305, United States",+1 954-368-8820,https://www.woofgangbakery.com/balharboursq?utm_source=google&utm_medium=gmb,"5V4M+67 Fort Lauderdale, Florida, USA",,added,False,False,watersidefl@woofgangbakery.com
Woof Gang Bakery & Grooming Fort Lauderdale,2026-09-13,4.6,4.6 stars,Pet groomer,"2394 N Federal Hwy, Fort Lauderdale, FL 33305, United States",+1 954-368-8820,https://www.woofgangbakery.com/balharboursq?utm_source=google&utm_medium=gmb,"5V4M+67 Fort Lauderdale, Florida, USA",,added,False,False,watkinsvillega@woofgangbakery.com
Woof Gang Bakery & Grooming Fort Lauderdale,2026-09-13,4.6,4.6 stars,Pet groomer,"2394 N Federal Hwy, Fort Lauderdale, FL 33305, United States",+1 954-368-8820,https://www.woofgangbakery.com/balharboursq?utm_source=google&utm_medium=gmb,"5V4M+67 Fort Lauderdale, Florida, USA",,added,False,False,waynepa@woofgangbakery.com
Woof Gang Bakery & Grooming Fort Lauderdale,2026-09-13,4.6,4.6 stars,Pet groomer,"2394 N Federal Hwy, Fort Lauderdale, FL 33305, United States",+1 954-368-8820,https://www.woofgangbakery.com/balharboursq?utm_source=google&utm_medium=gmb,"5V4M+67 Fort Lauderdale, Florida, USA",,added,False,False,wehoca@woofgangbakery.com
Woof Gang Bakery & Grooming Fort Lauderdale,2026-09-13,4.6,4.6 stars,Pet groomer,"2394 N Federal Hwy, Fort Lauderdale, FL 33305, United States",+1 954-368-8820,https://www.woofgangbakery.com/balharboursq?utm_source=google&utm_medium=gmb,"5V4M+67 Fort Lauderdale, Florida, USA",,added,False,False,wellenparkfl@woofgangbakery.com
Woof Gang Bakery & Grooming Fort Lauderdale,2026-09-13,4.6,4.6 stars,Pet groomer,"2394 N Federal Hwy, Fort Lauderdale, FL 33305, United States",+1 954-368-8820,https://www.woofgangbakery.com/balharboursq?utm_source=google&utm_medium=gmb,"5V4M+67 Fort Lauderdale, Florida, USA",,added,False,False,wellington@woofgangbakery.com
Woof Gang Bakery & Grooming Fort Lauderdale,2026-09-13,4.6,4.6 stars,Pet groomer,"2394 N Federal Hwy, Fort Lauderdale, FL 33305, United States",+1 954-368-8820,https://www.woofgangbakery.com/balharboursq?utm_source=google&utm_medium=gmb,"5V4M+67 Fort Lauderdale, Florida, USA",,added,False,False,wendellnc@woofgangbakery.com
Woof Gang Bakery & Grooming Fort Lauderdale,2026-09-13,4.6,4.6 stars,Pet groomer,"2394 N Federal Hwy, Fort Lauderdale, FL 33305, United States",+1 954-368-8820,https://www.woofgangbakery.com/balharboursq?utm_source=google&utm_medium=gmb,"5V4M+67 Fort Lauderdale, Florida, USA",,added,False,False,wesleychapel@woofgangbakery.com
Woof Gang Bakery & Grooming Fort Lauderdale,2026-09-13,4.6,4.6 stars,Pet groomer,"2394 N Federal Hwy, Fort Lauderdale, FL 33305, United States",+1 954-368-8820,https://www.woofgangbakery.com/balharboursq?utm_source=google&utm_medium=gmb,"5V4M+67 Fort Lauderdale, Florida, USA",,added,False,False,westbradentonfl@woofgangbakery.com
Woof Gang Bakery & Grooming Fort Lauderdale,2026-09-13,4.6,4.6 stars,Pet groomer,"2394 N Federal Hwy, Fort Lauderdale, FL 33305, United States",+1 954-368-8820,https://www.woofgangbakery.com/balharboursq?utm_source=google&utm_medium=gmb,"5V4M+67 Fort Lauderdale, Florida, USA",,added,False,False,westchase@woofgangbakery.com
Woof Gang Bakery & Grooming Fort Lauderdale,2026-09-13,4.6,4.6 stars,Pet groomer,"2394 N Federal Hwy, Fort Lauderdale, FL 33305, United States",+1 954-368-8820,https://www.woofgangbakery.com/balharboursq?utm_source=google&utm_medium=gmb,"5V4M+67 Fort Lauderdale, Florida, USA",,added,False,False,westfieldin@woofgangbakery.com
Woof Gang Bakery & Grooming Fort Lauderdale,2026-09-13,4.6,4.6 stars,Pet groomer,"2394 N Federal Hwy, Fort Lauderdale, FL 33305, United States",+1 954-368-8820,https://www.woofgangbakery.com/balharboursq?utm_source=google&utm_medium=gmb,"5V4M+67 Fort Lauderdale, Florida, USA",,added,False,False,westhartford@woofgangbakery.com
Woof Gang Bakery & Grooming Fort Lauderdale,2026-09-13,4.6,4.6 stars,Pet groomer,"2394 N Federal Hwy, Fort Lauderdale, FL 33305, United States",+1 954-368-8820,https://www.woofgangbakery.com/balharboursq?utm_source=google&utm_medium=gmb,"5V4M+67 Fort Lauderdale, Florida, USA",,added,False,False,westislipny@woofgangbakery.com
Woof Gang Bakery & Grooming Fort Lauderdale,2026-09-13,4.6,4.6 stars,Pet groomer,"2394 N Federal Hwy, Fort Lauderdale, FL 33305, United States",+1 954-368-8820,https://www.woofgangbakery.com/balharboursq?utm_source=google&utm_medium=gmb,"5V4M+67 Fort Lauderdale, Florida, USA",,added,False,False,westlake@woofgangbakery.com
Woof Gang Bakery & Grooming Fort Lauderdale,2026-09-13,4.6,4.6 stars,Pet groomer,"2394 N Federal Hwy, Fort Lauderdale, FL 33305, United States",+1 954-368-8820,https://www.woofgangbakery.com/balharboursq?utm_source=google&utm_medium=gmb,"5V4M+67 Fort Lauderdale, Florida, USA",,added,False,False,westontowncenterfl@woofgangbakery.com
Woof Gang Bakery & Grooming Fort Lauderdale,2026-09-13,4.6,4.6 stars,Pet groomer,"2394 N Federal Hwy, Fort Lauderdale, FL 33305, United States",+1 954-368-8820,https://www.woofgangbakery.com/balharboursq?utm_source=google&utm_medium=gmb,"5V4M+67 Fort Lauderdale, Florida, USA",,added,False,False,westroxburyma@woofgangbakery.com
Woof Gang Bakery & Grooming Fort Lauderdale,2026-09-13,4.6,4.6 stars,Pet groomer,"2394 N Federal Hwy, Fort Lauderdale, FL 33305, United States",+1 954-368-8820,https://www.woofgangbakery.com/balharboursq?utm_source=google&utm_medium=gmb,"5V4M+67 Fort Lauderdale, Florida, USA",,added,False,False,westu@woofgangbakery.com
Woof Gang Bakery & Grooming Fort Lauderdale,2026-09-13,4.6,4.6 stars,Pet groomer,"2394 N Federal Hwy, Fort Lauderdale, FL 33305, United States",+1 954-368-8820,https://www.woofgangbakery.com/balharboursq?utm_source=google&utm_medium=gmb,"5V4M+67 Fort Lauderdale, Florida, USA",,added,False,False,wexfordpa@woofgangbakery.com
Woof Gang Bakery & Grooming Fort Lauderdale,2026-09-13,4.6,4.6 stars,Pet groomer,"2394 N Federal Hwy, Fort Lauderdale, FL 33305, United States",+1 954-368-8820,https://www.woofgangbakery.com/balharboursq?utm_source=google&utm_medium=gmb,"5V4M+67 Fort Lauderdale, Florida, USA",,added,False,False,wichita@woofgangbakery.com
Woof Gang Bakery & Grooming Fort Lauderdale,2026-09-13,4.6,4.6 stars,Pet groomer,"2394 N Federal Hwy, Fort Lauderdale, FL 33305, United States",+1 954-368-8820,https://www.woofgangbakery.com/balharboursq?utm_source=google&utm_medium=gmb,"5V4M+67 Fort Lauderdale, Florida, USA",,added,False,False,wilmington@woofgangbakery.com
Woof Gang Bakery & Grooming Fort Lauderdale,2026-09-13,4.6,4.6 stars,Pet groomer,"2394 N Federal Hwy, Fort Lauderdale, FL 33305, United States",+1 954-368-8820,https://www.woofgangbakery.com/balharboursq?utm_source=google&utm_medium=gmb,"5V4M+67 Fort Lauderdale, Florida, USA",,added,False,False,windermere@woofgangbakery.com
Woof Gang Bakery & Grooming Fort Lauderdale,2026-09-13,4.6,4.6 stars,Pet groomer,"2394 N Federal Hwy, Fort Lauderdale, FL 33305, United States",+1 954-368-8820,https://www.woofgangbakery.com/balharboursq?utm_source=google&utm_medium=gmb,"5V4M+67 Fort Lauderdale, Florida, USA",,added,False,False,winstonsalemnc@woofgangbakery.com
Woof Gang Bakery & Grooming Fort Lauderdale,2026-09-13,4.6,4.6 stars,Pet groomer,"2394 N Federal Hwy, Fort Lauderdale, FL 33305, United States",+1 954-368-8820,https://www.woofgangbakery.com/balharboursq?utm_source=google&utm_medium=gmb,"5V4M+67 Fort Lauderdale, Florida, USA",,added,False,False,wintergarden@woofgangbakery.com
Woof Gang Bakery & Grooming Fort Lauderdale,2026-09-13,4.6,4.6 stars,Pet groomer,"2394 N Federal Hwy, Fort Lauderdale, FL 33305, United States",+1 954-368-8820,https://www.woofgangbakery.com/balharboursq?utm_source=google&utm_medium=gmb,"5V4M+67 Fort Lauderdale, Florida, USA",,added,False,False,winterpark@woofgangbakery.com
Woof Gang Bakery & Grooming Fort Lauderdale,2026-09-13,4.6,4.6 stars,Pet groomer,"2394 N Federal Hwy, Fort Lauderdale, FL 33305, United States",+1 954-368-8820,https://www.woofgangbakery.com/balharboursq?utm_source=google&utm_medium=gmb,"5V4M+67 Fort Lauderdale, Florida, USA",,added,False,False,winterparkcorners@woofgangbakery.com
Woof Gang Bakery & Grooming Fort Lauderdale,2026-09-13,4.6,4.6 stars,Pet groomer,"2394 N Federal Hwy, Fort Lauderdale, FL 33305, United States",+1 954-368-8820,https://www.woofgangbakery.com/balharboursq?utm_source=google&utm_medium=gmb,"5V4M+67 Fort Lauderdale, Florida, USA",,added,False,False,woodbridgeon@woofgangbakery.com
Woof Gang Bakery & Grooming Fort Lauderdale,2026-09-13,4.6,4.6 stars,Pet groomer,"2394 N Federal Hwy, Fort Lauderdale, FL 33305, United States",+1 954-368-8820,https://www.woofgangbakery.com/balharboursq?utm_source=google&utm_medium=gmb,"5V4M+67 Fort Lauderdale, Florida, USA",,added,False,False,woodforest@woofgangbakery.com
Woof Gang Bakery & Grooming Fort Lauderdale,2026-09-13,4.6,4.6 stars,Pet groomer,"2394 N Federal Hwy, Fort Lauderdale, FL 33305, United States",+1 954-368-8820,https://www.woofgangbakery.com/balharboursq?utm_source=google&utm_medium=gmb,"5V4M+67 Fort Lauderdale, Florida, USA",,added,False,False,woodsonsreserve@woofgangbakery.com
Woof Gang Bakery & Grooming Fort Lauderdale,2026-09-13,4.6,4.6 stars,Pet groomer,"2394 N Federal Hwy, Fort Lauderdale, FL 33305, United States",+1 954-368-8820,https://www.woofgangbakery.com/balharboursq?utm_source=google&utm_medium=gmb,"5V4M+67 Fort Lauderdale, Florida, USA",,added,False,False,yamato@woofgangbakery.com
Woof Gang Bakery & Grooming Fort Lauderdale,2026-09-13,4.6,4.6 stars,Pet groomer,"2394 N Federal Hwy, Fort Lauderdale, FL 33305, United States",+1 954-368-8820,https://www.woofgangbakery.com/balharboursq?utm_source=google&utm_medium=gmb,"5V4M+67 Fort Lauderdale, Florida, USA",,added,False,False,yardleypa@woofgangbakery.com
Scenthound Fort Lauderdale 17th Street,2026-09-13,4.8,4.8 stars,Pet groomer,"1825 Cordova Rd, Fort Lauderdale, FL 33316, United States",+1 954-526-2960,https://www.scenthound.com/fort-lauderdale-17th-street,"3VX9+8C Fort Lauderdale, Florida, USA",,added,False,False,7c6943cff5a1329faf6d16416cff2b3f@o4508931530031104.ingest.us.sentry.io
Scenthound Fort Lauderdale 17th Street,2026-09-13,4.8,4.8 stars,Pet groomer,"1825 Cordova Rd, Fort Lauderdale, FL 33316, United States",+1 954-526-2960,https://www.scenthound.com/fort-lauderdale-17th-street,"3VX9+8C Fort Lauderdale, Florida, USA",,added,False,False,user@domain.com
Fur Ever Dog Spa,2026-09-13,4.9,4.9 stars,Pet groomer,"5200 N Federal Hwy, Fort Lauderdale, FL 33308, United States",+1 954-860-4100,http://www.fureverdogspa.com/,"5VRP+WR Fort Lauderdale, Florida, USA",,added,False,False,
Nick's Grooming Studio,2026-09-13,4.8,4.8 stars,Pet groomer,"1135 S Federal Hwy #2, Fort Lauderdale, FL 33316, United States",+1 954-533-8321,https://www.facebook.com/Nicks-Grooming-Studio-1063565970355528/,"4V57+82 Fort Lauderdale, Florida, USA",,added,False,False,
Michelle`s Pet Grooming & Boutique,2026-09-13,4.9,4.9 stars,Pet groomer,"708 SE 17th St, Fort Lauderdale, FL 33316, United States",+1 954-559-8999,http://michellespetgrooming.com/,"3VX7+XP Fort Lauderdale, Florida, USA",,added,False,False,
Salty Dog Grooming LLC,2026-09-13,4.9,4.9 stars,Pet groomer,"1043 SE 17th St, Fort Lauderdale, FL 33316, United States",+1 954-999-0309,https://saltydogftl.com/,"4V29+Q5 Fort Lauderdale, Florida, USA",,added,False,False,information@saltydoggroomingllc.com
Lollipaws Grooming Services,2026-09-13,4.9,4.9 stars,Pet groomer,"4420 NE 20th Ave # G, Fort Lauderdale, FL 33308, United States",+1 754-308-4295,https://lollipawsgrooming.com/,"5VJH+XW Fort Lauderdale, Florida, USA",,added,False,False,
Foxy Paws,2026-09-13,4.9,4.9 stars,Beauty salon,"714 NE 1st Ave., Fort Lauderdale, FL 33304, United States",+1 954-524-2500,http://foxypawspetgrooming.com/,"4VJ4+RW Fort Lauderdale, Florida, USA",,added,False,False,
The Grommers,2026-09-13,4.8,4.8 stars,Pet groomer,"1111 NE 17th Way, Fort Lauderdale, FL 33304, United States",+1 561-304-8012,http://www.allurepetspa.com/,"4VQG+V8 Fort Lauderdale, Florida, USA",,added,False,False,
Auggie's Pet Spa by Lisa,2026-09-13,5.0,5.0 stars,Pet groomer,"3880 W Broward Blvd #9, Fort Lauderdale, FL 33312, United States",+1 954-990-7962,https://auggiespetspa.myonlineappointment.com/,"4QCX+6W Fort Lauderdale, Florida, USA",,added,False,False,example@email.com
Auggie's Pet Spa by Lisa,2026-09-13,5.0,5.0 stars,Pet groomer,"3880 W Broward Blvd #9, Fort Lauderdale, FL 33312, United States",+1 954-990-7962,https://auggiespetspa.myonlineappointment.com/,"4QCX+6W Fort Lauderdale, Florida, USA",,added,False,False,lisa_vet2000@yahoo.com
Auggie's Pet Spa by Lisa,2026-09-13,5.0,5.0 stars,Pet groomer,"3880 W Broward Blvd #9, Fort Lauderdale, FL 33312, United States",+1 954-990-7962,https://auggiespetspa.myonlineappointment.com/,"4QCX+6W Fort Lauderdale, Florida, USA",,added,False,False,navarrobarbara02@gmail.com
Victoria Park Paw Spa,2026-09-13,4.5,4.5 stars,Pet groomer,"630 N Federal Hwy, Fort Lauderdale, FL 33304, United States",+1 954-617-8724,https://victoriaparkpawspa.com/,"4VJ7+43 Fort Lauderdale, Florida, USA",,added,False,False,
petNmind Naturals & Grooming Ft. Lauderdale,2026-09-13,5.0,5.0 stars,Pet supply store,"1912 E Sunrise Blvd, Fort Lauderdale, FL 33304, United States",+1 754-288-1808,https://petnmind.com/fortlauderdale/,"4VPH+QP Fort Lauderdale, Florida, USA",,added,False,False,ftl@petnmind.com
Andy Dog Grooming,2026-09-13,4.9,4.9 stars,Tattoo artist,"3147 Davie Blvd, Fort Lauderdale, FL 33312, United States",+1 786-831-6082,http://andydoggrooming.top/,"4R47+76 Fort Lauderdale, Florida, USA",,added,False,False,
Befter Pet Grooming Mobile Service,2026-09-13,4.9,4.9 stars,Pet groomer,"5860 NW 41st Terrace, Fort Lauderdale, FL 33319, United States",,http://befterpetgrooming.com/,"5QWV+X5 Fort Lauderdale, Florida, USA",,added,False,False,beftermobilepetgrooming@gmail.com
Befter Pet Grooming Mobile Service,2026-09-13,4.9,4.9 stars,Pet groomer,"5860 NW 41st Terrace, Fort Lauderdale, FL 33319, United States",,http://befterpetgrooming.com/,"5QWV+X5 Fort Lauderdale, Florida, USA",,added,False,False,befterpetgrooming@gmail.com
Wagpride Dog Grooming and Pet Store,2026-09-13,4.9,4.9 stars,Pet groomer,"2031A Wilton Dr, Wilton Manors, FL 33305, United States",+1 954-909-0979,https://wagpride.com/,"5V35+8M Wilton Manors, Florida, USA",,added,False,False,woof@wagpride.com
Lola Little Paws,2026-09-13,4.4,4.4 stars,Pet groomer,"4821 SW 12th Ct, Fort Lauderdale, FL 33317, United States",+1 786-556-9808,https://lola-little-paws.square.site/,"4Q4Q+64 Fort Lauderdale, Florida, USA",,added,False,False,hi@mystore.com
Java Cat & Dog Spa,2026-09-13,4.8,4.8 stars,Pet groomer,"3318 NE 33rd St, Fort Lauderdale, FL 33308, United States",+1 954-566-8874,http://javacatanddogspa.com/,"5V9X+H8 Fort Lauderdale, Florida, USA",,added,False,False,qtbabe190@aol.com
A Dog's Tales Dog Grooming,2026-09-13,5.0,5.0 stars,Pet groomer,"2542 N Federal Hwy, Fort Lauderdale, FL 33305, United States",+1 954-563-3649,http://www.adogstalespetgrooming.com/,"5V5M+J9 Fort Lauderdale, Florida, USA",,added,False,False,user@domain.com
Posh Paws Parlor,2026-09-13,4.9,4.9 stars,Pet groomer,"2332 Hollywood Blvd, Hollywood, FL 33020, United States",+1 754-314-9100,https://www.poshpawsparlor.com/,"2R6W+98 Hollywood, Florida, USA",,added,False,False,poshpawparlor@gmail.com
The Barker's Pet Center,2026-09-13,4.4,4.4 stars,Pet boarding service,"761 SE 17th St. Causeway, Fort Lauderdale, FL 33316, United States",+1 954-342-6684,https://barkerspetcenter.com/?utm_source=gmb&utm_medium=Yext&cp=9543426684&y_source=1_OTE5NDIwNjMtNzE1LWxvY2F0aW9uLndlYnNpdGU%3D,"4V27+9W Fort Lauderdale, Florida, USA",,added,False,False,info@barkerspetcenter.com
Auggie's Pet Supplies & Spa,2026-09-13,4.8,4.8 stars,Pet supply store,"1918 S Andrews Ave, Fort Lauderdale, FL 33316, United States",+1 954-830-4730,https://www.auggiespetspa.com/,"3VW5+WH Fort Lauderdale, Florida, USA",,added,False,False,info@auggiespetspa.com
Le Paw Spa Mobile Pet Grooming Fort Lauderdale,2026-09-13,4.5,4.5 stars,Pet groomer,"4441 W McNab Rd Apt 12, Pompano Beach, FL 33069, United States",+1 954-907-5482,https://lepawspa.us/,"6R67+4W Pompano Beach, Florida, USA",,added,False,False,info@lepawspa.us
Le Paw Spa Mobile Pet Grooming Fort Lauderdale,2026-09-13,4.5,4.5 stars,Pet groomer,"4441 W McNab Rd Apt 12, Pompano Beach, FL 33069, United States",+1 954-907-5482,https://lepawspa.us/,"6R67+4W Pompano Beach, Florida, USA",,added,False,False,lepawspamobile@gmail.com
Lulu’s Pet Spa,2026-09-13,4.9,4.9 stars,Pet groomer,"7780 Griffin Rd #104, Davie, FL 33328, United States",+1 954-488-5858,http://luluspetspa.com/,"3P7X+JP Davie, Florida, USA",,added,False,False,
Royal Paws Pet Spa & Boutique,2026-09-13,4.8,4.8 stars,Pet groomer,"Behind the CVS Pharmacy, 1852 North University Drive/E corner of, W Sunrise Blvd, Plantation, FL 33322, United States",+1 954-723-9927,http://royalpawspetspa.com/,"4PXV+MW Plantation, Florida, USA",,added,False,False,royalpawsspa@aol.com
Fuzzy Friends Mobile Pet Spa,2026-09-13,4.8,4.8 stars,Pet groomer,"Mailing Address ONLY), We are a Mobile Pet Grooming Company, 33069, Fort Lauderdale, FL 33334, United States",+1 954-320-6480,http://www.fuzzyfriendsmobile.com/,"4VW7+37 Fort Lauderdale, Florida, USA",,added,False,False,jason@fuzzy-friends.com
Central Bark Fort Lauderdale,2026-09-13,4.8,4.8 stars,Dog day care center,"3699 N Dixie Hwy, Oakland Park, FL 33334, United States",+1 954-568-3647,https://www.centralbarkusa.com/fort-lauderdale/,"5VF9+65 Oakland Park, Florida, USA",,added,False,False,ftlauderdale@centralbarkusa.com
Central Bark Fort Lauderdale,2026-09-13,4.8,4.8 stars,Dog day care center,"3699 N Dixie Hwy, Oakland Park, FL 33334, United States",+1 954-568-3647,https://www.centralbarkusa.com/fort-lauderdale/,"5VF9+65 Oakland Park, Florida, USA",,added,False,False,image-105@2x-1.png
TLC Pet Care Services,2026-09-13,4.4,4.4 stars,Pet groomer,,+1 561-546-1878,https://tlcmobilepetgrooming.net/,,,added,False,False,
Happy Tails Mobile & Salon Grooming,2026-09-13,4.8,4.8 stars,Pet groomer,"9120 W Commercial Blvd, Sunrise, FL 33351, United States",+1 954-663-5249,https://happytailsmobilegroomer.com/,"5PVG+6V Sunrise, Florida, USA",,added,False,False,
Dogtopia of Fort Lauderdale - Downtown,2026-09-13,4.6,4.6 stars,Dog day care center,"808 W Broward Blvd, Fort Lauderdale, FL 33312, United States",+1 954-763-4111,https://www.dogtopia.com/fortlauderdale-downtown/,"4RCX+Q3 Fort Lauderdale, Florida, USA",,added,False,False,ftldowntown@dogtopia.com
Dogtopia of Fort Lauderdale - Downtown,2026-09-13,4.6,4.6 stars,Dog day care center,"808 W Broward Blvd, Fort Lauderdale, FL 33312, United States",+1 954-763-4111,https://www.dogtopia.com/fortlauderdale-downtown/,"4RCX+Q3 Fort Lauderdale, Florida, USA",,added,False,False,info@dogtopia.com
Pat The Groomer,2026-09-13,4.8,4.8 stars,Pet groomer,"2737 E Oakland Park Blvd Ste 103H, Fort Lauderdale, FL 33306, United States",+1 954-263-8298,https://patthegroomerfl.com/,"5V9Q+3Q Fort Lauderdale, Florida, USA",,added,False,False,info@patthegroomerfl.com
Tail Waggers Pet Grooming,2026-09-13,4.5,4.5 stars,Pet groomer,"3210 Stirling Rd, Hollywood, FL 33021, United States",+1 954-983-2373,https://tailwaggerspetgrooming.com/,"2RWG+XF Hollywood, Florida, USA",,added,False,False,
Koko-Bone Pet Boutique & Mobile Grooming,2026-09-13,4.7,4.7 stars,Pet groomer,"2215 N Commerce Pkwy, Weston, FL 33326, United States",+1 954-217-7050,https://www.koko-bone.com/,"3JVJ+2V Weston, Florida, USA",,added,False,False,kokoboneweston@gmail.com
Clean Paws Pet Salon and Resort,2026-09-13,4.5,4.5 stars,Pet groomer,"3030 Johnson St, Hollywood, FL 33021, United States",+1 954-927-4919,http://www.cleanpawsalon.com/,"2R9J+7C Hollywood, Florida, USA",,added,False,False,
Tails By The Sea Pet Grooming,2026-09-13,4.8,4.8 stars,Pet groomer,"263 Commercial Blvd #1, Lauderdale-By-The-Sea, FL 33308, United States",+1 954-772-8177,https://tailsbythesea.co/,"5VRX+4G Lauderdale-By-The-Sea, Florida, USA",,added,False,False,
Fort Lauderdale Mobile Pet Grooming,2026-09-13,5.0,5.0 stars,Pet groomer,"NE 15th Ave, Fort Lauderdale, FL 33304, United States",+1 954-210-5393,http://www.fortlauderdalegrooming.com/?utm_campaign=gmb,"4VRC+99 Fort Lauderdale, Florida, USA",,added,False,False,
Gaston Mobile Grooming Dog Boarding and Day Care,2026-09-13,4.9,4.9 stars,Pet groomer,"513 SW 14th Ct, Fort Lauderdale, FL 33315, United States",+1 786-669-4444,https://www.gastonmobilegrooming.com/,"4V32+HG Fort Lauderdale, Florida, USA",,added,False,False,gastonmobilegrooming@gmail.com
Tail Waggers Pet Grooming,2026-09-13,4.9,4.9 stars,Pet groomer,"1504 E Commercial Blvd, Oakland Park, FL 33334, United States",+1 954-636-8245,https://twpetgrooming.com/,"5VQC+GM Oakland Park, Florida, USA",,added,False,False,
Lolita Colitas Pet Home,2026-09-13,5.0,5.0 stars,Dog day care center,"1971 SW 37th Terrace, Fort Lauderdale, FL 33312, United States",+1 305-297-7842,http://www.booking.lolitacolita.com/,"3RW2+PV Fort Lauderdale, Florida, USA",,added,False,False,
The Original Auggies Pet Spa,2026-09-13,3.4,3.4 stars,Pet groomer,"1918 S Andrews Ave, Fort Lauderdale, FL 33316, United States",+1 954-830-4730,https://auggiespetsupplies.com/grooming/,"3VW5+WH Fort Lauderdale, Florida, USA",,added,False,False,info@auggiespetspa.com
Pete & Izzie's Social Club,2026-09-13,5.0,5.0 stars,Pet groomer,"3865 Powerline Rd, Oakland Park, FL 33309, United States",+1 954-701-9309,https://www.peteandizzies.com/,"5RFV+PX Oakland Park, Florida, USA",,added,False,False,beth@peteandizzies.com
Top Dog Mobile Grooming,2026-09-13,5.0,5.0 stars,Pet groomer,"805 NE 40th St, Oakland Park, FL 33334, United States",+1 954-849-0280,http://topdogmobile.net/,"5VG7+F8 Oakland Park, Florida, USA",,added,False,False,coastlinetree@gmail.com
Top Dog Mobile Grooming,2026-09-13,5.0,5.0 stars,Pet groomer,"805 NE 40th St, Oakland Park, FL 33334, United States",+1 954-849-0280,http://topdogmobile.net/,"5VG7+F8 Oakland Park, Florida, USA",,added,False,False,topdogftl@gmail.com
Social Pawz,2026-09-13,4.7,4.7 stars,Dog day care center,"1241 W Sunrise Blvd, Fort Lauderdale, FL 33311, United States",+1 954-533-9262,http://www.socialpawzftl.com/,"4RPR+RQ Fort Lauderdale, Florida, USA",,added,False,False,info@socialpawz.com
Social Pawz,2026-09-13,4.7,4.7 stars,Dog day care center,"1241 W Sunrise Blvd, Fort Lauderdale, FL 33311, United States",+1 954-533-9262,http://www.socialpawzftl.com/,"4RPR+RQ Fort Lauderdale, Florida, USA",,added,False,False,info@socialpawzftl.com
Social Pawz,2026-09-13,4.7,4.7 stars,Dog day care center,"1241 W Sunrise Blvd, Fort Lauderdale, FL 33311, United States",+1 954-533-9262,http://www.socialpawzftl.com/,"4RPR+RQ Fort Lauderdale, Florida, USA",,added,False,False,john@doe.com
The Pretty Paw Grooming And Day Spa,2026-09-13,5.0,5.0 stars,Pet groomer,"3319 E Oakland Park Blvd, Fort Lauderdale, FL 33308, United States",+1 954-614-5444,https://www.prettypawgroominganddayspa.com/,"5V9X+48 Fort Lauderdale, Florida, USA",,added,False,False,email@example.com
The Pretty Paw Grooming And Day Spa,2026-09-13,5.0,5.0 stars,Pet groomer,"3319 E Oakland Park Blvd, Fort Lauderdale, FL 33308, United States",+1 954-614-5444,https://www.prettypawgroominganddayspa.com/,"5V9X+48 Fort Lauderdale, Florida, USA",,added,False,False,theprettypawfortl@gmail.com
The Pretty Paw Grooming And Day Spa,2026-09-13,5.0,5.0 stars,Pet groomer,"3319 E Oakland Park Blvd, Fort Lauderdale, FL 33308, United States",+1 954-614-5444,https://www.prettypawgroominganddayspa.com/,"5V9X+48 Fort Lauderdale, Florida, USA",,added,False,False,theprettypawpointpleasant@gmail.com
Dog Spot,2026-09-13,4.9,4.9 stars,Pet groomer,"602 E McNab Rd, Pompano Beach, FL 33060, United States",+1 954-261-0016,https://builder.madder.io/free/dogspot/dogspot,"6V6P+9M Pompano Beach, Florida, USA",,added,False,False,
Suzie's Place Pet Grooming,2026-09-13,4.7,4.7 stars,Pet groomer,"1565 NE 26th St, Wilton Manors, FL 33305, United States",+1 954-563-5674,http://www.suziesplace.net/,"5V6F+37 Wilton Manors, Florida, USA",,added,False,False,emailsuziesplace@gmail.com
Suzie's Place Pet Grooming,2026-09-13,4.7,4.7 stars,Pet groomer,"1565 NE 26th St, Wilton Manors, FL 33305, United States",+1 954-563-5674,http://www.suziesplace.net/,"5V6F+37 Wilton Manors, Florida, USA",,added,False,False,user@domain.com
Fort Lauderdale Top Mobile Pet Grooming,2026-09-13,4.7,4.7 stars,Pet groomer,,+1 954-998-0094,https://www.mobilepetgroomingfortlauderdale.com/,,,added,False,False,pvirtualmarketing@gmail.com
Barker's Lane,2026-09-13,4.8,4.8 stars,Pet groomer,"6963 Stirling Rd, Davie, FL 33314, United States",+1 954-581-1177,https://barkerslane.com/,"2QW6+HJ Davie, Florida, USA",,added,False,False,
Mobile Pet Grooming Pro,2026-09-13,4.9,4.9 stars,Pet groomer,,+1 954-682-0083,https://www.mobilepetgroomingpro.com/,,,added,False,False,info@mobilepetgroomingpro.com
Wilton Waggerz,2026-09-13,4.6,4.6 stars,Pet groomer,"1674 E Oakland Park Blvd, Oakland Park, FL 33334, United States",+1 954-630-1751,http://www.wiltonwaggerz.com/,"5V8G+J6 Oakland Park, Florida, USA",,added,False,False,wiltonwaggerz@gmail.com
"Lovely hounds | Pet Grooming in Cooper City, FL",2026-09-13,4.9,4.9 stars,Pet groomer,"9640 Stirling Rd Unit 105, Hollywood, FL 33024, United States",+1 954-993-5102,https://lovelyhounds.com/booking/,"2PVG+C8 Hollywood, Florida, USA",,added,False,False,example@gmail.com
"Lovely hounds | Pet Grooming in Cooper City, FL",2026-09-13,4.9,4.9 stars,Pet groomer,"9640 Stirling Rd Unit 105, Hollywood, FL 33024, United States",+1 954-993-5102,https://lovelyhounds.com/booking/,"2PVG+C8 Hollywood, Florida, USA",,added,False,False,info@lovelyhounds.com
Woof Gang Bakery & Grooming Aventura,2026-09-13,4.7,4.7 stars,Pet groomer,"18800 NE 29th Ave PH 6, Aventura, FL 33180, United States",+1 786-900-9663,http://www.woofgangspa.com/,"WVX4+VM Aventura, Florida, USA",,added,False,False,
Canine Beach Pet Grooming,2026-09-13,4.8,4.8 stars,Pet groomer,"341 NE 44th St, Oakland Park, FL 33334, United States",+1 754-366-3648,https://caninebeachgrooming.com/,"5VJ5+M7 Oakland Park, Florida, USA",,added,False,False,
Fancy Pets Grooming,2026-09-13,4.9,4.9 stars,Pet groomer,"SW 70th Terrace, Davie, FL 33314, United States",+1 346-260-9221,https://fancypetsgroom.com/,"3QC5+9J Davie, Florida, USA",,added,False,False,amkryukov@gmail.com
Fancy Pets Grooming,2026-09-13,4.9,4.9 stars,Pet groomer,"SW 70th Terrace, Davie, FL 33314, United States",+1 346-260-9221,https://fancypetsgroom.com/,"3QC5+9J Davie, Florida, USA",,added,False,False,impallari@gmail.com
Fancy Pets Grooming,2026-09-13,4.9,4.9 stars,Pet groomer,"SW 70th Terrace, Davie, FL 33314, United States",+1 346-260-9221,https://fancypetsgroom.com/,"3QC5+9J Davie, Florida, USA",,added,False,False,typesetit@att.net
Phoenix Pet Salon,2026-09-13,4.7,4.7 stars,Pet groomer,"4238 SW 64th Ave, Davie, FL 33314, United States",+1 954-583-1547,http://www.phoenixpetsalon.com/,"3Q99+F6 Davie, Florida, USA",,added,False,False,
Mobile Pet cano Grooming,2026-09-13,4.9,4.9 stars,Pet groomer,"9640 Oakburst Ln, Tamarac, FL 33321, United States",+1 786-254-0222,https://petcanomobilepetgroomingnearme.com/,"6P39+3R Tamarac, Florida, USA",,added,False,False,
Luxury mobile pet grooming,2026-09-13,4.6,4.6 stars,Pet groomer,"6661 Garfield St, Hollywood, FL 33024, United States",+1 786-747-5445,https://luxurymobilepetgro.wixsite.com/luxurymobilepetgroom,"2QCH+5F Hollywood, Florida, USA",,added,False,False,luxurymobilepetgrooming@gmail.com
petbar Boutique Plantation,2026-09-13,4.9,4.9 stars,Pet groomer,"801 S University Dr Suite K102, Plantation, FL 33324, United States",+1 754-701-0972,http://www.petbarplantation.com/,"4P5W+QP Plantation, Florida, USA",,added,False,False,info@petbarinc.com
petbar Boutique Plantation,2026-09-13,4.9,4.9 stars,Pet groomer,"801 S University Dr Suite K102, Plantation, FL 33324, United States",+1 754-701-0972,http://www.petbarplantation.com/,"4P5W+QP Plantation, Florida, USA",,added,False,False,plantation@petbarboutique.com
Puppylicious Pet Grooming Salon & Academy,2026-09-13,4.8,4.8 stars,Pet groomer,"4967 Coconut Creek Pkwy, Coconut Creek, FL 33063, United States",+1 954-968-1113,http://www.puppyliciousgrooming.com/,"6RW5+35 Coconut Creek, Florida, USA",,added,False,False,puppyliciousgroomingsalon@gmail.com
Loving Care Pet Grooming,2026-09-13,4.7,4.7 stars,Pet groomer,"5311 W Broward Blvd, Plantation, FL 33317, United States",+1 954-791-5369,https://lovingcarepet.top/,"4QCJ+F2 Plantation, Florida, USA",,added,False,False,
Pet Paradise Ft. Lauderdale,2026-09-13,4.3,4.3 stars,Pet boarding service,"10401 Orange Dr, Davie, FL 33328, United States",+1 954-888-1866,https://www.petparadise.com/ft-lauderdale.htm,"3P87+7R Davie, Florida, USA",,added,False,False,amelia@petparadise.com
Pet Paradise Ft. Lauderdale,2026-09-13,4.3,4.3 stars,Pet boarding service,"10401 Orange Dr, Davie, FL 33328, United States",+1 954-888-1866,https://www.petparadise.com/ft-lauderdale.htm,"3P87+7R Davie, Florida, USA",,added,False,False,apollobeach@petparadise.com
Pet Paradise Ft. Lauderdale,2026-09-13,4.3,4.3 stars,Pet boarding service,"10401 Orange Dr, Davie, FL 33328, United States",+1 954-888-1866,https://www.petparadise.com/ft-lauderdale.htm,"3P87+7R Davie, Florida, USA",,added,False,False,atl@petparadise.com
Pet Paradise Ft. Lauderdale,2026-09-13,4.3,4.3 stars,Pet boarding service,"10401 Orange Dr, Davie, FL 33328, United States",+1 954-888-1866,https://www.petparadise.com/ft-lauderdale.htm,"3P87+7R Davie, Florida, USA",,added,False,False,ballantyne@petparadise.com
Pet Paradise Ft. Lauderdale,2026-09-13,4.3,4.3 stars,Pet boarding service,"10401 Orange Dr, Davie, FL 33328, United States",+1 954-888-1866,https://www.petparadise.com/ft-lauderdale.htm,"3P87+7R Davie, Florida, USA",,added,False,False,bartram@petparadise.com
Pet Paradise Ft. Lauderdale,2026-09-13,4.3,4.3 stars,Pet boarding service,"10401 Orange Dr, Davie, FL 33328, United States",+1 954-888-1866,https://www.petparadise.com/ft-lauderdale.htm,"3P87+7R Davie, Florida, USA",,added,False,False,birmingham@petparadise.com
Pet Paradise Ft. Lauderdale,2026-09-13,4.3,4.3 stars,Pet boarding service,"10401 Orange Dr, Davie, FL 33328, United States",+1 954-888-1866,https://www.petparadise.com/ft-lauderdale.htm,"3P87+7R Davie, Florida, USA",,added,False,False,bonitasprings@petparadise.com
Pet Paradise Ft. Lauderdale,2026-09-13,4.3,4.3 stars,Pet boarding service,"10401 Orange Dr, Davie, FL 33328, United States",+1 954-888-1866,https://www.petparadise.com/ft-lauderdale.htm,"3P87+7R Davie, Florida, USA",,added,False,False,cary@petparadise.com
Pet Paradise Ft. Lauderdale,2026-09-13,4.3,4.3 stars,Pet boarding service,"10401 Orange Dr, Davie, FL 33328, United States",+1 954-888-1866,https://www.petparadise.com/ft-lauderdale.htm,"3P87+7R Davie, Florida, USA",,added,False,False,cedarpark@petparadise.com
Pet Paradise Ft. Lauderdale,2026-09-13,4.3,4.3 stars,Pet boarding service,"10401 Orange Dr, Davie, FL 33328, United States",+1 954-888-1866,https://www.petparadise.com/ft-lauderdale.htm,"3P87+7R Davie, Florida, USA",,added,False,False,charlottesville@petparadise.com
Pet Paradise Ft. Lauderdale,2026-09-13,4.3,4.3 stars,Pet boarding service,"10401 Orange Dr, Davie, FL 33328, United States",+1 954-888-1866,https://www.petparadise.com/ft-lauderdale.htm,"3P87+7R Davie, Florida, USA",,added,False,False,chattanooga@petparadise.com
Pet Paradise Ft. Lauderdale,2026-09-13,4.3,4.3 stars,Pet boarding service,"10401 Orange Dr, Davie, FL 33328, United States",+1 954-888-1866,https://www.petparadise.com/ft-lauderdale.htm,"3P87+7R Davie, Florida, USA",,added,False,False,chesterfield@petparadise.com
Pet Paradise Ft. Lauderdale,2026-09-13,4.3,4.3 stars,Pet boarding service,"10401 Orange Dr, Davie, FL 33328, United States",+1 954-888-1866,https://www.petparadise.com/ft-lauderdale.htm,"3P87+7R Davie, Florida, USA",,added,False,False,clt@petparadise.com
Pet Paradise Ft. Lauderdale,2026-09-13,4.3,4.3 stars,Pet boarding service,"10401 Orange Dr, Davie, FL 33328, United States",+1 954-888-1866,https://www.petparadise.com/ft-lauderdale.htm,"3P87+7R Davie, Florida, USA",,added,False,False,coconutcreek@petparadise.com
Pet Paradise Ft. Lauderdale,2026-09-13,4.3,4.3 stars,Pet boarding service,"10401 Orange Dr, Davie, FL 33328, United States",+1 954-888-1866,https://www.petparadise.com/ft-lauderdale.htm,"3P87+7R Davie, Florida, USA",,added,False,False,columbia@petparadise.com
Pet Paradise Ft. Lauderdale,2026-09-13,4.3,4.3 stars,Pet boarding service,"10401 Orange Dr, Davie, FL 33328, United States",+1 954-888-1866,https://www.petparadise.com/ft-lauderdale.htm,"3P87+7R Davie, Florida, USA",,added,False,False,drippingsprings@petparadise.com
Pet Paradise Ft. Lauderdale,2026-09-13,4.3,4.3 stars,Pet boarding service,"10401 Orange Dr, Davie, FL 33328, United States",+1 954-888-1866,https://www.petparadise.com/ft-lauderdale.htm,"3P87+7R Davie, Florida, USA",,added,False,False,flemingisland@petparadise.com
Pet Paradise Ft. Lauderdale,2026-09-13,4.3,4.3 stars,Pet boarding service,"10401 Orange Dr, Davie, FL 33328, United States",+1 954-888-1866,https://www.petparadise.com/ft-lauderdale.htm,"3P87+7R Davie, Florida, USA",,added,False,False,ftl@petparadise.com
Pet Paradise Ft. Lauderdale,2026-09-13,4.3,4.3 stars,Pet boarding service,"10401 Orange Dr, Davie, FL 33328, United States",+1 954-888-1866,https://www.petparadise.com/ft-lauderdale.htm,"3P87+7R Davie, Florida, USA",,added,False,False,ftl@petparadiseresort.com
Pet Paradise Ft. Lauderdale,2026-09-13,4.3,4.3 stars,Pet boarding service,"10401 Orange Dr, Davie, FL 33328, United States",+1 954-888-1866,https://www.petparadise.com/ft-lauderdale.htm,"3P87+7R Davie, Florida, USA",,added,False,False,ftmyers@petparadise.com
Pet Paradise Ft. Lauderdale,2026-09-13,4.3,4.3 stars,Pet boarding service,"10401 Orange Dr, Davie, FL 33328, United States",+1 954-888-1866,https://www.petparadise.com/ft-lauderdale.htm,"3P87+7R Davie, Florida, USA",,added,False,False,georgetown@petparadise.com
Pet Paradise Ft. Lauderdale,2026-09-13,4.3,4.3 stars,Pet boarding service,"10401 Orange Dr, Davie, FL 33328, United States",+1 954-888-1866,https://www.petparadise.com/ft-lauderdale.htm,"3P87+7R Davie, Florida, USA",,added,False,False,greenville@petparadise.com
Pet Paradise Ft. Lauderdale,2026-09-13,4.3,4.3 stars,Pet boarding service,"10401 Orange Dr, Davie, FL 33328, United States",+1 954-888-1866,https://www.petparadise.com/ft-lauderdale.htm,"3P87+7R Davie, Florida, USA",,added,False,False,gv1@petparadise.com
Pet Paradise Ft. Lauderdale,2026-09-13,4.3,4.3 stars,Pet boarding service,"10401 Orange Dr, Davie, FL 33328, United States",+1 954-888-1866,https://www.petparadise.com/ft-lauderdale.htm,"3P87+7R Davie, Florida, USA",,added,False,False,hiltonhead@petparadise.com
Pet Paradise Ft. Lauderdale,2026-09-13,4.3,4.3 stars,Pet boarding service,"10401 Orange Dr, Davie, FL 33328, United States",+1 954-888-1866,https://www.petparadise.com/ft-lauderdale.htm,"3P87+7R Davie, Florida, USA",,added,False,False,hobby@petparadise.com
Pet Paradise Ft. Lauderdale,2026-09-13,4.3,4.3 stars,Pet boarding service,"10401 Orange Dr, Davie, FL 33328, United States",+1 954-888-1866,https://www.petparadise.com/ft-lauderdale.htm,"3P87+7R Davie, Florida, USA",,added,False,False,huntsville@petparadise.com
Pet Paradise Ft. Lauderdale,2026-09-13,4.3,4.3 stars,Pet boarding service,"10401 Orange Dr, Davie, FL 33328, United States",+1 954-888-1866,https://www.petparadise.com/ft-lauderdale.htm,"3P87+7R Davie, Florida, USA",,added,False,False,hv@petparadise.com
Pet Paradise Ft. Lauderdale,2026-09-13,4.3,4.3 stars,Pet boarding service,"10401 Orange Dr, Davie, FL 33328, United States",+1 954-888-1866,https://www.petparadise.com/ft-lauderdale.htm,"3P87+7R Davie, Florida, USA",,added,False,False,ja@petparadise.com
Pet Paradise Ft. Lauderdale,2026-09-13,4.3,4.3 stars,Pet boarding service,"10401 Orange Dr, Davie, FL 33328, United States",+1 954-888-1866,https://www.petparadise.com/ft-lauderdale.htm,"3P87+7R Davie, Florida, USA",,added,False,False,jaxvethospital@petparadise.com
Pet Paradise Ft. Lauderdale,2026-09-13,4.3,4.3 stars,Pet boarding service,"10401 Orange Dr, Davie, FL 33328, United States",+1 954-888-1866,https://www.petparadise.com/ft-lauderdale.htm,"3P87+7R Davie, Florida, USA",,added,False,False,kyle@petparadise.com
Pet Paradise Ft. Lauderdale,2026-09-13,4.3,4.3 stars,Pet boarding service,"10401 Orange Dr, Davie, FL 33328, United States",+1 954-888-1866,https://www.petparadise.com/ft-lauderdale.htm,"3P87+7R Davie, Florida, USA",,added,False,False,lakebuenavista@petparadise.com
Pet Paradise Ft. Lauderdale,2026-09-13,4.3,4.3 stars,Pet boarding service,"10401 Orange Dr, Davie, FL 33328, United States",+1 954-888-1866,https://www.petparadise.com/ft-lauderdale.htm,"3P87+7R Davie, Florida, USA",,added,False,False,lakenona@petparadise.com
Pet Paradise Ft. Lauderdale,2026-09-13,4.3,4.3 stars,Pet boarding service,"10401 Orange Dr, Davie, FL 33328, United States",+1 954-888-1866,https://www.petparadise.com/ft-lauderdale.htm,"3P87+7R Davie, Florida, USA",,added,False,False,lakewood@petparadise.com
Pet Paradise Ft. Lauderdale,2026-09-13,4.3,4.3 stars,Pet boarding service,"10401 Orange Dr, Davie, FL 33328, United States",+1 954-888-1866,https://www.petparadise.com/ft-lauderdale.htm,"3P87+7R Davie, Florida, USA",,added,False,False,lawrenceville@petparadise.com
Pet Paradise Ft. Lauderdale,2026-09-13,4.3,4.3 stars,Pet boarding service,"10401 Orange Dr, Davie, FL 33328, United States",+1 954-888-1866,https://www.petparadise.com/ft-lauderdale.htm,"3P87+7R Davie, Florida, USA",,added,False,False,lc@petparadise.com
Pet Paradise Ft. Lauderdale,2026-09-13,4.3,4.3 stars,Pet boarding service,"10401 Orange Dr, Davie, FL 33328, United States",+1 954-888-1866,https://www.petparadise.com/ft-lauderdale.htm,"3P87+7R Davie, Florida, USA",,added,False,False,ln@petparadise.com
Pet Paradise Ft. Lauderdale,2026-09-13,4.3,4.3 stars,Pet boarding service,"10401 Orange Dr, Davie, FL 33328, United States",+1 954-888-1866,https://www.petparadise.com/ft-lauderdale.htm,"3P87+7R Davie, Florida, USA",,added,False,False,matthews@petparadise.com
Pet Paradise Ft. Lauderdale,2026-09-13,4.3,4.3 stars,Pet boarding service,"10401 Orange Dr, Davie, FL 33328, United States",+1 954-888-1866,https://www.petparadise.com/ft-lauderdale.htm,"3P87+7R Davie, Florida, USA",,added,False,False,mooresville@petparadise.com
Pet Paradise Ft. Lauderdale,2026-09-13,4.3,4.3 stars,Pet boarding service,"10401 Orange Dr, Davie, FL 33328, United States",+1 954-888-1866,https://www.petparadise.com/ft-lauderdale.htm,"3P87+7R Davie, Florida, USA",,added,False,False,murfreesboro@petparadise.com
Pet Paradise Ft. Lauderdale,2026-09-13,4.3,4.3 stars,Pet boarding service,"10401 Orange Dr, Davie, FL 33328, United States",+1 954-888-1866,https://www.petparadise.com/ft-lauderdale.htm,"3P87+7R Davie, Florida, USA",,added,False,False,naples@petparadise.com
Pet Paradise Ft. Lauderdale,2026-09-13,4.3,4.3 stars,Pet boarding service,"10401 Orange Dr, Davie, FL 33328, United States",+1 954-888-1866,https://www.petparadise.com/ft-lauderdale.htm,"3P87+7R Davie, Florida, USA",,added,False,False,oakleaf@petparadise.com
Pet Paradise Ft. Lauderdale,2026-09-13,4.3,4.3 stars,Pet boarding service,"10401 Orange Dr, Davie, FL 33328, United States",+1 954-888-1866,https://www.petparadise.com/ft-lauderdale.htm,"3P87+7R Davie, Florida, USA",,added,False,False,ocala@petparadise.com
Pet Paradise Ft. Lauderdale,2026-09-13,4.3,4.3 stars,Pet boarding service,"10401 Orange Dr, Davie, FL 33328, United States",+1 954-888-1866,https://www.petparadise.com/ft-lauderdale.htm,"3P87+7R Davie, Florida, USA",,added,False,False,odessa@petparadise.com
Pet Paradise Ft. Lauderdale,2026-09-13,4.3,4.3 stars,Pet boarding service,"10401 Orange Dr, Davie, FL 33328, United States",+1 954-888-1866,https://www.petparadise.com/ft-lauderdale.htm,"3P87+7R Davie, Florida, USA",,added,False,False,om@petparadise.com
Pet Paradise Ft. Lauderdale,2026-09-13,4.3,4.3 stars,Pet boarding service,"10401 Orange Dr, Davie, FL 33328, United States",+1 954-888-1866,https://www.petparadise.com/ft-lauderdale.htm,"3P87+7R Davie, Florida, USA",,added,False,False,palm@petparadise.com
Pet Paradise Ft. Lauderdale,2026-09-13,4.3,4.3 stars,Pet boarding service,"10401 Orange Dr, Davie, FL 33328, United States",+1 954-888-1866,https://www.petparadise.com/ft-lauderdale.htm,"3P87+7R Davie, Florida, USA",,added,False,False,palmcity@petparadise.com
Pet Paradise Ft. Lauderdale,2026-09-13,4.3,4.3 stars,Pet boarding service,"10401 Orange Dr, Davie, FL 33328, United States",+1 954-888-1866,https://www.petparadise.com/ft-lauderdale.htm,"3P87+7R Davie, Florida, USA",,added,False,False,pc@petparadise.com
Pet Paradise Ft. Lauderdale,2026-09-13,4.3,4.3 stars,Pet boarding service,"10401 Orange Dr, Davie, FL 33328, United States",+1 954-888-1866,https://www.petparadise.com/ft-lauderdale.htm,"3P87+7R Davie, Florida, USA",,added,False,False,peachtreecity@petparadise.com
Pet Paradise Ft. Lauderdale,2026-09-13,4.3,4.3 stars,Pet boarding service,"10401 Orange Dr, Davie, FL 33328, United States",+1 954-888-1866,https://www.petparadise.com/ft-lauderdale.htm,"3P87+7R Davie, Florida, USA",,added,False,False,plano@petparadise.com
Pet Paradise Ft. Lauderdale,2026-09-13,4.3,4.3 stars,Pet boarding service,"10401 Orange Dr, Davie, FL 33328, United States",+1 954-888-1866,https://www.petparadise.com/ft-lauderdale.htm,"3P87+7R Davie, Florida, USA",,added,False,False,pooler@petparadise.com
Pet Paradise Ft. Lauderdale,2026-09-13,4.3,4.3 stars,Pet boarding service,"10401 Orange Dr, Davie, FL 33328, United States",+1 954-888-1866,https://www.petparadise.com/ft-lauderdale.htm,"3P87+7R Davie, Florida, USA",,added,False,False,ppcuster@petparadise.com
Pet Paradise Ft. Lauderdale,2026-09-13,4.3,4.3 stars,Pet boarding service,"10401 Orange Dr, Davie, FL 33328, United States",+1 954-888-1866,https://www.petparadise.com/ft-lauderdale.htm,"3P87+7R Davie, Florida, USA",,added,False,False,richmondairport@petparadise.com
Pet Paradise Ft. Lauderdale,2026-09-13,4.3,4.3 stars,Pet boarding service,"10401 Orange Dr, Davie, FL 33328, United States",+1 954-888-1866,https://www.petparadise.com/ft-lauderdale.htm,"3P87+7R Davie, Florida, USA",,added,False,False,sa@petparadise.com
Pet Paradise Ft. Lauderdale,2026-09-13,4.3,4.3 stars,Pet boarding service,"10401 Orange Dr, Davie, FL 33328, United States",+1 954-888-1866,https://www.petparadise.com/ft-lauderdale.htm,"3P87+7R Davie, Florida, USA",,added,False,False,sanford@petparadise.com
Pet Paradise Ft. Lauderdale,2026-09-13,4.3,4.3 stars,Pet boarding service,"10401 Orange Dr, Davie, FL 33328, United States",+1 954-888-1866,https://www.petparadise.com/ft-lauderdale.htm,"3P87+7R Davie, Florida, USA",,added,False,False,snellville@petparadise.com
Pet Paradise Ft. Lauderdale,2026-09-13,4.3,4.3 stars,Pet boarding service,"10401 Orange Dr, Davie, FL 33328, United States",+1 954-888-1866,https://www.petparadise.com/ft-lauderdale.htm,"3P87+7R Davie, Florida, USA",,added,False,False,stjohnswgv@petparadise.com
Pet Paradise Ft. Lauderdale,2026-09-13,4.3,4.3 stars,Pet boarding service,"10401 Orange Dr, Davie, FL 33328, United States",+1 954-888-1866,https://www.petparadise.com/ft-lauderdale.htm,"3P87+7R Davie, Florida, USA",,added,False,False,stoneoak@petparadise.com
Pet Paradise Ft. Lauderdale,2026-09-13,4.3,4.3 stars,Pet boarding service,"10401 Orange Dr, Davie, FL 33328, United States",+1 954-888-1866,https://www.petparadise.com/ft-lauderdale.htm,"3P87+7R Davie, Florida, USA",,added,False,False,tal@petparadise.com
Pet Paradise Ft. Lauderdale,2026-09-13,4.3,4.3 stars,Pet boarding service,"10401 Orange Dr, Davie, FL 33328, United States",+1 954-888-1866,https://www.petparadise.com/ft-lauderdale.htm,"3P87+7R Davie, Florida, USA",,added,False,False,university@petparadise.com
Pet Paradise Ft. Lauderdale,2026-09-13,4.3,4.3 stars,Pet boarding service,"10401 Orange Dr, Davie, FL 33328, United States",+1 954-888-1866,https://www.petparadise.com/ft-lauderdale.htm,"3P87+7R Davie, Florida, USA",,added,False,False,viera@petparadise.com
Pet Paradise Ft. Lauderdale,2026-09-13,4.3,4.3 stars,Pet boarding service,"10401 Orange Dr, Davie, FL 33328, United States",+1 954-888-1866,https://www.petparadise.com/ft-lauderdale.htm,"3P87+7R Davie, Florida, USA",,added,False,False,wc@petparadise.com
Pet Paradise Ft. Lauderdale,2026-09-13,4.3,4.3 stars,Pet boarding service,"10401 Orange Dr, Davie, FL 33328, United States",+1 954-888-1866,https://www.petparadise.com/ft-lauderdale.htm,"3P87+7R Davie, Florida, USA",,added,False,False,wchapel@petparadise.com
Pet Paradise Ft. Lauderdale,2026-09-13,4.3,4.3 stars,Pet boarding service,"10401 Orange Dr, Davie, FL 33328, United States",+1 954-888-1866,https://www.petparadise.com/ft-lauderdale.htm,"3P87+7R Davie, Florida, USA",,added,False,False,wilmington@petparadise.com
Pet Paradise Ft. Lauderdale,2026-09-13,4.3,4.3 stars,Pet boarding service,"10401 Orange Dr, Davie, FL 33328, United States",+1 954-888-1866,https://www.petparadise.com/ft-lauderdale.htm,"3P87+7R Davie, Florida, USA",,added,False,False,wintergarden@petparadise.com
Pet Paradise Ft. Lauderdale,2026-09-13,4.3,4.3 stars,Pet boarding service,"10401 Orange Dr, Davie, FL 33328, United States",+1 954-888-1866,https://www.petparadise.com/ft-lauderdale.htm,"3P87+7R Davie, Florida, USA",,added,False,False,woodstock@petparadise.com
Grimes & Groomes (Claudia's Dog Grooming),2026-09-13,5.0,5.0 stars,Pet groomer,"1819 Adventure Pl, North Lauderdale, FL 33068, United States",+1 787-619-8744,https://instagram.com/grimesandgroomes,"6Q3H+GJ North Lauderdale, Florida, USA",,added,False,False,
Lauderdale Pet Lodge,2026-09-13,4.7,4.7 stars,Pet boarding service,"2604 S Federal Hwy, Fort Lauderdale, FL 33316, United States",+1 954-642-1984,https://www.petlodgeofsouthflorida.com/locations/lauderdale-pet-lodge?utm_source=gmb&utm_medium=organic&y_source=1_MTE2NjkwNTItNzE1LWxvY2F0aW9uLndlYnNpdGU%3D,"3VR7+6J Fort Lauderdale, Florida, USA",,added,False,False,privacy@nva.com
Lauderdale Pet Lodge,2026-09-13,4.7,4.7 stars,Pet boarding service,"2604 S Federal Hwy, Fort Lauderdale, FL 33316, United States",+1 954-642-1984,https://www.petlodgeofsouthflorida.com/locations/lauderdale-pet-lodge?utm_source=gmb&utm_medium=organic&y_source=1_MTE2NjkwNTItNzE1LWxvY2F0aW9uLndlYnNpdGU%3D,"3VR7+6J Fort Lauderdale, Florida, USA",,added,False,False,website-accessibility@nva.com
Iron Pet Grooming Salon,2026-09-13,4.8,4.8 stars,Pet groomer,,+1 954-588-4411,http://www.ironpetgrooming.com/,,,added,False,False,info@ironpetgrooming.com
Mobile Star Pets Grooming,2026-09-13,4.8,4.8 stars,Pet groomer,"901 S Federal Hwy, Hollywood, FL 33020, United States",+1 954-681-1720,http://www.starpetsgrooming.com/,"2V35+H2 Hollywood, Florida, USA",,added,False,False,
Pretty Poodles and Pets,2026-09-13,4.6,4.6 stars,Pet groomer,"6905 W Broward Blvd #117, Plantation, FL 33317, United States",+1 954-587-0690,http://prettypoodlesandpet.com/,"4QC6+WH Plantation, Florida, USA",,added,False,False,
"Wilton's Manor Doggie Daycare, Resort & Spa",2026-09-13,4.6,4.6 stars,Dog day care center,"2155 N Dixie Hwy, Wilton Manors, FL 33305, United States",+1 754-223-4776,http://www.wiltonsmanor.com/,"5V49+P4 Wilton Manors, Florida, USA",,added,False,False,abc@abc.abc
"Wilton's Manor Doggie Daycare, Resort & Spa",2026-09-13,4.6,4.6 stars,Dog day care center,"2155 N Dixie Hwy, Wilton Manors, FL 33305, United States",+1 754-223-4776,http://www.wiltonsmanor.com/,"5V49+P4 Wilton Manors, Florida, USA",,added,False,False,alan@wiltonsmanor.com
"Wilton's Manor Doggie Daycare, Resort & Spa",2026-09-13,4.6,4.6 stars,Dog day care center,"2155 N Dixie Hwy, Wilton Manors, FL 33305, United States",+1 754-223-4776,http://www.wiltonsmanor.com/,"5V49+P4 Wilton Manors, Florida, USA",,added,False,False,josh@wiltonsmanor.com
The Pet Spa On Wheels,2026-09-13,5.0,5.0 stars,Pet groomer,,+1 754-207-5076,http://www.petspaonwheels.com/,,,added,False,False,info@tudominio.com
The Pet Spa On Wheels,2026-09-13,5.0,5.0 stars,Pet groomer,,+1 754-207-5076,http://www.petspaonwheels.com/,,,added,False,False,thepetspaonwheels@gmail.com
Ruby Clippers Pet Grooming and Photo Studio,2026-09-13,4.7,4.7 stars,Pet groomer,"880 E Oakland Park Blvd #2729, Oakland Park, FL 33334, United States",+1 954-564-2770,https://www.rubyclippersfl.com/,"5V88+H6 Oakland Park, Florida, USA",,added,False,False,chenowith52@gmail.com
Ruby Clippers Pet Grooming and Photo Studio,2026-09-13,4.7,4.7 stars,Pet groomer,"880 E Oakland Park Blvd #2729, Oakland Park, FL 33334, United States",+1 954-564-2770,https://www.rubyclippersfl.com/,"5V88+H6 Oakland Park, Florida, USA",,added,False,False,rubyclippers@gmail.com
Ruby Clippers Pet Grooming and Photo Studio,2026-09-13,4.7,4.7 stars,Pet groomer,"880 E Oakland Park Blvd #2729, Oakland Park, FL 33334, United States",+1 954-564-2770,https://www.rubyclippersfl.com/,"5V88+H6 Oakland Park, Florida, USA",,added,False,False,test@gmail.com
Ruby Clippers Pet Grooming and Photo Studio,2026-09-13,4.7,4.7 stars,Pet groomer,"880 E Oakland Park Blvd #2729, Oakland Park, FL 33334, United States",+1 954-564-2770,https://www.rubyclippersfl.com/,"5V88+H6 Oakland Park, Florida, USA",,added,False,False,test@mail.com
Ruby Clippers Pet Grooming and Photo Studio,2026-09-13,4.7,4.7 stars,Pet groomer,"880 E Oakland Park Blvd #2729, Oakland Park, FL 33334, United States",+1 954-564-2770,https://www.rubyclippersfl.com/,"5V88+H6 Oakland Park, Florida, USA",,added,False,False,test@test.com
Tail Waggers Pet Grooming,2026-09-13,4.5,4.5 stars,Pet groomer,"3210 Stirling Rd, Hollywood, FL 33021, United States",+1 954-983-2373,https://tailwaggerspetgrooming.com/,"2RWG+XF Hollywood, Florida, USA",,added,False,False,
Boss the Pet Connection,2026-09-13,4.7,4.7 stars,Pet groomer,"2063 N University Dr, Sunrise, FL 33322, United States",+1 954-572-2677,http://www.bossthepetconnection.com/,"5P2R+9F Sunrise, Florida, USA",,added,False,False,
